<?xml version="1.0" encoding="UTF-8"?>

<!--
 * See the NOTICE file distributed with this work for additional
 * information regarding copyright ownership.
 *
 * This is free software; you can redistribute it and/or modify it
 * under the terms of the GNU Lesser General Public License as
 * published by the Free Software Foundation; either version 2.1 of
 * the License, or (at your option) any later version.
 *
 * This software is distributed in the hope that it will be useful,
 * but WITHOUT ANY WARRANTY; without even the implied warranty of
 * MERCHANTABILITY or FITNESS FOR A PARTICULAR PURPOSE. See the GNU
 * Lesser General Public License for more details.
 *
 * You should have received a copy of the GNU Lesser General Public
 * License along with this software; if not, write to the Free
 * Software Foundation, Inc., 51 Franklin St, Fifth Floor, Boston, MA
 * 02110-1301 USA, or see the FSF site: http://www.fsf.org.
-->

<xwikidoc version="1.1">
  <web>AppWithinMinutes</web>
  <name>Title</name>
  <language/>
  <defaultLanguage/>
  <translation>0</translation>
  <creator>xwiki:XWiki.Admin</creator>
  <creationDate>1352135286000</creationDate>
  <parent>AppWithinMinutes.FormFieldClass</parent>
  <author>xwiki:XWiki.Admin</author>
  <contentAuthor>xwiki:XWiki.Admin</contentAuthor>
  <date>1352137695000</date>
  <contentUpdateDate>1352137695000</contentUpdateDate>
  <version>1.1</version>
  <title>$services.localization.render('platform.appwithinminutes.classEditorTitleFieldName')</title>
  <comment/>
  <minorEdit>false</minorEdit>
  <syntaxId>xwiki/2.1</syntaxId>
  <hidden>true</hidden>
  <content>{{velocity}}
#if ($type == 'edit')
  #set ($className = $object.getxWikiClass().name)
  #if ($doc.fullName == $className)
    ## We are editing the class so the title must be read from / written to the template document.
    #set ($name = 'templateTitle')
    #set ($value = $xwiki.getDocument("$stringtool.removeEnd($className, 'Class')Template").title)
  #else
    ## We are editing an application entry so the title must be read from / written to the current document.
    #set ($name = 'title')
    #set ($value = $tdoc.title)
    #if ("$!value" == '')
      #set ($value = $tdoc.name)
    #end
  #end
  {{html clean="false"}}
  &lt;input type="text" name="$name" value="$!escapetool.xml($value)"
    #if ($xwiki.getXWikiPreference('xwiki.title.mandatory') == 1)class="required"#end/&gt;
  {{/html}}
#elseif ("$!type" != '')
  ## Render the title of the current document.
  {{html}}$tdoc.getRenderedTitle('xhtml/1.0'){{/html}}
#else
  The display mode is not specified!
#end
{{/velocity}}</content>
  <class>
    <name>AppWithinMinutes.Title</name>
    <customClass/>
    <customMapping/>
    <defaultViewSheet/>
    <defaultEditSheet/>
    <defaultWeb/>
    <nameField/>
    <validationScript/>
    <title>
      <customDisplay>{{include reference="AppWithinMinutes.Title"/}}</customDisplay>
      <disabled>0</disabled>
      <name>title</name>
      <number>1</number>
      <prettyName>Title</prettyName>
      <script/>
      <unmodifiable>0</unmodifiable>
      <validationMessage/>
      <validationRegExp/>
      <classType>com.xpn.xwiki.objects.classes.ComputedFieldClass</classType>
    </title>
  </class>
  <object>
    <name>AppWithinMinutes.Title</name>
    <number>0</number>
    <className>AppWithinMinutes.FormFieldClass</className>
    <guid>6a3b76c3-1537-42b6-bf0a-017ba10070c3</guid>
    <class>
      <name>AppWithinMinutes.FormFieldClass</name>
      <customClass/>
      <customMapping/>
      <defaultViewSheet/>
      <defaultEditSheet/>
      <defaultWeb/>
      <nameField/>
      <validationScript/>
      <category>
        <cache>0</cache>
        <classname>AppWithinMinutes.FormFieldCategoryClass</classname>
        <customDisplay/>
        <disabled>0</disabled>
        <displayType>select</displayType>
        <idField/>
        <multiSelect>0</multiSelect>
        <name>category</name>
        <number>2</number>
        <picker>0</picker>
        <prettyName>Category</prettyName>
        <relationalStorage>0</relationalStorage>
        <separator> </separator>
        <separators/>
        <size>1</size>
        <sort>none</sort>
        <sql/>
        <unmodifiable>0</unmodifiable>
        <validationMessage/>
        <validationRegExp/>
        <valueField/>
        <classType>com.xpn.xwiki.objects.classes.DBListClass</classType>
      </category>
      <icon>
        <customDisplay/>
        <disabled>0</disabled>
        <name>icon</name>
        <number>2</number>
        <picker>0</picker>
        <prettyName>Icon</prettyName>
        <size>30</size>
        <unmodifiable>0</unmodifiable>
        <validationMessage/>
        <validationRegExp/>
        <classType>com.xpn.xwiki.objects.classes.StringClass</classType>
      </icon>
      <priority>
        <customDisplay/>
        <disabled>0</disabled>
        <name>priority</name>
        <number>3</number>
        <numberType>long</numberType>
        <prettyName>Priority</prettyName>
        <size>30</size>
        <unmodifiable>0</unmodifiable>
        <validationMessage/>
        <validationRegExp/>
        <classType>com.xpn.xwiki.objects.classes.NumberClass</classType>
      </priority>
      <properties>
        <customDisplay/>
        <disabled>0</disabled>
        <name>properties</name>
        <number>5</number>
        <picker>0</picker>
        <prettyName>Properties</prettyName>
        <size>30</size>
        <unmodifiable>0</unmodifiable>
        <validationMessage/>
        <validationRegExp/>
        <classType>com.xpn.xwiki.objects.classes.StringClass</classType>
      </properties>
    </class>
    <property>
      <category>AppWithinMinutes.Document</category>
    </property>
    <property>
      <icon>icons/silk/text_heading_1.png</icon>
    </property>
    <property>
      <priority>1</priority>
    </property>
    <property>
      <properties/>
    </property>
  </object>
</xwikidoc>
