<?xml version="1.0" encoding="UTF-8"?>

<!--
 * See the NOTICE file distributed with this work for additional
 * information regarding copyright ownership.
 *
 * This is free software; you can redistribute it and/or modify it
 * under the terms of the GNU Lesser General Public License as
 * published by the Free Software Foundation; either version 2.1 of
 * the License, or (at your option) any later version.
 *
 * This software is distributed in the hope that it will be useful,
 * but WITHOUT ANY WARRANTY; without even the implied warranty of
 * MERCHANTABILITY or FITNESS FOR A PARTICULAR PURPOSE. See the GNU
 * Lesser General Public License for more details.
 *
 * You should have received a copy of the GNU Lesser General Public
 * License along with this software; if not, write to the Free
 * Software Foundation, Inc., 51 Franklin St, Fifth Floor, Boston, MA
 * 02110-1301 USA, or see the FSF site: http://www.fsf.org.
-->

<xwikidoc>
  <web>XAppResources</web>
  <name>Translations</name>
  <language/>
  <defaultLanguage>en</defaultLanguage>
  <translation>0</translation>
  <parent>XAppResources.WebHome</parent>
  <creator>xwiki:XWiki.Admin</creator>
  <author>xwiki:XWiki.Admin</author>
  <customClass/>
  <contentAuthor>xwiki:XWiki.Admin</contentAuthor>
  <creationDate>1192218584000</creationDate>
  <date>1357298547000</date>
  <contentUpdateDate>1357298544000</contentUpdateDate>
  <version>1.1</version>
  <title/>
  <template/>
  <defaultTemplate/>
  <validationScript/>
  <comment/>
  <minorEdit>false</minorEdit>
  <syntaxId>xwiki/2.0</syntaxId>
  <hidden>true</hidden>
  <object>
    <class>
      <name>XWiki.TranslationDocumentClass</name>
      <customClass/>
      <customMapping/>
      <defaultViewSheet/>
      <defaultEditSheet/>
      <defaultWeb/>
      <nameField/>
      <validationScript/>
      <scope>
        <cache>0</cache>
        <disabled>0</disabled>
        <displayType>select</displayType>
        <multiSelect>0</multiSelect>
        <name>scope</name>
        <number>1</number>
        <prettyName>Scope</prettyName>
        <relationalStorage>0</relationalStorage>
        <separator> </separator>
        <separators> ,|</separators>
        <size>1</size>
        <unmodifiable>0</unmodifiable>
        <values>GLOBAL|WIKI|USER|ON_DEMAND</values>
        <classType>com.xpn.xwiki.objects.classes.StaticListClass</classType>
      </scope>
    </class>
    <name>XAppResources.Translations</name>
    <number>0</number>
    <className>XWiki.TranslationDocumentClass</className>
    <guid>6d4487f8-98a0-41a0-9cff-944312bf357b</guid>
    <property>
      <scope>WIKI</scope>
    </property>
  </object>
  <content>{{{
# Application Manager translation page
xapp.appmanager=Applications manager
xapp.pluginnotenabled=The Application Manager plugin is not enabled. This page will not work properly. Make sure "com.xpn.xwiki.plugin.applicationmanager.ApplicationManagerPlugin" is listed in xwiki.plugins parameter in xwiki.cfg file.

# LABELS
xapp.totalnumberofapp=Total number of applications
xapp.appname=Application name
xapp.description=Description
xapp.docname=Page Name
xapp.availablefilestoimport=Available files to import
xapp.legend.application=Application
xapp.legend.validate=Validate

# ACTIONS
xapp.createapplication=Create new application
xapp.action.reloadapp=Reload
xapp.action.exportrecurse=Export
xapp.action.exportnonrecurse=Export (non recursive)

# ANSWER
xapp.answer.deleteapp.title=Delete application \"{0}\"
xapp.answer.deleteapp.msg=Are you sure you wish to delete application \"{0}\" ?
xapp.answer.exportapp.title=Export application \"{0}\"
xapp.answer.exportapp.recursive=Recursive
xapp.answer.exportapp.withdetails=With history

# MESSAGES
xapp.successexportapp=Export application \"{0}\" succes.
xapp.errorexportapp=An error occurred while exporting application \"{0}\" (code \"{1}\").
xapp.successimportapp=Import application package \"{0}\" succes.
xapp.errorimportapp=An error occurred while importing application package \"{0}\" (code \"{1}\").
xapp.successdeleteapp=Delete application \"{0}\" succes.
xapp.errordeleteapp=An error occurred while deleting application \"{0}\" (code \"{1}\").
xapp.successcreateapp=Application \"{0}\" has been created. You can access it at [{1}].
xapp.errorcreateapp=An error occurred while creating application \"{0}\" (code \"{1}\").
xapp.errorcreateapp.ERROR_AM_APPDOCALREADYEXISTS=Application \"{0}\" already exists. Choose another name.
xapp.successreloadapp=Reload application \"{0}\" succes.
xapp.errorreloadapp=An error occurred while reloading application \"{0}\" (code \"{1}\").
}}}</content>
</xwikidoc>
