<?xml version="1.0" encoding="UTF-8"?>

<!--
 * See the NOTICE file distributed with this work for additional
 * information regarding copyright ownership.
 *
 * This is free software; you can redistribute it and/or modify it
 * under the terms of the GNU Lesser General Public License as
 * published by the Free Software Foundation; either version 2.1 of
 * the License, or (at your option) any later version.
 *
 * This software is distributed in the hope that it will be useful,
 * but WITHOUT ANY WARRANTY; without even the implied warranty of
 * MERCHANTABILITY or FITNESS FOR A PARTICULAR PURPOSE. See the GNU
 * Lesser General Public License for more details.
 *
 * You should have received a copy of the GNU Lesser General Public
 * License along with this software; if not, write to the Free
 * Software Foundation, Inc., 51 Franklin St, Fifth Floor, Boston, MA
 * 02110-1301 USA, or see the FSF site: http://www.fsf.org.
-->

<xwikidoc version="1.1">
  <web>AppWithinMinutes</web>
  <name>LiveTableClass</name>
  <language/>
  <defaultLanguage/>
  <translation>0</translation>
  <creator>xwiki:XWiki.Admin</creator>
  <creationDate>1321021000000</creationDate>
  <parent>AppWithinMinutes.WebHome</parent>
  <author>xwiki:XWiki.Admin</author>
  <contentAuthor>xwiki:XWiki.Admin</contentAuthor>
  <date>1321364405000</date>
  <contentUpdateDate>1321364405000</contentUpdateDate>
  <version>1.1</version>
  <title>LiveTable Class</title>
  <comment/>
  <minorEdit>false</minorEdit>
  <syntaxId>xwiki/2.0</syntaxId>
  <hidden>true</hidden>
  <content/>
  <class>
    <name>AppWithinMinutes.LiveTableClass</name>
    <customClass/>
    <customMapping/>
    <defaultViewSheet/>
    <defaultEditSheet/>
    <defaultWeb/>
    <nameField/>
    <validationScript/>
    <class>
      <customDisplay/>
      <disabled>0</disabled>
      <name>class</name>
      <number>1</number>
      <picker>0</picker>
      <prettyName>Class</prettyName>
      <size>30</size>
      <unmodifiable>0</unmodifiable>
      <validationMessage/>
      <validationRegExp/>
      <classType>com.xpn.xwiki.objects.classes.StringClass</classType>
    </class>
    <columns>
      <customDisplay/>
      <disabled>0</disabled>
      <name>columns</name>
      <number>3</number>
      <picker>0</picker>
      <prettyName>Live Table Columns</prettyName>
      <size>30</size>
      <unmodifiable>0</unmodifiable>
      <validationMessage/>
      <validationRegExp/>
      <classType>com.xpn.xwiki.objects.classes.StringClass</classType>
    </columns>
    <dataSpace>
      <customDisplay/>
      <disabled>0</disabled>
      <name>dataSpace</name>
      <number>4</number>
      <picker>0</picker>
      <prettyName>Data Location</prettyName>
      <size>30</size>
      <unmodifiable>0</unmodifiable>
      <validationMessage/>
      <validationRegExp/>
      <classType>com.xpn.xwiki.objects.classes.StringClass</classType>
    </dataSpace>
    <description>
      <customDisplay/>
      <disabled>0</disabled>
      <editor>---</editor>
      <name>description</name>
      <number>2</number>
      <picker>0</picker>
      <prettyName>Description</prettyName>
      <rows>5</rows>
      <size>40</size>
      <unmodifiable>0</unmodifiable>
      <validationMessage/>
      <validationRegExp/>
      <classType>com.xpn.xwiki.objects.classes.TextAreaClass</classType>
    </description>
  </class>
  <object>
    <name>AppWithinMinutes.LiveTableClass</name>
    <number>0</number>
    <className>XWiki.ClassSheetBinding</className>
    <guid>f2dc5e29-1b6f-4920-9a04-a47dd60693a7</guid>
    <class>
      <name>XWiki.ClassSheetBinding</name>
      <customClass/>
      <customMapping/>
      <defaultViewSheet/>
      <defaultEditSheet/>
      <defaultWeb/>
      <nameField/>
      <validationScript/>
      <sheet>
        <customDisplay/>
        <disabled>0</disabled>
        <name>sheet</name>
        <number>1</number>
        <picker>0</picker>
        <prettyName>Sheet</prettyName>
        <size>30</size>
        <unmodifiable>0</unmodifiable>
        <validationMessage/>
        <validationRegExp/>
        <classType>com.xpn.xwiki.objects.classes.StringClass</classType>
      </sheet>
    </class>
    <property>
      <sheet>LiveTableEditSheet</sheet>
    </property>
  </object>
  <object>
    <name>AppWithinMinutes.LiveTableClass</name>
    <number>1</number>
    <className>XWiki.ClassSheetBinding</className>
    <guid>a19e937b-d0fc-44ec-8dbb-f2c941883f59</guid>
    <class>
      <name>XWiki.ClassSheetBinding</name>
      <customClass/>
      <customMapping/>
      <defaultViewSheet/>
      <defaultEditSheet/>
      <defaultWeb/>
      <nameField/>
      <validationScript/>
      <sheet>
        <customDisplay/>
        <disabled>0</disabled>
        <name>sheet</name>
        <number>1</number>
        <picker>0</picker>
        <prettyName>Sheet</prettyName>
        <size>30</size>
        <unmodifiable>0</unmodifiable>
        <validationMessage/>
        <validationRegExp/>
        <classType>com.xpn.xwiki.objects.classes.StringClass</classType>
      </sheet>
    </class>
    <property>
      <sheet>LiveTableViewSheet</sheet>
    </property>
  </object>
  <object>
    <name>AppWithinMinutes.LiveTableClass</name>
    <number>0</number>
    <className>XWiki.DocumentSheetBinding</className>
    <guid>65c3703f-f383-4db1-b249-e9db2ce2c80f</guid>
    <class>
      <name>XWiki.DocumentSheetBinding</name>
      <customClass/>
      <customMapping/>
      <defaultViewSheet/>
      <defaultEditSheet/>
      <defaultWeb/>
      <nameField/>
      <validationScript/>
      <sheet>
        <customDisplay/>
        <disabled>0</disabled>
        <name>sheet</name>
        <number>1</number>
        <picker>0</picker>
        <prettyName>Sheet</prettyName>
        <size>30</size>
        <unmodifiable>0</unmodifiable>
        <validationMessage/>
        <validationRegExp/>
        <classType>com.xpn.xwiki.objects.classes.StringClass</classType>
      </sheet>
    </class>
    <property>
      <sheet>XWiki.ClassSheet</sheet>
    </property>
  </object>
</xwikidoc>
