<?xml version="1.0" encoding="UTF-8"?>

<!--
 * See the NOTICE file distributed with this work for additional
 * information regarding copyright ownership.
 *
 * This is free software; you can redistribute it and/or modify it
 * under the terms of the GNU Lesser General Public License as
 * published by the Free Software Foundation; either version 2.1 of
 * the License, or (at your option) any later version.
 *
 * This software is distributed in the hope that it will be useful,
 * but WITHOUT ANY WARRANTY; without even the implied warranty of
 * MERCHANTABILITY or FITNESS FOR A PARTICULAR PURPOSE. See the GNU
 * Lesser General Public License for more details.
 *
 * You should have received a copy of the GNU Lesser General Public
 * License along with this software; if not, write to the Free
 * Software Foundation, Inc., 51 Franklin St, Fifth Floor, Boston, MA
 * 02110-1301 USA, or see the FSF site: http://www.fsf.org.
-->

<xwikidoc version="1.1">
  <web>Blog</web>
  <name>GlobalBlogRss</name>
  <language/>
  <defaultLanguage/>
  <translation>0</translation>
  <creator>xwiki:XWiki.Admin</creator>
  <creationDate>1229906850000</creationDate>
  <parent>Blog.WebHome</parent>
  <author>xwiki:XWiki.Admin</author>
  <contentAuthor>xwiki:XWiki.Admin</contentAuthor>
  <date>1229907570000</date>
  <contentUpdateDate>1229907570000</contentUpdateDate>
  <version>1.1</version>
  <title>Global Blog RSS feed generator</title>
  <comment/>
  <minorEdit>false</minorEdit>
  <syntaxId>xwiki/2.0</syntaxId>
  <hidden>true</hidden>
  <content>{{include reference="Blog.BlogCode"/}}

{{velocity filter="none"}}
#if("$!{request.xpage}" == 'plain' || "$!{request.xpage}" == 'rdf')
$response.setContentType('application/rss+xml')
{{html clean="false" wiki="false"}}
#getBlogDocument($doc.space $blogDoc)
#getBlogTitle($blogDoc $title)
#set($feedMetadata = {
  "title": $title,
  "description": $services.localization.render('xe.blog.code.description.wiki'),
  "url": $xwiki.getDocument($services.model.resolveDocument('', 'default', $doc.documentReference.extractReference('WIKI'))).externalURL
  })
#getBlogEntriesBaseQuery($query)
$xwiki.feed.getBlogFeedOutput("${query} order by publishDate.value desc", 10, 0, $feedMetadata, 'rss_2.0')
{{/html}}
#end
{{/velocity}}</content>
</xwikidoc>
