<?xml version="1.0" encoding="UTF-8"?>

<!--
 * See the NOTICE file distributed with this work for additional
 * information regarding copyright ownership.
 *
 * This is free software; you can redistribute it and/or modify it
 * under the terms of the GNU Lesser General Public License as
 * published by the Free Software Foundation; either version 2.1 of
 * the License, or (at your option) any later version.
 *
 * This software is distributed in the hope that it will be useful,
 * but WITHOUT ANY WARRANTY; without even the implied warranty of
 * MERCHANTABILITY or FITNESS FOR A PARTICULAR PURPOSE. See the GNU
 * Lesser General Public License for more details.
 *
 * You should have received a copy of the GNU Lesser General Public
 * License along with this software; if not, write to the Free
 * Software Foundation, Inc., 51 Franklin St, Fifth Floor, Boston, MA
 * 02110-1301 USA, or see the FSF site: http://www.fsf.org.
-->

<xwikidoc version="1.1">
  <web>AppWithinMinutes</web>
  <name>AppsLiveTableResults</name>
  <language/>
  <defaultLanguage/>
  <translation>0</translation>
  <creator>xwiki:XWiki.Admin</creator>
  <creationDate>1331712116000</creationDate>
  <parent>AppWithinMinutes.WebHome</parent>
  <author>xwiki:XWiki.Admin</author>
  <contentAuthor>xwiki:XWiki.Admin</contentAuthor>
  <date>1407135504000</date>
  <contentUpdateDate>1407135504000</contentUpdateDate>
  <version>1.1</version>
  <title/>
  <comment/>
  <minorEdit>false</minorEdit>
  <syntaxId>xwiki/2.1</syntaxId>
  <hidden>true</hidden>
  <content>{{include reference="XWiki.LiveTableResultsMacros" /}}

{{velocity wiki="false"}}
#if($xcontext.action == 'get' &amp;&amp; "$!{request.outputSyntax}" == 'plain')
  $response.setContentType('application/json')
  #set($map = {})
  #gridresult_buildJSON("$!request.classname" $request.collist.split(',') $map)
  ## Change the URL and permission for the edit and delete actions:
  ## * edit action must trigger the AppWithinMinutes wizard.
  ## * delete action must delete the application space.
  #foreach($row in $map.get('rows'))
    #set($rowDocRef = $services.model.resolveDocument($row.get('doc_fullName')))
    #set($rowDoc = $xwiki.getDocument($rowDocRef))
    #set($classFullName = $rowDoc.getObject('AppWithinMinutes.LiveTableClass').getProperty('class').value)
    #set($classRef = $services.model.resolveDocument($classFullName))
    ## Edit action
    #if($row.get('doc_hasedit'))
      ## Make sure to test edit rights on the application's class and not its homepage.
      #set($discard = $row.put('doc_hasedit', $services.security.authorization.hasAccess('edit', $classRef)))
    #end
    #set($appQueryString = "appName=$escapetool.url($row.get('doc_space'))&amp;resolve=true")
    #set($discard = $row.put('doc_edit_url', $xwiki.getURL('AppWithinMinutes.CreateApplication', 'view',
      $appQueryString)))
    ## Delete action
    #if($row.get('doc_hasdelete'))
      ## Deleting an application requires space administration rights on both data and code spaces.
      #set($hasDeleteData = $services.security.authorization.hasAccess('admin', $rowDocRef.lastSpaceReference))
      #set($hasDeleteCode = $services.security.authorization.hasAccess('admin', $classRef.lastSpaceReference))
      #set($hasDeleteApplication = $hasDeleteData &amp;&amp; $hasDeleteCode)
      #set($discard = $row.put('doc_hasdelete', $hasDeleteApplication))
    #end
    #set($discard = $row.put('doc_delete_url', $xwiki.getURL('AppWithinMinutes.DeleteApplication', 'view',
      $appQueryString)))
  #end
  $jsontool.serialize($map)
#end
{{/velocity}}</content>
</xwikidoc>
