<?xml version="1.0" encoding="UTF-8"?>

<!--
 * See the NOTICE file distributed with this work for additional
 * information regarding copyright ownership.
 *
 * This is free software; you can redistribute it and/or modify it
 * under the terms of the GNU Lesser General Public License as
 * published by the Free Software Foundation; either version 2.1 of
 * the License, or (at your option) any later version.
 *
 * This software is distributed in the hope that it will be useful,
 * but WITHOUT ANY WARRANTY; without even the implied warranty of
 * MERCHANTABILITY or FITNESS FOR A PARTICULAR PURPOSE. See the GNU
 * Lesser General Public License for more details.
 *
 * You should have received a copy of the GNU Lesser General Public
 * License along with this software; if not, write to the Free
 * Software Foundation, Inc., 51 Franklin St, Fifth Floor, Boston, MA
 * 02110-1301 USA, or see the FSF site: http://www.fsf.org.
-->

<xwikidoc version="1.1">
  <web>AppWithinMinutes</web>
  <name>LiveTableTemplate</name>
  <language/>
  <defaultLanguage/>
  <translation>0</translation>
  <creator>xwiki:XWiki.Admin</creator>
  <creationDate>1321280711000</creationDate>
  <parent>AppWithinMinutes.LiveTableClass</parent>
  <author>xwiki:XWiki.Admin</author>
  <contentAuthor>xwiki:XWiki.Admin</contentAuthor>
  <date>1321361326000</date>
  <contentUpdateDate>1321361326000</contentUpdateDate>
  <version>1.1</version>
  <title>LiveTable Template</title>
  <comment/>
  <minorEdit>false</minorEdit>
  <syntaxId>xwiki/2.0</syntaxId>
  <hidden>true</hidden>
  <content/>
  <object>
    <name>AppWithinMinutes.LiveTableTemplate</name>
    <number>0</number>
    <className>AppWithinMinutes.LiveTableClass</className>
    <guid>d7be175c-78d1-4ac7-8afd-d41113c51f56</guid>
    <class>
      <name>AppWithinMinutes.LiveTableClass</name>
      <customClass/>
      <customMapping/>
      <defaultViewSheet/>
      <defaultEditSheet/>
      <defaultWeb/>
      <nameField/>
      <validationScript/>
      <class>
        <customDisplay/>
        <disabled>0</disabled>
        <name>class</name>
        <number>1</number>
        <picker>0</picker>
        <prettyName>Class</prettyName>
        <size>30</size>
        <unmodifiable>0</unmodifiable>
        <validationMessage/>
        <validationRegExp/>
        <classType>com.xpn.xwiki.objects.classes.StringClass</classType>
      </class>
      <columns>
        <customDisplay/>
        <disabled>0</disabled>
        <name>columns</name>
        <number>3</number>
        <picker>0</picker>
        <prettyName>Columns</prettyName>
        <size>30</size>
        <unmodifiable>0</unmodifiable>
        <validationMessage/>
        <validationRegExp/>
        <classType>com.xpn.xwiki.objects.classes.StringClass</classType>
      </columns>
      <dataSpace>
        <customDisplay/>
        <disabled>0</disabled>
        <name>dataSpace</name>
        <number>4</number>
        <picker>0</picker>
        <prettyName>Data Location</prettyName>
        <size>30</size>
        <unmodifiable>0</unmodifiable>
        <validationMessage/>
        <validationRegExp/>
        <classType>com.xpn.xwiki.objects.classes.StringClass</classType>
      </dataSpace>
      <description>
        <customDisplay/>
        <disabled>0</disabled>
        <editor>---</editor>
        <name>description</name>
        <number>2</number>
        <picker>0</picker>
        <prettyName>Description</prettyName>
        <rows>5</rows>
        <size>40</size>
        <unmodifiable>0</unmodifiable>
        <validationMessage/>
        <validationRegExp/>
        <classType>com.xpn.xwiki.objects.classes.TextAreaClass</classType>
      </description>
    </class>
    <property>
      <class/>
    </property>
    <property>
      <columns>doc.name doc.date doc.author _actions</columns>
    </property>
    <property>
      <dataSpace>.Data</dataSpace>
    </property>
    <property>
      <description/>
    </property>
  </object>
  <object>
    <name>AppWithinMinutes.LiveTableTemplate</name>
    <number>0</number>
    <className>XWiki.UIExtensionClass</className>
    <guid>7060860d-9bd0-4217-9a25-8c4a12d0a50c</guid>
    <class>
      <name>XWiki.UIExtensionClass</name>
      <customClass/>
      <customMapping/>
      <defaultViewSheet/>
      <defaultEditSheet/>
      <defaultWeb/>
      <nameField/>
      <validationScript/>
      <content>
        <disabled>0</disabled>
        <name>content</name>
        <number>3</number>
        <prettyName>Extension Content</prettyName>
        <rows>10</rows>
        <size>40</size>
        <unmodifiable>0</unmodifiable>
        <classType>com.xpn.xwiki.objects.classes.TextAreaClass</classType>
      </content>
      <extensionPointId>
        <disabled>0</disabled>
        <name>extensionPointId</name>
        <number>1</number>
        <prettyName>Extension Point ID</prettyName>
        <size>30</size>
        <unmodifiable>0</unmodifiable>
        <classType>com.xpn.xwiki.objects.classes.StringClass</classType>
      </extensionPointId>
      <name>
        <disabled>0</disabled>
        <name>name</name>
        <number>2</number>
        <prettyName>Extension ID</prettyName>
        <size>30</size>
        <unmodifiable>0</unmodifiable>
        <classType>com.xpn.xwiki.objects.classes.StringClass</classType>
      </name>
      <parameters>
        <disabled>0</disabled>
        <name>parameters</name>
        <number>4</number>
        <prettyName>Extension Parameters</prettyName>
        <rows>10</rows>
        <size>40</size>
        <unmodifiable>0</unmodifiable>
        <classType>com.xpn.xwiki.objects.classes.TextAreaClass</classType>
      </parameters>
      <scope>
        <cache>0</cache>
        <disabled>0</disabled>
        <displayType>select</displayType>
        <multiSelect>0</multiSelect>
        <name>scope</name>
        <number>5</number>
        <prettyName>Extension Scope</prettyName>
        <relationalStorage>0</relationalStorage>
        <separator> </separator>
        <separators>|, </separators>
        <size>1</size>
        <unmodifiable>0</unmodifiable>
        <values>wiki=Current Wiki|user=Current User|global=Global</values>
        <classType>com.xpn.xwiki.objects.classes.StaticListClass</classType>
      </scope>
    </class>
    <property>
      <content/>
    </property>
    <property>
      <extensionPointId>org.xwiki.platform.panels.Applications</extensionPointId>
    </property>
    <property>
      <name/>
    </property>
    <property>
      <parameters/>
    </property>
    <property>
      <scope>wiki</scope>
    </property>
  </object>
</xwikidoc>
