<?xml version="1.0" encoding="UTF-8"?>

<!--
 * See the NOTICE file distributed with this work for additional
 * information regarding copyright ownership.
 *
 * This is free software; you can redistribute it and/or modify it
 * under the terms of the GNU Lesser General Public License as
 * published by the Free Software Foundation; either version 2.1 of
 * the License, or (at your option) any later version.
 *
 * This software is distributed in the hope that it will be useful,
 * but WITHOUT ANY WARRANTY; without even the implied warranty of
 * MERCHANTABILITY or FITNESS FOR A PARTICULAR PURPOSE. See the GNU
 * Lesser General Public License for more details.
 *
 * You should have received a copy of the GNU Lesser General Public
 * License along with this software; if not, write to the Free
 * Software Foundation, Inc., 51 Franklin St, Fifth Floor, Boston, MA
 * 02110-1301 USA, or see the FSF site: http://www.fsf.org.
-->

<xwikidoc>
  <web>AppWithinMinutes</web>
  <name>Translations</name>
  <language>lv</language>
  <defaultLanguage>en</defaultLanguage>
  <translation>1</translation>
  <parent>AppWithinMinutes.WebHome</parent>
  <creator>xwiki:XWiki.Admin</creator>
  <author>xwiki:XWiki.Admin</author>
  <customClass/>
  <contentAuthor>xwiki:XWiki.Admin</contentAuthor>
  <creationDate>1323097478000</creationDate>
  <date>1445422650000</date>
  <contentUpdateDate>1445422591000</contentUpdateDate>
  <version>1.1</version>
  <title/>
  <template/>
  <defaultTemplate/>
  <validationScript/>
  <comment/>
  <minorEdit>false</minorEdit>
  <syntaxId>plain/1.0</syntaxId>
  <hidden>true</hidden>
  <content>## XWiki Translation for language lv generated from http://www.l10n.xwiki.org
platform.appwithinminutes.appHomePageActionsHeading=Darbības
platform.appwithinminutes.appHomePageAddEntryHint=Pievienot jaunu ierakstu
platform.appwithinminutes.appHomePageAddEntryLabel=Pievienot
platform.appwithinminutes.appHomePageDeleteAppLabel=Dzēst lietotni
platform.appwithinminutes.appHomePageDeleteEntriesLabel=Dzēst visus ierakstus
platform.appwithinminutes.appHomePageEditAppLabel=Mainīt lietotni
platform.appwithinminutes.appHomePageEntryNameLabel=Ieraksta nosaukums
platform.appwithinminutes.appHomePageTranslateAppLabel=Tulkot lietotni
platform.appwithinminutes.appLiveTableDeleteEntryActionName=Dzēst
platform.appwithinminutes.appLiveTableEditEntryActionName=Mainīt
platform.appwithinminutes.appLiveTableHeading=Ieraksti
platform.appwithinminutes.appNameEmptyError=Lūdzu ievadiet lietotnes nosaukumu.
platform.appwithinminutes.appNameHint=Lietotnes nosaukums nosaka tās adresi (URL), kur tiks saglabāti lietotnes dati, kā arī klases, kurā tiks saglabāta objektu datu struktūra, nosaukumu.
platform.appwithinminutes.appNameIsUsedWarning=Tāda lietotne jau pastāv. Ja turpināsiet, jūs mainīsiet esošo lietotni.
platform.appwithinminutes.appNameLabel=Lietotnes nosaukums
platform.appwithinminutes.appNamePageTitle=Izveidot lietotni
platform.appwithinminutes.appNamePreviewClassReferenceLabel=Lietotnes klase
platform.appwithinminutes.appNamePreviewCodeSpaceLabel=Lietotnes koda vieta
platform.appwithinminutes.appNamePreviewDataSpaceLabel=Lietotnes vieta
platform.appwithinminutes.appNamePreviewHomePageUrlLabel=Lietotnes sākuma lapas adrese
platform.appwithinminutes.appPanelCreateEntry=Izveido savu\!
platform.appwithinminutes.appsLiveTable._actions=Darbības
platform.appwithinminutes.appsLiveTable.doc.author=Autors
platform.appwithinminutes.appsLiveTable.doc.date=Atjaunots
platform.appwithinminutes.appsLiveTable.doc.space=Lietotnes nosaukums
platform.appwithinminutes.appsLiveTableHeading=Lietotnes
platform.appwithinminutes.classEditorAdvancedCategoryName=Papildus
platform.appwithinminutes.classEditorBindSheetSaveComment=Klasei piesaistītā lapa
platform.appwithinminutes.classEditorBooleanFieldName=Būla
platform.appwithinminutes.classEditorCanvasHint=Velciet laukus no paletes uz šo lauku.
platform.appwithinminutes.classEditorConfigureFieldLabel=Iestatīt
platform.appwithinminutes.classEditorContentFieldName=Saturs
platform.appwithinminutes.classEditorDBListFieldName=Datu bāzes saraksts
platform.appwithinminutes.classEditorDateFieldName=Datums
platform.appwithinminutes.classEditorDatePickerAcceptSelectedDate=Labi
platform.appwithinminutes.classEditorDatePickerClearSelectedDate=Notīrīt
platform.appwithinminutes.classEditorDatePickerSelectCurrentDate=Šodien
platform.appwithinminutes.classEditorDatePickerSelectCurrentTime=Tagad
platform.appwithinminutes.classEditorDeleteFieldLabel=Dzēst
platform.appwithinminutes.classEditorDocumentCategoryName=Dokuments
platform.appwithinminutes.classEditorDuplicateFieldNameError=Klasei ir divi lauki ar vienādu nosaukumu\: {0}
platform.appwithinminutes.classEditorFieldDefaultValueToolTip=Noklusētā vērtība
platform.appwithinminutes.classEditorGroupsFieldName=Grupa
platform.appwithinminutes.classEditorMoveFieldHint=Velciet un nometiet, lai mainītu kārtību
platform.appwithinminutes.classEditorMoveFieldLabel=Pārvietot
platform.appwithinminutes.classEditorMultipleSheetsWarning=Šai klasei ir vairākas lapas
platform.appwithinminutes.classEditorNumberFieldName=Skaitlis
platform.appwithinminutes.classEditorPaletteHint=Velciet un nometiet laukus, lai izveidotu savu formu.
platform.appwithinminutes.classEditorPaletteTitle=Lauku palete
platform.appwithinminutes.classEditorPickersCategoryName=Atlasītāji
platform.appwithinminutes.classEditorPreviewFieldHint=Aizvērt iestatījumu paneli un pielietot izmaiņas
platform.appwithinminutes.classEditorPreviewFieldLabel=Priekšskats
platform.appwithinminutes.classEditorSheetSaveComment=Atjaunot klases lapu
platform.appwithinminutes.classEditorStandardCategoryName=Standarta
platform.appwithinminutes.classEditorStaticListEditorAddItemLabel=Pievienot
platform.appwithinminutes.classEditorStaticListEditorDeleteItemLabel=Dzēst
platform.appwithinminutes.classEditorStaticListEditorItemIDLabel=ID
platform.appwithinminutes.classEditorStaticListEditorItemValueLabel=Vērtība
platform.appwithinminutes.classEditorStaticListFieldName=Statisks saraksts
platform.appwithinminutes.classEditorStringFieldName=Īss teksts
platform.appwithinminutes.classEditorTemplateSaveComment=Atjaunot noklusētās vērtības
platform.appwithinminutes.classEditorTextAreaFieldName=Garš teksts
platform.appwithinminutes.classEditorTitleFieldName=Virsraksts
platform.appwithinminutes.classEditorTranslationsSaveComment=Atjaunot tulkojumus
platform.appwithinminutes.classEditorUpdateSheetHint=Pārizveidot šīs klases {0} attēlojuma un mainīšanas lapu.
platform.appwithinminutes.classEditorUpdateSheetLabel=Atjaunot klases lapu
platform.appwithinminutes.classEditorUpdateTemplateHint=Saglabāt noklusētās vērtības klases veidnē ({0}).
platform.appwithinminutes.classEditorUpdateTemplateLabel=Atjaunot klases veidni
platform.appwithinminutes.classEditorUpdateTranslationsHint=Atjauno lauku iezīmju un sarakstu tulkojumus ({0}).
platform.appwithinminutes.classEditorUpdateTranslationsLabel=Atjaunot klases tulkojumu paku
platform.appwithinminutes.classEditorUsersFieldName=Lietotājs
platform.appwithinminutes.createAppButtonLabel=Izveidot lietotni
platform.appwithinminutes.deleteAppConfirmation=Lietotne {0} un VISI tās ieraksti tiks izdzēsti. Vai tiešām vēlaties turpināt?
platform.appwithinminutes.deleteAppDoesNotExistError=Izvēlētā lietotne nepastāv
platform.appwithinminutes.deleteAppEntriesConfirmation=VISI lietotnes {0} ieraksti tiks izdzēsti. Vai tiešām vēlaties turpināt?
platform.appwithinminutes.deleteAppInvalidAppError=Lietotne ar norādīto nosaukumu nav pareiza "Lietotne dažās minūtēs" lietotne.
platform.appwithinminutes.deleteAppNotSpecifiedError=Nav norādīts lietotnes nosaukums
platform.appwithinminutes.description=Balstoties uz Xwiki strukturēto datu pārvaldības sistēmu, dažu minūšu laikā varat izveidot savu tīmekļa lietotni.
platform.appwithinminutes.grantSpaceAdminRightsSaveComment=Pievienot vietas pārvaldības tiesības
platform.appwithinminutes.homePageTitle=Lietotne dažās minūtēs
platform.appwithinminutes.liveTableEditorActionsColumnDescription=Ierakstiem pieejamo darbību saraksts, kā piemēram, mainīšana un dzēšana
platform.appwithinminutes.liveTableEditorActionsColumnName=Darbības
platform.appwithinminutes.liveTableEditorAddColumnHint=Pievienot
platform.appwithinminutes.liveTableEditorAttachmentsColumnDescription=Kolonna ierakstu lapā, kurā parādīt saiti uz pielikumiem
platform.appwithinminutes.liveTableEditorAttachmentsColumnName=Pielikumi
platform.appwithinminutes.liveTableEditorAvatarColumnDescription=Kolonna ierakstu lapā, kurā parādīt lietotāja iemiesojumu. Strādā tikai XWiki.XWikiUsers klasei.
platform.appwithinminutes.liveTableEditorAvatarColumnName=Iemiesojums
platform.appwithinminutes.liveTableEditorClassFieldColumnGroupLabel=Klases lauki
platform.appwithinminutes.liveTableEditorColumnsHint=Izvēlieties kolonnas, kuras vēlaties parādīt lietotnes mājas lapas tabulā.
platform.appwithinminutes.liveTableEditorDeleteColumnHint=Dzēst
platform.appwithinminutes.liveTableEditorDeprecatedColumnsWarning=Dažas kolonnas ir novecojušas, iespējams tāpēc, ka attiecīgie klases lauki ir izdzēsti. Vai vēlaties izdzēst šīs kolonnas?\n&lt;a href\=""&gt;Jā&lt;/a&gt; / &lt;a href\=""&gt;Nē&lt;/a&gt;
platform.appwithinminutes.liveTableEditorDescriptionHint=Aprakstā norāda, ko lietotne dara un kādus datus tā apstrādā.
platform.appwithinminutes.liveTableEditorDocAuthorColumnDescription=Lietotājs, kas pēdējais mainīja lietotni
platform.appwithinminutes.liveTableEditorDocAuthorColumnName=Pēdējais mainījis
platform.appwithinminutes.liveTableEditorDocCreationDateColumnDescription=Datums, kad lietotne tika izveidota
platform.appwithinminutes.liveTableEditorDocCreationDateColumnName=Izveides datums
platform.appwithinminutes.liveTableEditorDocCreatorColumnDescription=Lietotājs, kas izveidoja lietotni
platform.appwithinminutes.liveTableEditorDocCreatorColumnName=Izveidojis
platform.appwithinminutes.liveTableEditorDocDateColumnDescription=Lietotnes pēdējo izmaiņu datums
platform.appwithinminutes.liveTableEditorDocDateColumnName=Atjaunošanas datums
platform.appwithinminutes.liveTableEditorDocFullNameColumnDescription=Lietotnes mājas lapas nosaukums, iekļaujot vietas nosaukumu
platform.appwithinminutes.liveTableEditorDocFullNameColumnName=Lapas pilnais nosaukums
platform.appwithinminutes.liveTableEditorDocNameColumnDescription=Lietotnes sākuma lapas nosaukums
platform.appwithinminutes.liveTableEditorDocNameColumnName=Lapas nosaukums
platform.appwithinminutes.liveTableEditorDocSpaceColumnDescription=Lietotnes sākuma lapas nosaukums
platform.appwithinminutes.liveTableEditorDocSpaceColumnName=Vieta
platform.appwithinminutes.liveTableEditorDocTitleColumnDescription=Lietotnes sākuma lapas virsraksts
platform.appwithinminutes.liveTableEditorDocTitleColumnName=Lapas virsraksts
platform.appwithinminutes.liveTableEditorGenericColumnGroupLabel=Vienkāršās kolonnas
platform.appwithinminutes.liveTableEditorHelpDescription=Lietotnes datu tabulas kolonnas, kas nav atkarīgas no lietotnes datiem. Piemēram, informācija par lapām, kurās atrodas lietotnes ieraksti.
platform.appwithinminutes.liveTableEditorHelpTitle=Padoms
platform.appwithinminutes.liveTableEditorIcon=Ikona
platform.appwithinminutes.liveTableEditorIconHintWithPicker=Saite uz ikonu. Jūs varat norādīt jebkuru attēlu no ikonu izvēles zem šī lauka (kad tas ir aktivizēts), vai arī norādīt saiti uz jebkuru citu viki attēlu.
platform.appwithinminutes.liveTableEditorImagesColumnDescription=Īpaša kolonna, kurā attēlot ierakstam pievienoto attēlus
platform.appwithinminutes.liveTableEditorImagesColumnName=Attēli
platform.appwithinminutes.liveTableEditorMoveColumnHint=Velciet kolonnas, lai mainītu to kārtību
platform.appwithinminutes.liveTableEditorSaveComment=Atjaunot tabulu
platform.appwithinminutes.wizardStep1Description=Ievadiet lietotnes nosaukumu.
platform.appwithinminutes.wizardStep1Name=Nosaukums
platform.appwithinminutes.wizardStep1Title=Nosauciet savu lietotni
platform.appwithinminutes.wizardStep2Description=Izveidojiet lietotnes struktūru, norādot, kādus laukus tā saturēs.
platform.appwithinminutes.wizardStep2Name=Struktūra
platform.appwithinminutes.wizardStep2Title=Norādiet lietotnes struktūru
platform.appwithinminutes.wizardStep3Description=Pielāgojiet lietotnes sākuma lapu.
platform.appwithinminutes.wizardStep3Name=Izskats
platform.appwithinminutes.wizardStep3Title=Pielāgojiet lietotnes izskatu
platform.appwithinminutes.wizardStepFinishButtonLabel=Pabeigt
platform.appwithinminutes.wizardStepFinishButtonTip=Doties uz lietotnes sākuma lapu
platform.appwithinminutes.wizardStepHeading=Solis {0} no {1}
platform.appwithinminutes.wizardStepHelpDescription=Šis vednis palīdzēs jums izveidot savu lietotni. Turpmākajos soļos jūs norādīsiet, kādu informāciju lietotne apstrādās un kā tā tiks attēlota\:
platform.appwithinminutes.wizardStepHelpTitle=Soļi
platform.appwithinminutes.wizardStepNextButtonLabel=Nākamais solis
platform.appwithinminutes.wizardStepNextButtonTip=Doties uz nākamo soli
platform.appwithinminutes.wizardStepPreviousButtonLabel=Iepriekšējais solis
platform.appwithinminutes.wizardStepPreviousButtonTip=Doties uz iepriekšējo soli
</content>
</xwikidoc>
