<?xml version="1.0" encoding="UTF-8"?>

<!--
 * See the NOTICE file distributed with this work for additional
 * information regarding copyright ownership.
 *
 * This is free software; you can redistribute it and/or modify it
 * under the terms of the GNU Lesser General Public License as
 * published by the Free Software Foundation; either version 2.1 of
 * the License, or (at your option) any later version.
 *
 * This software is distributed in the hope that it will be useful,
 * but WITHOUT ANY WARRANTY; without even the implied warranty of
 * MERCHANTABILITY or FITNESS FOR A PARTICULAR PURPOSE. See the GNU
 * Lesser General Public License for more details.
 *
 * You should have received a copy of the GNU Lesser General Public
 * License along with this software; if not, write to the Free
 * Software Foundation, Inc., 51 Franklin St, Fifth Floor, Boston, MA
 * 02110-1301 USA, or see the FSF site: http://www.fsf.org.
-->

<xwikidoc version="1.1">
  <web>AppWithinMinutes</web>
  <name>ClassSheetGenerator</name>
  <language/>
  <defaultLanguage/>
  <translation>0</translation>
  <creator>xwiki:XWiki.Admin</creator>
  <creationDate>1319614909000</creationDate>
  <parent>AppWithinMinutes.WebHome</parent>
  <author>xwiki:XWiki.Admin</author>
  <contentAuthor>xwiki:XWiki.Admin</contentAuthor>
  <date>1319622530000</date>
  <contentUpdateDate>1319622530000</contentUpdateDate>
  <version>1.1</version>
  <title/>
  <comment/>
  <minorEdit>false</minorEdit>
  <syntaxId>xwiki/2.0</syntaxId>
  <hidden>true</hidden>
  <content>{{velocity filter="none"}}
#macro(escapeSingleQuotes $string)
$string.replace("'", "''")##
#end
#**
 * Generic property display.
 *#
#macro(displayProperty $property $indentation)
${indentation}; &lt;label for="$escapetool.xml("${doc.fullName}_0_$property.name")"&gt;${escapetool.d}escapetool.xml(${escapetool.d}doc.displayPrettyName('#escapeSingleQuotes($property.name)', false, false))&lt;/label&gt;##
#if ("$!property.hint" != '')${escapetool.h}${escapetool.h}
${indentation}  (% class="xHint" %)${escapetool.d}services.localization.render('#escapeSingleQuotes($property.hint)')
#else

#end
${indentation}: ${escapetool.d}doc.display('#escapeSingleQuotes($property.name)')
#end
#**
 * Unfortunately the custom display mechanism for properties doesn't offer a clean way to overwrite the display only when
 * some conditions are met (e.g. a specific action) so we're putting the custom display code in the sheet.
 *#
#macro(displayBooleanProperty $property)
  ${escapetool.h}if (${escapetool.d}context.display == 'edit')
    ; &lt;label for="$escapetool.xml("${doc.fullName}_0_$property.name")"&gt;${escapetool.d}doc.display('#escapeSingleQuotes($property.name)')${escapetool.d}escapetool.xml(${escapetool.d}doc.displayPrettyName('#escapeSingleQuotes($property.name)', false, false))&lt;/label&gt;
#if ("$!property.hint" != '')
    : (% class="xHint" %)${escapetool.d}services.localization.render('#escapeSingleQuotes($property.hint)')
#end
  ${escapetool.h}else
#displayProperty($property '    ')
  ${escapetool.h}end
#end
{{{##
{{velocity}}
{{html wiki="true"}}
${escapetool.h}set (${escapetool.d}discard = ${escapetool.d}doc.use('#escapeSingleQuotes($doc.fullName)'))
#set ($translationBundleId = "$stringtool.removeEnd($doc.fullName, 'Class')Translations")
${escapetool.h}set (${escapetool.d}discard = ${escapetool.d}services.localization.use('document', '#escapeSingleQuotes($translationBundleId)'))
## We don't have access to the form element to set the CSS class for the vertical form layout standard.
(% class="xform" %)
(((
#foreach($property in $doc.getxWikiClass().properties)
#set($displayFormType = $property.getProperty('displayFormType'))
#if($property.type.indexOf('Boolean') != -1 &amp;&amp; "$!displayFormType.value" == 'checkbox')
#displayBooleanProperty($property)
#else
#displayProperty($property '  ')
#end
#end
)))
{{/html}}
{{/velocity}}##
}}}
{{/velocity}}</content>
</xwikidoc>
