<?xml version="1.0" encoding="UTF-8"?>

<!--
 * See the NOTICE file distributed with this work for additional
 * information regarding copyright ownership.
 *
 * This is free software; you can redistribute it and/or modify it
 * under the terms of the GNU Lesser General Public License as
 * published by the Free Software Foundation; either version 2.1 of
 * the License, or (at your option) any later version.
 *
 * This software is distributed in the hope that it will be useful,
 * but WITHOUT ANY WARRANTY; without even the implied warranty of
 * MERCHANTABILITY or FITNESS FOR A PARTICULAR PURPOSE. See the GNU
 * Lesser General Public License for more details.
 *
 * You should have received a copy of the GNU Lesser General Public
 * License along with this software; if not, write to the Free
 * Software Foundation, Inc., 51 Franklin St, Fifth Floor, Boston, MA
 * 02110-1301 USA, or see the FSF site: http://www.fsf.org.
-->

<xwikidoc version="1.1">
  <web>AppWithinMinutes</web>
  <name>ClassTranslationsGenerator</name>
  <language/>
  <defaultLanguage/>
  <translation>0</translation>
  <creator>xwiki:XWiki.Admin</creator>
  <creationDate>1357837220000</creationDate>
  <parent>AppWithinMinutes.WebHome</parent>
  <author>xwiki:XWiki.Admin</author>
  <contentAuthor>xwiki:XWiki.Admin</contentAuthor>
  <date>1357890165000</date>
  <contentUpdateDate>1357890165000</contentUpdateDate>
  <version>1.1</version>
  <title/>
  <comment/>
  <minorEdit>false</minorEdit>
  <syntaxId>xwiki/2.1</syntaxId>
  <hidden>true</hidden>
  <content>{{velocity}}
$escapetool.h Class fields
#set ($prefix = "${doc.fullName}_")
#foreach ($property in $doc.getxWikiClass().properties)
$prefix$property.name=$property.prettyName
#if ($property.type.endsWith('ListClass'))
## Generate translations for the list values.
#foreach ($entry in $property.mapValues.entrySet())
$prefix${property.name}_$entry.key=$entry.value.value
#end
#end
#end

$escapetool.h Live table generic keys
#set ($prefix = "${doc.name.replaceAll('Class', '').toLowerCase()}.livetable.")
${prefix}doc.title=$services.localization.render('platform.appwithinminutes.liveTableEditorDocTitleColumnName')
${prefix}doc.name=$services.localization.render('platform.appwithinminutes.liveTableEditorDocNameColumnName')
${prefix}doc.space=$services.localization.render('platform.appwithinminutes.liveTableEditorDocSpaceColumnName')
${prefix}doc.fullname=$services.localization.render('platform.appwithinminutes.liveTableEditorDocFullNameColumnName')
${prefix}doc.author=$services.localization.render('platform.appwithinminutes.liveTableEditorDocAuthorColumnName')
${prefix}doc.creator=$services.localization.render('platform.appwithinminutes.liveTableEditorDocCreatorColumnName')
${prefix}doc.date=$services.localization.render('platform.appwithinminutes.liveTableEditorDocDateColumnName')
${prefix}doc.creationDate=$services.localization.render('platform.appwithinminutes.liveTableEditorDocCreationDateColumnName')
${prefix}_avatar=$services.localization.render('platform.appwithinminutes.liveTableEditorAvatarColumnName')
${prefix}_images=$services.localization.render('platform.appwithinminutes.liveTableEditorImagesColumnName')
${prefix}_attachments=$services.localization.render('platform.appwithinminutes.liveTableEditorAttachmentsColumnName')
${prefix}_actions=$services.localization.render('platform.appwithinminutes.liveTableEditorActionsColumnName')
${prefix}_actions.edit=$services.localization.render('platform.appwithinminutes.appLiveTableEditEntryActionName')
${prefix}_actions.delete=$services.localization.render('platform.appwithinminutes.appLiveTableDeleteEntryActionName')
${prefix}emptyvalue=-

$escapetool.h Live table specific keys
#foreach ($property in $doc.getxWikiClass().properties)
$prefix$property.name=$property.prettyName
#end
{{/velocity}}</content>
</xwikidoc>
