<?xml version="1.0" encoding="UTF-8"?>

<!--
 * See the NOTICE file distributed with this work for additional
 * information regarding copyright ownership.
 *
 * This is free software; you can redistribute it and/or modify it
 * under the terms of the GNU Lesser General Public License as
 * published by the Free Software Foundation; either version 2.1 of
 * the License, or (at your option) any later version.
 *
 * This software is distributed in the hope that it will be useful,
 * but WITHOUT ANY WARRANTY; without even the implied warranty of
 * MERCHANTABILITY or FITNESS FOR A PARTICULAR PURPOSE. See the GNU
 * Lesser General Public License for more details.
 *
 * You should have received a copy of the GNU Lesser General Public
 * License along with this software; if not, write to the Free
 * Software Foundation, Inc., 51 Franklin St, Fifth Floor, Boston, MA
 * 02110-1301 USA, or see the FSF site: http://www.fsf.org.
-->

<xwikidoc version="1.1">
  <web>ActiveInstalls</web>
  <name>JavaVersionsData</name>
  <language/>
  <defaultLanguage/>
  <translation>0</translation>
  <creator>xwiki:XWiki.Admin</creator>
  <creationDate>1399398031000</creationDate>
  <parent>ActiveInstalls.JavaVersions</parent>
  <author>xwiki:XWiki.Admin</author>
  <contentAuthor>xwiki:XWiki.Admin</contentAuthor>
  <date>1455618836000</date>
  <contentUpdateDate>1455618836000</contentUpdateDate>
  <version>1.1</version>
  <title>Active Installs Versions Data</title>
  <comment/>
  <minorEdit>false</minorEdit>
  <syntaxId>xwiki/2.1</syntaxId>
  <hidden>true</hidden>
  <content>{{include reference="ActiveInstalls.QueryVariables"/}}
{{velocity}}
#set ($query = "
{
   ""query"": {
       ""query_string"": {
           ""lowercase_expanded_terms"": false,
           ""query"": ""_timestamp:[now-1d TO *] $snapshotQueryFragment AND distributionId:${distributionId.replace(':', '\\:')}""
       }
   },
   ""aggs"": {
       ""versions"": {
           ""terms"": {
               ""field"": ""javaVersion"",
               ""size"": 100
            },
            ""aggs"": {
                ""instanceId_count"": {
                    ""cardinality"": {
                        ""field"": ""instanceId""
                    }
                }
            }
       }
   }
}
")
#set ($result = $services.activeinstalls.searchInstalls("install2", $query, {"search_type": "count"}))
#set ($headingLine = "|=Java Version|=Active Installs Count")
#if (!$result)
  #set ($errorText = $!services.activeinstalls.lastError)
  {{error}}{{{$errorText}}}{{/error}}

  ## Still generate an empty table so that the chart macro using it doesn't fail!
  $headingLine
#else
  ## Generate table with data
  #set ($jsonItems = $result.getAsJsonObject('aggregations').getAsJsonObject('versions').getAsJsonArray('buckets'))
  ## We're only interested in displaying major Java versions, so we only take into account the first 2 digits in
  ## the Java version string, e.g. "1.8" for "1.8.0_66"
  #set ($versionMap = {})
  #foreach ($jsonItem in $jsonItems)
    #set ($version = $jsonItem.getAsJsonPrimitive('key').getAsString())
    #set ($value = $jsonItem.getAsJsonObject('instanceId_count').getAsJsonPrimitive('value').getAsLong())
    #set ($shortVersion = $version.substring(0, 3))
    #set ($count = $versionMap.get($shortVersion))
    #if ("$!count" == '')
      #set ($count = 0)
    #end
    #set ($discard = $versionMap.put($shortVersion, $mathtool.add($count, $value)))
  #end
  $headingLine
  #set ($count = 0)
  #foreach ($item in $versionMap.keySet())
    #set ($value = $versionMap.get($item))
    #if ($velocityCount &lt;= 10)
      |$item|$value
    #else
      #set ($count = $mathtool.add($count, $value))
    #end
  #end
  #if ($count &gt; 0)
    |Other|$count
  #end
#end
{{/velocity}}</content>
</xwikidoc>
