<?xml version="1.0" encoding="UTF-8"?>

<!--
 * See the NOTICE file distributed with this work for additional
 * information regarding copyright ownership.
 *
 * This is free software; you can redistribute it and/or modify it
 * under the terms of the GNU Lesser General Public License as
 * published by the Free Software Foundation; either version 2.1 of
 * the License, or (at your option) any later version.
 *
 * This software is distributed in the hope that it will be useful,
 * but WITHOUT ANY WARRANTY; without even the implied warranty of
 * MERCHANTABILITY or FITNESS FOR A PARTICULAR PURPOSE. See the GNU
 * Lesser General Public License for more details.
 *
 * You should have received a copy of the GNU Lesser General Public
 * License along with this software; if not, write to the Free
 * Software Foundation, Inc., 51 Franklin St, Fifth Floor, Boston, MA
 * 02110-1301 USA, or see the FSF site: http://www.fsf.org.
-->

<xwikidoc version="1.2" reference="XWiki.AdminPageUIX" locale="">
  <web>XWiki</web>
  <name>AdminPageUIX</name>
  <language/>
  <defaultLanguage/>
  <translation>0</translation>
  <creator>xwiki:XWiki.Admin</creator>
  <creationDate>1444814146000</creationDate>
  <parent>XWiki.XWikiPreferences</parent>
  <author>xwiki:XWiki.Admin</author>
  <contentAuthor>xwiki:XWiki.Admin</contentAuthor>
  <date>1444815048000</date>
  <contentUpdateDate>1444814146000</contentUpdateDate>
  <version>1.1</version>
  <title/>
  <comment/>
  <minorEdit>false</minorEdit>
  <syntaxId>xwiki/2.1</syntaxId>
  <hidden>true</hidden>
  <content/>
  <object>
    <name>XWiki.AdminPageUIX</name>
    <number>0</number>
    <className>XWiki.UIExtensionClass</className>
    <guid>7b6db72c-be96-4372-8bf0-b8c440bfe1b1</guid>
    <class>
      <name>XWiki.UIExtensionClass</name>
      <customClass/>
      <customMapping/>
      <defaultViewSheet/>
      <defaultEditSheet/>
      <defaultWeb/>
      <nameField/>
      <validationScript/>
      <content>
        <disabled>0</disabled>
        <name>content</name>
        <number>3</number>
        <prettyName>Extension Content</prettyName>
        <rows>10</rows>
        <size>40</size>
        <unmodifiable>0</unmodifiable>
        <classType>com.xpn.xwiki.objects.classes.TextAreaClass</classType>
      </content>
      <extensionPointId>
        <disabled>0</disabled>
        <name>extensionPointId</name>
        <number>1</number>
        <prettyName>Extension Point ID</prettyName>
        <size>30</size>
        <unmodifiable>0</unmodifiable>
        <classType>com.xpn.xwiki.objects.classes.StringClass</classType>
      </extensionPointId>
      <name>
        <disabled>0</disabled>
        <name>name</name>
        <number>2</number>
        <prettyName>Extension ID</prettyName>
        <size>30</size>
        <unmodifiable>0</unmodifiable>
        <classType>com.xpn.xwiki.objects.classes.StringClass</classType>
      </name>
      <parameters>
        <disabled>0</disabled>
        <name>parameters</name>
        <number>4</number>
        <prettyName>Extension Parameters</prettyName>
        <rows>10</rows>
        <size>40</size>
        <unmodifiable>0</unmodifiable>
        <classType>com.xpn.xwiki.objects.classes.TextAreaClass</classType>
      </parameters>
      <scope>
        <cache>0</cache>
        <disabled>0</disabled>
        <displayType>select</displayType>
        <multiSelect>0</multiSelect>
        <name>scope</name>
        <number>5</number>
        <prettyName>Extension Scope</prettyName>
        <relationalStorage>0</relationalStorage>
        <separator> </separator>
        <separators>|, </separators>
        <size>1</size>
        <unmodifiable>0</unmodifiable>
        <values>wiki=Current Wiki|user=Current User|global=Global</values>
        <classType>com.xpn.xwiki.objects.classes.StaticListClass</classType>
      </scope>
    </class>
    <property>
      <content>{{velocity}}{{html clean="false"}} ## we need clean="false" because we want to display the raw content of #submenuitem()
#if ($hasSpaceAdmin &amp;&amp; $isAdminAppInstalled)
  #template('menus_macros.vm')
  #set ($adminspaceaction = $xwiki.getURL($spacePreferencesDocumentReference, 'admin'))
  #if ($doc.name == 'WebHome')
    #set ($title = $services.localization.render('core.menu.admin.page'))
  #else
    #set ($title = $services.localization.render('core.menu.admin.parent'))
  #end
  #submenuitem($adminspaceaction $title 'tmAdminSpace', '', 'wrench')
#end
{{/html}}{{/velocity}}</content>
    </property>
    <property>
      <extensionPointId>org.xwiki.plaftorm.adminactions</extensionPointId>
    </property>
    <property>
      <name>org.xwiki.plaftorm.administration.ui.adminPage</name>
    </property>
    <property>
      <parameters>separator=true
order=10000</parameters>
    </property>
    <property>
      <scope>wiki</scope>
    </property>
  </object>
</xwikidoc>
