<?xml version="1.0" encoding="UTF-8"?>

<!--
 * See the NOTICE file distributed with this work for additional
 * information regarding copyright ownership.
 *
 * This is free software; you can redistribute it and/or modify it
 * under the terms of the GNU Lesser General Public License as
 * published by the Free Software Foundation; either version 2.1 of
 * the License, or (at your option) any later version.
 *
 * This software is distributed in the hope that it will be useful,
 * but WITHOUT ANY WARRANTY; without even the implied warranty of
 * MERCHANTABILITY or FITNESS FOR A PARTICULAR PURPOSE. See the GNU
 * Lesser General Public License for more details.
 *
 * You should have received a copy of the GNU Lesser General Public
 * License along with this software; if not, write to the Free
 * Software Foundation, Inc., 51 Franklin St, Fifth Floor, Boston, MA
 * 02110-1301 USA, or see the FSF site: http://www.fsf.org.
-->

<xwikidoc version="1.2" reference="XWiki.AdminTranslations" locale="">
  <web>XWiki</web>
  <name>AdminTranslations</name>
  <language/>
  <defaultLanguage>en</defaultLanguage>
  <translation>0</translation>
  <creator>xwiki:XWiki.Admin</creator>
  <creationDate>1468935269000</creationDate>
  <parent>XWiki.WebHome</parent>
  <author>xwiki:XWiki.Admin</author>
  <contentAuthor>xwiki:XWiki.Admin</contentAuthor>
  <date>1468935411000</date>
  <contentUpdateDate>1468935411000</contentUpdateDate>
  <version>1.1</version>
  <title>AdminTranslations</title>
  <comment/>
  <minorEdit>false</minorEdit>
  <syntaxId>plain/1.0</syntaxId>
  <hidden>true</hidden>
  <content>administration.title=Administration
administration.title.page=Page Administration
administration.title.wiki=Wiki Administration
administration.title.global=Global Administration
administration.sectionTitle=Administration: {0}
administration.sectionTitle.page=Page Administration: {0}
administration.sectionTitle.wiki=Wiki Administration: {0}
administration.sectionTitle.global=Global Administration: {0}
administration.menu.search.hint=Search for...
administration.menu.search.noResults=No results.

# Registration Section
XWiki.XWikiPreferences_use_email_verification.hint=If set to "Yes" then an email will be sent to the email address provided when filling the registration form.
XWiki.XWikiPreferences_auth_active_check.hint=If set to "Yes" it will prevent the users from logging in without entering the token which was previously sent by email.
XWiki.XWikiPreferences_validation_email_content.hint=The email template that will be send to users in order to validate their email address.
XWiki.XWikiPreferences_confirmation_email_content.hint=The email template that corresponds to the mail that is sent after the user validates his account by clicking on the validation link in the first email he receives.
XWiki.XWikiPreferences_invitation_email_content.hint=The email template that will be send to users that are invited to register.

XWiki.Registration_heading.hint=This is the line at the top of the page which is shown to people who are registering and when they have just registered. Velocity and wiki syntax may be used.
XWiki.Registration_welcomeMessage.hint=This is only shown when people are filling out the form. Velocity and wiki Syntax code may be used.
XWiki.Registration_liveValidation_enabled.hint=Set this to false to disable the live validation JavaScript code (fields will still be validated at the server side).
XWiki.Registration_liveValidation_defaultFieldOkMessage.hint=Live validation shows a message to indicate to users that they have filled in the field satisfactorily. This is the message they will get if it is not overridden for a particular field. Velocity code may be used.
XWiki.Registration_loginButton_enabled.hint=When the user has registered, we provide a button for them to click which will post their user name and password to the login action and get them logged in right away. This however causes the user name and password to be passed back in the HTML which may be unacceptable depending on your security needs.
XWiki.Registration_loginButton_autoLogin_enabled.hint=If login button is enabled, then you can have a piece of JavaScript push the login button for the user.
XWiki.Registration_defaultRedirect.hint=This is the URL the user will be redirected to after pushing the login button if the xredirect parameter is not specified. Velocity code may be used.
XWiki.Registration_requireCaptcha.hint=Set this true to require the user to solve a CAPTCHA in order to register.
XWiki.Registration_registrationSuccessMessage.hint=This is shown to the user when they have registered successfully. Velocity and wiki syntax code may be used.

# Look &amp; Feel Sections
admin.themes=Themes
admin.themes.description=Customize the color and icon themes, skin and logo.
admin.colorthemes.local=Local
admin.colorthemes.global=Global
XWiki.XWikiPreferences_showannotations.hint=Display the annotations section in the page layout.
XWiki.XWikiPreferences_showcomments.hint=Display the comments section in the page layout.
XWiki.XWikiPreferences_showattachments.hint=Display the attachments section in the page layout.
XWiki.XWikiPreferences_showhistory.hint=Display the history section in the page layout.
XWiki.XWikiPreferences_showinformation.hint=Display the information section in the page layout.
XWiki.XWikiPreferences_title.hint=Define the page title format as seen by browsers.
XWiki.XWikiPreferences_meta.hint=Define the meta data added to each page, specifying page description, author, keywords etc.
XWiki.XWikiPreferences_webcopyright.hint=Define the informations displayed in the copyright section of the footer.
XWiki.XWikiPreferences_version.hint=Define the informations displayed in the version section of the footer.
XWiki.XWikiPreferences_skin.hint=Specify the default skin used. It can be a filesystem skin, example "flamingo", or a custom page skin, example "XWiki.DefaultSkin"
XWiki.XWikiPreferences_iconTheme.hint=Specify the icon theme to use by default.
XWiki.XWikiPreferences_colorTheme.hint=Specify the color theme to use by default.

# Editing Sections
admin.edit=Editing
admin.edit.description=Configure the edit mode, the WYSIWYG editor and the available syntaxes.
admin.title=Title
XWiki.XWikiPreferences_xwiki.title.mandatory.hint=Prevent the users from creating wiki pages with empty title.
XWiki.XWikiPreferences_editor.hint=Select the type of editor to use by default for editing the page content.
XWiki.XWikiPreferences_editcomment.hint=Allow entering a message when creating a new page version.
XWiki.XWikiPreferences_editcomment_mandatory.hint=For each change made, the page will not be saved until a version summary message is given.
XWiki.XWikiPreferences_minoredit.hint=Allow pages to have major (x.1) and minor (1.x) versions. The minor versions can be seen using the "Show Minor Edits" button from the page History.
admin.wysiwyg.description=Choose the default WYSIWYG editor and configure it.
XWiki.XWikiPreferences_core.defaultDocumentSyntax.hint=The markup syntax used by default for the page content when creating a new wiki page.

# Localization Section
XWiki.XWikiPreferences_multilingual.hint=Enable multilingual mode if your wiki has content in multiple languages. This will allow your users to translate the wiki pages and to view the interface in their preferred language.
XWiki.XWikiPreferences_languages.hint=Select the languages that will be available in the interface. The users will be able to translate the pages of your wiki in any of these languages (if multilingual mode is enabled).
XWiki.XWikiPreferences_default_language.hint=Select the default language of the wiki
XWiki.XWikiPreferences_dateformat.hint=Specify the format used to display the dates (e.g. the page creation date)
XWiki.XWikiPreferences_timezone.hint=Globally set the timezone for the dates

# Import Section
administration.section.import.hint=Begin by uploading a new package or by selecting one from the list of available packages. The content of the selected package will be displayed on the right along with the import options.

# Export Section
administration.section.export.packageName.hint=The file name used when generating the archive with the exported content.
administration.section.export.description.hint=The package description, displayed when importing the package.
administration.section.export.licence.hint=The content licence. E.g.: LGPL, GPLV2, etc.
administration.section.export.author.hint=The package author.
administration.section.export.version.hint=The package version.
administration.section.export.withHistory.hint=Include the page history in the export. Only the latest version of a page is exported otherwise.
administration.section.export.backupPack.hint=Specify if the package will be used as a backup. This option doesn't affect the exported content. The only effect is that the "Import as backup package" option will be preselected when your import the package. The difference between a backup package and a normal package is that in the first case the page last author is preserved during the import, while in the second case the user performing the import becomes the last author of each imported page.

# Other Category
admin.other=Other
admin.other.description=Various configurations for extensions.
administration.section.analytics.status=Status
administration.section.analytics.status.hint=Determine if the tracking in Google Analytics™ is active or not</content>
  <object>
    <name>XWiki.AdminTranslations</name>
    <number>0</number>
    <className>XWiki.TranslationDocumentClass</className>
    <guid>554b2ee4-98dc-48ef-b436-ef0cf7d38c4f</guid>
    <class>
      <name>XWiki.TranslationDocumentClass</name>
      <customClass/>
      <customMapping/>
      <defaultViewSheet/>
      <defaultEditSheet/>
      <defaultWeb/>
      <nameField/>
      <validationScript/>
      <scope>
        <cache>0</cache>
        <disabled>0</disabled>
        <displayType>select</displayType>
        <multiSelect>0</multiSelect>
        <name>scope</name>
        <number>1</number>
        <prettyName>Scope</prettyName>
        <relationalStorage>0</relationalStorage>
        <separator> </separator>
        <separators>|, </separators>
        <size>1</size>
        <unmodifiable>0</unmodifiable>
        <values>GLOBAL|WIKI|USER|ON_DEMAND</values>
        <classType>com.xpn.xwiki.objects.classes.StaticListClass</classType>
      </scope>
    </class>
    <property>
      <scope>WIKI</scope>
    </property>
  </object>
</xwikidoc>
