<?xml version="1.0" encoding="UTF-8"?>

<!--
 * See the NOTICE file distributed with this work for additional
 * information regarding copyright ownership.
 *
 * This is free software; you can redistribute it and/or modify it
 * under the terms of the GNU Lesser General Public License as
 * published by the Free Software Foundation; either version 2.1 of
 * the License, or (at your option) any later version.
 *
 * This software is distributed in the hope that it will be useful,
 * but WITHOUT ANY WARRANTY; without even the implied warranty of
 * MERCHANTABILITY or FITNESS FOR A PARTICULAR PURPOSE. See the GNU
 * Lesser General Public License for more details.
 *
 * You should have received a copy of the GNU Lesser General Public
 * License along with this software; if not, write to the Free
 * Software Foundation, Inc., 51 Franklin St, Fifth Floor, Boston, MA
 * 02110-1301 USA, or see the FSF site: http://www.fsf.org.
-->

<xwikidoc version="1.2" reference="XWiki.TemplateProviderTranslations" locale="">
  <web>XWiki</web>
  <name>TemplateProviderTranslations</name>
  <language/>
  <defaultLanguage>en</defaultLanguage>
  <translation>0</translation>
  <creator>xwiki:XWiki.Admin</creator>
  <creationDate>1467626480000</creationDate>
  <parent>XWiki.TemplateProviderClass</parent>
  <author>xwiki:XWiki.Admin</author>
  <contentAuthor>xwiki:XWiki.Admin</contentAuthor>
  <date>1467626545000</date>
  <contentUpdateDate>1467626545000</contentUpdateDate>
  <version>1.1</version>
  <title>TemplateProvider Translations</title>
  <comment/>
  <minorEdit>false</minorEdit>
  <syntaxId>plain/1.0</syntaxId>
  <hidden>true</hidden>
  <content>administration.templateProvider.description=Description
administration.templateProvider.description.hint=The information to be displayed for template provider when a new page is created.
administration.templateProvider.icon=Icon
administration.templateProvider.icon.hint=The icon to be displayed for template provider when a new page is created. Select one from the {0}full list of icons{1}.
administration.templateProvider.creationRestrictions=Creation Restrictions
administration.templateProvider.creationRestrictions.hint=The list of locations (including their children) where this template is allowed to create pages
administration.templateProvider.creationRestrictions.none=This template can create pages everywhere
administration.templateProvider.creationRestrictionsAreSuggestions=Creation Restrictions as Suggestions
administration.templateProvider.creationRestrictionsAreSuggestions.hint=Allows the user to select any location to create the page with this template, using the first creation restriction as the prefilled default location when the template is selected from the list.</content>
  <object>
    <name>XWiki.TemplateProviderTranslations</name>
    <number>0</number>
    <className>XWiki.TranslationDocumentClass</className>
    <guid>90862be8-5257-4772-8a29-940a2cf54046</guid>
    <class>
      <name>XWiki.TranslationDocumentClass</name>
      <customClass/>
      <customMapping/>
      <defaultViewSheet/>
      <defaultEditSheet/>
      <defaultWeb/>
      <nameField/>
      <validationScript/>
      <scope>
        <cache>0</cache>
        <disabled>0</disabled>
        <displayType>select</displayType>
        <multiSelect>0</multiSelect>
        <name>scope</name>
        <number>1</number>
        <prettyName>Scope</prettyName>
        <relationalStorage>0</relationalStorage>
        <separator> </separator>
        <separators>|, </separators>
        <size>1</size>
        <unmodifiable>0</unmodifiable>
        <values>GLOBAL|WIKI|USER|ON_DEMAND</values>
        <classType>com.xpn.xwiki.objects.classes.StaticListClass</classType>
      </scope>
    </class>
    <property>
      <scope>WIKI</scope>
    </property>
  </object>
</xwikidoc>
