<?xml version="1.0" encoding="UTF-8"?>

<!--
 * See the NOTICE file distributed with this work for additional
 * information regarding copyright ownership.
 *
 * This is free software; you can redistribute it and/or modify it
 * under the terms of the GNU Lesser General Public License as
 * published by the Free Software Foundation; either version 2.1 of
 * the License, or (at your option) any later version.
 *
 * This software is distributed in the hope that it will be useful,
 * but WITHOUT ANY WARRANTY; without even the implied warranty of
 * MERCHANTABILITY or FITNESS FOR A PARTICULAR PURPOSE. See the GNU
 * Lesser General Public License for more details.
 *
 * You should have received a copy of the GNU Lesser General Public
 * License along with this software; if not, write to the Free
 * Software Foundation, Inc., 51 Franklin St, Fifth Floor, Boston, MA
 * 02110-1301 USA, or see the FSF site: http://www.fsf.org.
-->

<xwikidoc>
  <web>XAppManager</web>
  <name>CreateApplication</name>
  <language/>
  <defaultLanguage/>
  <translation>0</translation>
  <parent>XAppManager.WebHome</parent>
  <creator>xwiki:XWiki.Admin</creator>
  <author>xwiki:XWiki.Admin</author>
  <customClass/>
  <contentAuthor>xwiki:XWiki.Admin</contentAuthor>
  <creationDate>1192218584000</creationDate>
  <date>1319471158000</date>
  <contentUpdateDate>1319471158000</contentUpdateDate>
  <version>1.1</version>
  <title/>
  <template/>
  <defaultTemplate/>
  <validationScript/>
  <comment/>
  <minorEdit>false</minorEdit>
  <syntaxId>xwiki/1.0</syntaxId>
  <hidden>true</hidden>
  <content>#set($AppManager = $services.applicationmanager)
#if(!$AppManager)
  #error($services.localization.render('xapp.pluginnotenabled'))
#end
##
#set($Exception = $AppManager.DefaultException)
##
#set($appdocument = $AppManager.createApplicationDocument())
#set($appdocumentobject = $appdocument.updateObjectFromRequest("XAppClasses.XWikiApplicationClass"))
##
#set($action = $request.getParameter("action"))
##
#############################################################################
##
1 $services.localization.render('xapp.createapplication')
##
#if($action)
  #if($action == "create")
    #set($result = $AppManager.createApplication($appdocument, true))
    #if ($result == $Exception.ERROR_NOERROR)
      &lt;font color=green&gt;
        $services.localization.render('xapp.successcreateapp', [$appdocument.appname, $appdocument.getFullName()])
      &lt;/font&gt;
    #else
      &lt;font color=red&gt;
        #if ($result == $Exception.ERROR_AM_APPDOCALREADYEXISTS)
          $services.localization.render('xapp.errorcreateapp.ERROR_AM_APPDOCALREADYEXISTS', [$appdocument.appname])
        #else
          $services.localization.render('xapp.errorcreateapp', [$appdocument.appname, $result])
        #end
      &lt;/font&gt;
    #end
  #end
#end
##
&lt;form method="get" action="$doc.getURL()"&gt;
  &lt;div&gt;
    &lt;input type="hidden" name="form_token" value="$!{services.csrf.getToken()}" /&gt;
    &lt;input type="hidden" name="action" value="create" /&gt;
    &lt;dl&gt;
      &lt;dt&gt;&lt;label for="XAppClasses.XWikiApplicationClass_0_appname"&gt;$services.localization.render('xapp.appname')&lt;/label&gt;&lt;/dt&gt;
      &lt;dd&gt;$appdocument.display("appname", "edit")&lt;/dd&gt;
      &lt;dt&gt;&lt;label for="XAppClasses.XWikiApplicationClass_0_description"&gt;$services.localization.render('xapp.description')&lt;/label&gt;&lt;/dt&gt;
      &lt;dd&gt;$appdocument.display("description", "edit")&lt;/dd&gt;
      &lt;dt&gt;&lt;label for="XAppClasses.XWikiApplicationClass_0_appversion"&gt;$services.localization.render('version')&lt;/label&gt;&lt;/dt&gt;
      &lt;dd&gt;$appdocument.display("appversion", "edit")&lt;/dd&gt;
    &lt;/dl&gt;
  &lt;/div&gt;
  &lt;p&gt;
    &lt;input class="button" type="submit" value="$services.localization.render('create')" /&gt;
  &lt;/p&gt;
&lt;/form&gt;</content>
</xwikidoc>
