<?xml version="1.0" encoding="UTF-8"?>

<!--
 * See the NOTICE file distributed with this work for additional
 * information regarding copyright ownership.
 *
 * This is free software; you can redistribute it and/or modify it
 * under the terms of the GNU Lesser General Public License as
 * published by the Free Software Foundation; either version 2.1 of
 * the License, or (at your option) any later version.
 *
 * This software is distributed in the hope that it will be useful,
 * but WITHOUT ANY WARRANTY; without even the implied warranty of
 * MERCHANTABILITY or FITNESS FOR A PARTICULAR PURPOSE. See the GNU
 * Lesser General Public License for more details.
 *
 * You should have received a copy of the GNU Lesser General Public
 * License along with this software; if not, write to the Free
 * Software Foundation, Inc., 51 Franklin St, Fifth Floor, Boston, MA
 * 02110-1301 USA, or see the FSF site: http://www.fsf.org.
-->

<xwikidoc version="1.1">
  <web>Blog</web>
  <name>BlogParameters</name>
  <language/>
  <defaultLanguage/>
  <translation>0</translation>
  <creator>xwiki:XWiki.Admin</creator>
  <creationDate>1373016402000</creationDate>
  <parent>Blog.WebHome</parent>
  <author>xwiki:XWiki.Admin</author>
  <contentAuthor>xwiki:XWiki.Admin</contentAuthor>
  <date>1373018319000</date>
  <contentUpdateDate>1373018319000</contentUpdateDate>
  <version>1.1</version>
  <title>Constants and variables for the Blog application</title>
  <comment/>
  <minorEdit>false</minorEdit>
  <syntaxId>xwiki/2.0</syntaxId>
  <hidden>true</hidden>
  <content>{{velocity output="false"}}
## Blog
#set($blogClassname = 'Blog.BlogClass')
#set($blogTemplate = 'Blog.BlogTemplate')
#set($blogSheet = 'Blog.BlogSheet')
## Blog entries
#set($blogPostClassname = 'Blog.BlogPostClass')
#set($blogPostTemplate = 'Blog.BlogPostTemplate')
#set($blogPostSheet = 'Blog.BlogPostSheet')
#set($blogPostObjectNumber = $xwiki.getDocument($blogPostTemplate).getObject($blogPostClassname).number)
#set($oldArticleClassname = 'XWiki.ArticleClass')
## Categories
#set($blogCategoryClassname = 'Blog.CategoryClass')
#set($blogCategoryTemplate = 'Blog.CategoryTemplate')
#set($blogCategorySheet = 'Blog.CategorySheet')
#set($oldBlogCategoryClassname = 'Blog.Categories')
#set($defaultCategoryParent = 'Blog.Categories')
## Style
#set($blogStyleDocumentName = 'Blog.BlogStyle')
#set($blogStyleDocument = $xwiki.getDocument($blogStyleDocumentName))
## Clientside scripts
#set($blogScriptsDocumentName = 'Blog.BlogScripts')
#set($blogPublisher = $xwiki.getDocument('Blog.Publisher'))
## Misc
#set($thisURL = $doc.getURL($xcontext.action, $request.queryString))
#set($isBlogPost = $doc.getObject($blogPostClassname))
##
##
##
#**
 * Displays an image, taken from the blog style document.
 * 
 * @param $imgName The name of the icon to use (without the extension).
 * @param alt The alternate text that should be displayed when images are not viewable.
 *#
#macro(toolImage $imgName $alt)[[image:path:$xwiki.getSkinFile("icons/silk/${imgName}.png")||class="icon-manage" alt="${alt}"]]#end
{{/velocity}}</content>
</xwikidoc>
