<?xml version="1.0" encoding="UTF-8"?>

<!--
 * See the NOTICE file distributed with this work for additional
 * information regarding copyright ownership.
 *
 * This is free software; you can redistribute it and/or modify it
 * under the terms of the GNU Lesser General Public License as
 * published by the Free Software Foundation; either version 2.1 of
 * the License, or (at your option) any later version.
 *
 * This software is distributed in the hope that it will be useful,
 * but WITHOUT ANY WARRANTY; without even the implied warranty of
 * MERCHANTABILITY or FITNESS FOR A PARTICULAR PURPOSE. See the GNU
 * Lesser General Public License for more details.
 *
 * You should have received a copy of the GNU Lesser General Public
 * License along with this software; if not, write to the Free
 * Software Foundation, Inc., 51 Franklin St, Fifth Floor, Boston, MA
 * 02110-1301 USA, or see the FSF site: http://www.fsf.org.
-->

<xwikidoc>
  <web>XAppResources</web>
  <name>Translations</name>
  <language>pt_BR</language>
  <defaultLanguage>en</defaultLanguage>
  <translation>1</translation>
  <parent>XAppResources.WebHome</parent>
  <creator>xwiki:XWiki.Admin</creator>
  <author>xwiki:XWiki.Admin</author>
  <customClass/>
  <contentAuthor>xwiki:XWiki.Admin</contentAuthor>
  <creationDate>1192218584000</creationDate>
  <date>1278346254000</date>
  <contentUpdateDate>1278346254000</contentUpdateDate>
  <version>1.1</version>
  <title/>
  <template/>
  <defaultTemplate/>
  <validationScript/>
  <comment/>
  <minorEdit>false</minorEdit>
  <syntaxId>plain/1.0</syntaxId>
  <hidden>true</hidden>
  <content>## XWiki Translation for language pt_BR generated from http://www.l10n.xwiki.org
xapp.action.exportnonrecurse=Exportar (não-recursivo)
xapp.action.exportrecurse=Exportar
xapp.action.reloadapp=Recarregar
xapp.answer.deleteapp.msg=Você tem certeza que deseja remover a aplicação "{0}" ?
xapp.answer.deleteapp.title=Remover aplicação "{0}"
xapp.answer.exportapp.recursive=Recursivo
xapp.answer.exportapp.title=Exporta aplicação "{0}"
xapp.answer.exportapp.withdetails=Com histórico
xapp.appmanager=Gerenciador de Aplicações
xapp.appname=Nome da aplicação
xapp.availablefilestoimport=Arquivos disponíveis para importar
xapp.createapplication=Criar nova aplicação
xapp.description=Descrição
xapp.docname=Nome do documento
xapp.errorcreateapp=Um erro ocorreu ao criar a aplicação "{0}" (código "{1}").
xapp.errorcreateapp.ERROR_AM_APPDOCALREADYEXISTS=Aplicação "{0}" já existe. Escolha outro nome.
xapp.errordeleteapp=Um erro ocorreu ao remover a aplicação "{0}" (código "{1}").
xapp.errorexportapp=Ocorreu um erro ao exportar a aplicação "{0}" (código "{1}").
xapp.errorimportapp=Um erro ocorreu ao importar o pacote de aplicação "{0}" (código "{1}").
xapp.errorreloadapp=Um erro ocorreu ao recarregar a aplicação "{0}" (código "{1}").
xapp.legend.application=Aplicação
xapp.legend.validate=Validar
xapp.pluginnotenabled=O plugin Gerenciador de Aplicações não está habilitado. Essa página não vai funcionar corretamente. Verifique se "com.xpn.xwiki.plugin.applicationmanager.ApplicationManagerPlugin" está listado no parâmetro xwiki.plugins no arquivo xwiki.cfg.
xapp.successcreateapp=A aplicação "{0}" foi criada. Você pode acessá-la em [{1}].
xapp.successdeleteapp=Aplicação "{0}" removida com sucesso.
xapp.successexportapp=Aplicação "{0}" exportada com sucesso.
xapp.successimportapp=Importado com sucesso o pacote de aplicação "{0}".
xapp.successreloadapp=Aplicação "{0}" recarregada com sucesso.
xapp.totalnumberofapp=Número total de aplicações
</content>
</xwikidoc>
