<?xml version="1.0" encoding="UTF-8"?>

<!--
 * See the NOTICE file distributed with this work for additional
 * information regarding copyright ownership.
 *
 * This is free software; you can redistribute it and/or modify it
 * under the terms of the GNU Lesser General Public License as
 * published by the Free Software Foundation; either version 2.1 of
 * the License, or (at your option) any later version.
 *
 * This software is distributed in the hope that it will be useful,
 * but WITHOUT ANY WARRANTY; without even the implied warranty of
 * MERCHANTABILITY or FITNESS FOR A PARTICULAR PURPOSE. See the GNU
 * Lesser General Public License for more details.
 *
 * You should have received a copy of the GNU Lesser General Public
 * License along with this software; if not, write to the Free
 * Software Foundation, Inc., 51 Franklin St, Fifth Floor, Boston, MA
 * 02110-1301 USA, or see the FSF site: http://www.fsf.org.
-->

<xwikidoc>
  <web>XAppResources</web>
  <name>Translations</name>
  <language>nl</language>
  <defaultLanguage>en</defaultLanguage>
  <translation>1</translation>
  <parent>XAppResources.WebHome</parent>
  <creator>xwiki:XWiki.Admin</creator>
  <author>xwiki:XWiki.Admin</author>
  <customClass/>
  <contentAuthor>xwiki:XWiki.Admin</contentAuthor>
  <creationDate>1192218584000</creationDate>
  <date>1357298547000</date>
  <contentUpdateDate>1357298544000</contentUpdateDate>
  <version>1.1</version>
  <title/>
  <template/>
  <defaultTemplate/>
  <validationScript/>
  <comment/>
  <minorEdit>false</minorEdit>
  <syntaxId>plain/1.0</syntaxId>
  <hidden>true</hidden>
  <content>## XWiki Translation for language nl generated from http://www.l10n.xwiki.org
xapp.action.exportnonrecurse=Eksportēt (nerekursīvi)
xapp.action.exportrecurse=Eksportēt
xapp.action.reloadapp=Pārlādēt
xapp.answer.deleteapp.msg=Vai tiešām vēlaties dzēst lietotni "{0}"?
xapp.answer.deleteapp.title=Dzēst lietotni "{0}"
xapp.answer.exportapp.recursive=Rekursīvi
xapp.answer.exportapp.title=Eksportēt lietotni "{0}"
xapp.answer.exportapp.withdetails=Ar vēsturi
xapp.appmanager=Lietotņu pārvaldnieks
xapp.appname=Lietotnes nosaukums
xapp.availablefilestoimport=Importēšanai pieejamie faili
xapp.createapplication=Izveidot jaunu lietotni
xapp.description=Apraksts
xapp.docname=Dokumenta nosaukums
xapp.errorcreateapp=Veidojot lietotni "{0}" radās kļūda (kods "{1}").
xapp.errorcreateapp.ERROR_AM_APPDOCALREADYEXISTS=Lietotne "{0}" jau pastāv. Izvēlieties citu nosaukumu.
xapp.errordeleteapp=Dzēšot lietotni "{0}" radās kļūda (kods "{1}").
xapp.errorexportapp=Eksportējot lietotni "{0}" radās kļūda (kods "{1}").
xapp.errorimportapp=Importējot lietotni "{0}" radās kļūda (kods "{1}").
xapp.errorreloadapp=Pārlādējot lietotni "{0}" radās kļūda (kods "{1}").
xapp.legend.application=Lietotne
xapp.legend.validate=Pārbaudīt
xapp.pluginnotenabled=Lietotņu pārvaldnieka spraudnis nav iespējots. Pārliecinieties, ka xwiki.cfg failā parametram xwiki.plugins ir norādīts "com.xpn.xwiki.plugin.applicationmanager.ApplicationManagerPlugin"
xapp.successcreateapp=Lietotne "{0}" ir izveidota. Jūs varat to izmantot [{1}]. 
xapp.successdeleteapp=Lietotnes "{0}" dzēšana ir vieksmīga.
xapp.successexportapp=Lietotnes "{0}" eksportēšana ir vieksmīga.
xapp.successimportapp=Lietotnes "{0}" importēšana ir vieksmīga.
xapp.successreloadapp=Lietotnes "{0}" pārlādēšana ir vieksmīga.
xapp.totalnumberofapp=Kopējais lietotņus skaits
</content>
</xwikidoc>
