<?xml version="1.0" encoding="UTF-8"?>

<!--
 * See the NOTICE file distributed with this work for additional
 * information regarding copyright ownership.
 *
 * This is free software; you can redistribute it and/or modify it
 * under the terms of the GNU Lesser General Public License as
 * published by the Free Software Foundation; either version 2.1 of
 * the License, or (at your option) any later version.
 *
 * This software is distributed in the hope that it will be useful,
 * but WITHOUT ANY WARRANTY; without even the implied warranty of
 * MERCHANTABILITY or FITNESS FOR A PARTICULAR PURPOSE. See the GNU
 * Lesser General Public License for more details.
 *
 * You should have received a copy of the GNU Lesser General Public
 * License along with this software; if not, write to the Free
 * Software Foundation, Inc., 51 Franklin St, Fifth Floor, Boston, MA
 * 02110-1301 USA, or see the FSF site: http://www.fsf.org.
-->

<xwikidoc>
  <web>AnnotationCode</web>
  <name>Translations</name>
  <language/>
  <defaultLanguage>en</defaultLanguage>
  <translation>0</translation>
  <parent>AnnotationCode.WebHome</parent>
  <creator>xwiki:XWiki.Admin</creator>
  <author>xwiki:XWiki.Admin</author>
  <customClass/>
  <contentAuthor>xwiki:XWiki.Admin</contentAuthor>
  <creationDate>1264862667000</creationDate>
  <date>1271949711000</date>
  <contentUpdateDate>1271949711000</contentUpdateDate>
  <version>1.1</version>
  <title/>
  <template/>
  <defaultTemplate/>
  <validationScript/>
  <comment/>
  <minorEdit>false</minorEdit>
  <syntaxId>xwiki/2.0</syntaxId>
  <hidden>true</hidden>
  <object>
    <class>
      <name>XWiki.TranslationDocumentClass</name>
      <customClass/>
      <customMapping/>
      <defaultViewSheet/>
      <defaultEditSheet/>
      <defaultWeb/>
      <nameField/>
      <validationScript/>
      <scope>
        <cache>0</cache>
        <disabled>0</disabled>
        <displayType>select</displayType>
        <multiSelect>0</multiSelect>
        <name>scope</name>
        <number>1</number>
        <prettyName>Scope</prettyName>
        <relationalStorage>0</relationalStorage>
        <separator> </separator>
        <separators> ,|</separators>
        <size>1</size>
        <unmodifiable>0</unmodifiable>
        <values>GLOBAL|WIKI|USER|ON_DEMAND</values>
        <classType>com.xpn.xwiki.objects.classes.StaticListClass</classType>
      </scope>
    </class>
    <name>AnnotationCode.Translations</name>
    <number>0</number>
    <className>XWiki.TranslationDocumentClass</className>
    <guid>6e5e105f-6c05-4103-80c7-c938025deb4c</guid>
    <property>
      <scope>WIKI</scope>
    </property>
  </object>
  <content>annotations.title=Annotations
annotations.menu.loading=Loading annotations settings
annotations.menu.loaderror=Failed: 
annotations.tab.info.noannotations=No annotations for this document

annotations.settings.display=Show annotations 
annotations.settings.error.wrongsyntax=Annotations are not available for documents in XWiki/1.0 syntax.
annotations.settings.error.notarget=No document specified to get annotations settings for.

annotations.annotated.loading=Loading annotated document
annotations.annotated.loaderror=Failed: 
annotations.annotated.loaderror.wrongresponse=Wrongly formatted server response
annotations.annotated.error.noannotatedelement=Annotations could not be loaded because the content is not available.
annotations.annotated.error.wrongsyntax=Annotations are not available for documents in XWiki/1.0 syntax.

annotations.action.edit.text=[Edit]
annotations.action.edit.tooltip=Edit this annotation
annotations.action.edit.submit.text=Update
annotations.action.edit.cancel.text=Cancel
annotations.action.edit.success=Annotation has been successfully updated.
annotations.action.edit.loaderror=Failed: 
annotations.action.edit.error.notfound=This annotation does not exist anymore. Please refresh the page for an updated view.

annotations.action.delete.text=[Delete]
annotations.action.delete.tooltip=Delete this annotation
annotations.action.delete.confirm=Are you sure you want to delete this annotation?
annotations.action.delete.inProgress=Deleting annotation...
annotations.action.delete.done=Annotation deleted
annotations.action.delete.failed=Failed to delete annotation: 

annotations.action.create.submit.text=Add annotation
annotations.action.create.cancel.text=Cancel
annotations.action.create.selection.invalid=Please select a non-empty text in the document content.
annotations.action.create.form.loaderror=Failed: 
annotations.action.create.success=Annotation has been successfully added
annotations.action.create.loaderror=Failed: 
annotations.action.create.error.unauthorized=You are not authorized to add annotations on this document. 
annotations.action.create.error.unauthorizedguest=You are not authorized to add annotations on this document. Try to login first.
annotations.action.create.helpmessage=To annotate a piece of text, select it and hit {0}.
annotations.action.create.error.wrongsyntax=Annotations are not available for documents in XWiki/1.0 syntax.
annotations.action.create.error.notarget=Unspecified target (document) to create annotations for.

annotations.action.view.hide.text=hide
annotations.action.view.form.loaderror=Failed: 
annotations.action.view.error.notfound=This annotation does not exist anymore. Please refresh the page for an updated view.
annotations.action.view.thread=See thread

annotations.altered.text=This annotation could not be displayed because the annotated text was not found in the document: 
annotations.updated.text=This annotation was automatically repositioned after an update of the document. Originally: 
annotations.action.validate.text=[Validate]
annotations.action.validate.tooltip=Validate the automatic update of the selected text of this annotation
annotations.action.validate.success=Annotation has been successfully validated.
annotations.action.validate.loaderror=Failed: 

annotations.filters.show=Refine the display criteria
annotations.filters.nooption=There are no values to filter for "{0}"
annotations.filters.anyvalue=any value
annotations.filters.clearvalue=clear

annotations.config.title=Annotations configuration panel
annotations.config.display.title=Annotation display settings
annotations.config.type.title=Annotation type settings
annotations.config.activate.title=Annotation activation settings
annotations.config.activate.explanation=The following two settings allow you to configure in which spaces are annotations active. The first setting specifies the general rule, while the second list specifies the spaces for which the rule shouldn't apply. For example, activated "yes" and exception spaces "XWiki" and "Main" means that annotations will be active on all spaces except for "XWiki" and "Main", while activated "no" and exception spaces "Documents" means that annotations will be active only for the "Documents" space.
annotations.config.type.explanation=Add properties to this class if you want extra properties for your annotations.
admin.annotations=Annotations

AnnotationCode.AnnotationConfig_activated=Annotations are activated
AnnotationCode.AnnotationConfig_exceptionSpaces=Except for the following spaces
AnnotationCode.AnnotationConfig_displayed=Display annotations by default
AnnotationCode.AnnotationConfig_displayHighlight=Display annotations highlight by default
AnnotationCode.AnnotationConfig_annotationClass=XWiki class defining annotations structure</content>
</xwikidoc>
