<?xml version="1.0" encoding="UTF-8"?>

<!--
 * See the NOTICE file distributed with this work for additional
 * information regarding copyright ownership.
 *
 * This is free software; you can redistribute it and/or modify it
 * under the terms of the GNU Lesser General Public License as
 * published by the Free Software Foundation; either version 2.1 of
 * the License, or (at your option) any later version.
 *
 * This software is distributed in the hope that it will be useful,
 * but WITHOUT ANY WARRANTY; without even the implied warranty of
 * MERCHANTABILITY or FITNESS FOR A PARTICULAR PURPOSE. See the GNU
 * Lesser General Public License for more details.
 *
 * You should have received a copy of the GNU Lesser General Public
 * License along with this software; if not, write to the Free
 * Software Foundation, Inc., 51 Franklin St, Fifth Floor, Boston, MA
 * 02110-1301 USA, or see the FSF site: http://www.fsf.org.
-->

<xwikidoc version="1.1">
  <web>AppWithinMinutes</web>
  <name>ClassTemplate</name>
  <language/>
  <defaultLanguage/>
  <translation>0</translation>
  <creator>xwiki:XWiki.Admin</creator>
  <creationDate>1322498782000</creationDate>
  <parent>AppWithinMinutes.WebHome</parent>
  <author>xwiki:XWiki.Admin</author>
  <contentAuthor>xwiki:XWiki.Admin</contentAuthor>
  <date>1322498995000</date>
  <contentUpdateDate>1322498995000</contentUpdateDate>
  <version>1.1</version>
  <title>ClassTemplate</title>
  <comment/>
  <minorEdit>false</minorEdit>
  <syntaxId>xwiki/2.0</syntaxId>
  <hidden>true</hidden>
  <content/>
  <object>
    <name>AppWithinMinutes.ClassTemplate</name>
    <number>0</number>
    <className>AppWithinMinutes.MetadataClass</className>
    <guid>52ffdd89-145e-4943-aa45-eadf6c87c805</guid>
    <class>
      <name>AppWithinMinutes.MetadataClass</name>
      <customClass/>
      <customMapping/>
      <defaultViewSheet/>
      <defaultEditSheet/>
      <defaultWeb/>
      <nameField/>
      <validationScript/>
      <dataSpaceName>
        <customDisplay/>
        <disabled>0</disabled>
        <name>dataSpaceName</name>
        <number>1</number>
        <picker>0</picker>
        <prettyName>Data Space Name</prettyName>
        <size>30</size>
        <unmodifiable>0</unmodifiable>
        <validationMessage/>
        <validationRegExp/>
        <classType>com.xpn.xwiki.objects.classes.StringClass</classType>
      </dataSpaceName>
    </class>
    <property>
      <dataSpaceName/>
    </property>
  </object>
  <object>
    <name>AppWithinMinutes.ClassTemplate</name>
    <number>0</number>
    <className>XWiki.DocumentSheetBinding</className>
    <guid>f3423be0-012c-41d6-aa15-7f11b8fda2ff</guid>
    <class>
      <name>XWiki.DocumentSheetBinding</name>
      <customClass/>
      <customMapping/>
      <defaultViewSheet/>
      <defaultEditSheet/>
      <defaultWeb/>
      <nameField/>
      <validationScript/>
      <sheet>
        <customDisplay/>
        <disabled>0</disabled>
        <name>sheet</name>
        <number>1</number>
        <picker>0</picker>
        <prettyName>Sheet</prettyName>
        <size>30</size>
        <unmodifiable>0</unmodifiable>
        <validationMessage/>
        <validationRegExp/>
        <classType>com.xpn.xwiki.objects.classes.StringClass</classType>
      </sheet>
    </class>
    <property>
      <sheet>AppWithinMinutes.ClassEditSheet</sheet>
    </property>
  </object>
  <object>
    <name>AppWithinMinutes.ClassTemplate</name>
    <number>1</number>
    <className>XWiki.DocumentSheetBinding</className>
    <guid>ebea9d40-82bb-4f76-863b-93e149d4b726</guid>
    <class>
      <name>XWiki.DocumentSheetBinding</name>
      <customClass/>
      <customMapping/>
      <defaultViewSheet/>
      <defaultEditSheet/>
      <defaultWeb/>
      <nameField/>
      <validationScript/>
      <sheet>
        <customDisplay/>
        <disabled>0</disabled>
        <name>sheet</name>
        <number>1</number>
        <picker>0</picker>
        <prettyName>Sheet</prettyName>
        <size>30</size>
        <unmodifiable>0</unmodifiable>
        <validationMessage/>
        <validationRegExp/>
        <classType>com.xpn.xwiki.objects.classes.StringClass</classType>
      </sheet>
    </class>
    <property>
      <sheet>XWiki.ClassSheet</sheet>
    </property>
  </object>
</xwikidoc>
