<?xml version="1.0" encoding="UTF-8"?>

<!--
 * See the NOTICE file distributed with this work for additional
 * information regarding copyright ownership.
 *
 * This is free software; you can redistribute it and/or modify it
 * under the terms of the GNU Lesser General Public License as
 * published by the Free Software Foundation; either version 2.1 of
 * the License, or (at your option) any later version.
 *
 * This software is distributed in the hope that it will be useful,
 * but WITHOUT ANY WARRANTY; without even the implied warranty of
 * MERCHANTABILITY or FITNESS FOR A PARTICULAR PURPOSE. See the GNU
 * Lesser General Public License for more details.
 *
 * You should have received a copy of the GNU Lesser General Public
 * License along with this software; if not, write to the Free
 * Software Foundation, Inc., 51 Franklin St, Fifth Floor, Boston, MA
 * 02110-1301 USA, or see the FSF site: http://www.fsf.org.
-->

<xwikidoc version="1.1">
  <web>XWiki</web>
  <name>AdminInlineSheet</name>
  <language/>
  <defaultLanguage/>
  <translation>0</translation>
  <creator>xwiki:XWiki.Admin</creator>
  <creationDate>1364502208000</creationDate>
  <parent>XWiki.AdminSheet</parent>
  <author>xwiki:XWiki.Admin</author>
  <contentAuthor>xwiki:XWiki.Admin</contentAuthor>
  <date>1364567364000</date>
  <contentUpdateDate>1364567364000</contentUpdateDate>
  <version>1.1</version>
  <title>AdminInlineSheet</title>
  <comment/>
  <minorEdit>false</minorEdit>
  <syntaxId>xwiki/2.0</syntaxId>
  <hidden>true</hidden>
  <content>{{velocity}}###----------------------------------
## modified version of editinline.vm
###----------------------------------
#if ($doc.fullName != 'XWiki.AdminInlineSheet') ## Prevents infinite loops
  #set($formname = 'inline')
  #set($saveaction = 'save')
  #set($previewenabled = true)
  #set($xnotification = $!request.getParameter('xnotification'))
  {{html}}
  &lt;form id="inline" method="post" action="$doc.getURL('preview')"&gt;
    &lt;div&gt;
      &lt;div class="hidden"&gt;&lt;input type="hidden" name="xcontinue" value="$doc.getURL('admin', "${request.queryString}&amp;editmode=inline").replaceAll('&amp;','&amp;amp;')" /&gt;&lt;/div&gt;
      &lt;input type="hidden" name="xredirect" value="$doc.getURL('admin', "editor=${editor}&amp;section=${section}&amp;space=XWiki").replaceAll('&amp;','&amp;amp;')" /&gt;
      &lt;input type="hidden" name="form_token" value="$!{services.csrf.getToken()}" /&gt;
      &lt;input type="hidden" name="xnotification" value="$!xnotification" /&gt;
      &lt;input type="hidden" name="template" value="$!request.template" /&gt;
      &lt;input type="hidden" name="language" value="$!doc.language" /&gt;
      #if("$!request.parent" != '')
        &lt;input type="hidden" name="parent" value="$!request.parent" /&gt;
      #end
      #if("$!request.title" != "")
        &lt;input type="hidden" name="title" value="$!request.title" /&gt;
      #end
      #set($force = $!request.get('force'))
      #if(($doc.getLocked() == true) &amp;&amp; (!$force)) ## locking
        &lt;div&gt;
        $services.localization.render('doclockedby') $xwiki.getLocalUserName($doc.getLockingUser()). &lt;br /&gt;
        &lt;a href="$doc.getURL('inline', "$!request.getQueryString()&amp;force=1")"&gt;$services.localization.render('forcelock')&lt;/a&gt;
        &lt;/div&gt;
      #else
        #foreach($class in $doc.xWikiClasses)
          #set($nb = $doc.getObjectNumbers("${class.name}"))
          &lt;input type="hidden" name="${class.name}_nb" value="$nb" /&gt;
        #end
        $doc.getTranslatedDocument().getRenderedContent()
        &lt;div class="bottombuttons"&gt;
          &lt;p class="admin-buttons"&gt;
            &lt;span class="buttonwrapper"&gt;&lt;input class="button" type="submit" name="formactioncancel" value="$services.localization.render('cancel')" onclick="document.forms.update.action='$doc.getURL('cancel')'; if (document.forms.update.onsubmit) document.forms.update.onsubmit();" /&gt;&lt;/span&gt;
            &lt;span class="buttonwrapper"&gt;&lt;input class="button" type="submit" name="formactionsac" value="$services.localization.render('saveandcontinue')" onclick="document.forms.update.action='$doc.getURL('saveandcontinue')'; if (document.forms.update.onsubmit) document.forms.update.onsubmit();if(checkDocumentContent()) document.forms.update.submit(); return false;" /&gt;&lt;/span&gt;
            &lt;span class="buttonwrapper"&gt;&lt;input class="button" type="submit" name="formactionsave" value="$services.localization.render('saveandview')" onclick="document.forms.update.action='$doc.getURL('saveandview')'; if (document.forms.update.onsubmit) document.forms.update.onsubmit();if(checkDocumentContent()) document.forms.update.submit(); return false;" /&gt;&lt;/span&gt;
          &lt;/p&gt;
        &lt;/div&gt; ## bottombuttons
      #end
    &lt;/div&gt; ## form
  &lt;/form&gt;
  #template('textarea_wysiwyg.vm')
  {{html}}
#end
{{/velocity}}</content>
</xwikidoc>
