<?xml version="1.0" encoding="UTF-8"?>

<!--
 * See the NOTICE file distributed with this work for additional
 * information regarding copyright ownership.
 *
 * This is free software; you can redistribute it and/or modify it
 * under the terms of the GNU Lesser General Public License as
 * published by the Free Software Foundation; either version 2.1 of
 * the License, or (at your option) any later version.
 *
 * This software is distributed in the hope that it will be useful,
 * but WITHOUT ANY WARRANTY; without even the implied warranty of
 * MERCHANTABILITY or FITNESS FOR A PARTICULAR PURPOSE. See the GNU
 * Lesser General Public License for more details.
 *
 * You should have received a copy of the GNU Lesser General Public
 * License along with this software; if not, write to the Free
 * Software Foundation, Inc., 51 Franklin St, Fifth Floor, Boston, MA
 * 02110-1301 USA, or see the FSF site: http://www.fsf.org.
-->

<xwikidoc version="1.2" reference="XWiki.AdminPageRightsSheet" locale="">
  <web>XWiki</web>
  <name>AdminPageRightsSheet</name>
  <language/>
  <defaultLanguage/>
  <translation>0</translation>
  <creator>xwiki:XWiki.Admin</creator>
  <creationDate>1211801338000</creationDate>
  <parent>XWiki.AdminSheet</parent>
  <author>xwiki:XWiki.Admin</author>
  <contentAuthor>xwiki:XWiki.Admin</contentAuthor>
  <date>1441103207000</date>
  <contentUpdateDate>1441103207000</contentUpdateDate>
  <version>1.1</version>
  <title>AdminPageRightsSheet</title>
  <comment/>
  <minorEdit>false</minorEdit>
  <syntaxId>xwiki/2.1</syntaxId>
  <hidden>true</hidden>
  <content>{{velocity}}
{{info}}
#set($webHomeRef = $services.model.resolveDocument('WebHome'))
## For the children link, we do not use 'viewer=children' because the WebHome might not exist and the viewer shows a
## 404 error in that case. Instead, we use 'xpage=children' because it always works, and because children document
## could exist even if the parent document does not.
$services.localization.render('admin.pagerights.info') **$services.localization.render('admin.pagerights.infoNonTerminalDoc', ['[[', "&gt;&gt;path:$xwiki.getURL($webHomeRef, 'view', 'xpage=children')]]"])**
{{/info}}

### Administrate the rights in a wiki (globally or per space).
{{html}}
#template('rightsUI.vm')
{{/html}}
{{/velocity}}</content>
</xwikidoc>
