<?xml version="1.0" encoding="UTF-8"?>

<!--
 * See the NOTICE file distributed with this work for additional
 * information regarding copyright ownership.
 *
 * This is free software; you can redistribute it and/or modify it
 * under the terms of the GNU Lesser General Public License as
 * published by the Free Software Foundation; either version 2.1 of
 * the License, or (at your option) any later version.
 *
 * This software is distributed in the hope that it will be useful,
 * but WITHOUT ANY WARRANTY; without even the implied warranty of
 * MERCHANTABILITY or FITNESS FOR A PARTICULAR PURPOSE. See the GNU
 * Lesser General Public License for more details.
 *
 * You should have received a copy of the GNU Lesser General Public
 * License along with this software; if not, write to the Free
 * Software Foundation, Inc., 51 Franklin St, Fifth Floor, Boston, MA
 * 02110-1301 USA, or see the FSF site: http://www.fsf.org.
-->

<xwikidoc reference="AppWithinMinutes.Translations" locale="es">
  <web>AppWithinMinutes</web>
  <name>Translations</name>
  <language>es</language>
  <defaultLanguage>en</defaultLanguage>
  <translation>1</translation>
  <parent>AppWithinMinutes.WebHome</parent>
  <creator>xwiki:XWiki.Admin</creator>
  <author>xwiki:XWiki.Admin</author>
  <customClass/>
  <contentAuthor>xwiki:XWiki.Admin</contentAuthor>
  <creationDate>1323097478000</creationDate>
  <date>1445422650000</date>
  <contentUpdateDate>1445422591000</contentUpdateDate>
  <version>1.1</version>
  <title/>
  <defaultTemplate/>
  <validationScript/>
  <comment/>
  <minorEdit>false</minorEdit>
  <syntaxId>plain/1.0</syntaxId>
  <hidden>true</hidden>
  <content>## XWiki Translation for language es generated from http://www.l10n.xwiki.org
appWithinMinutes.wizardStep.name.name=Nombre
appWithinMinutes.wizardStep.presentation.name=Presentación
appWithinMinutes.wizardStep.structure.name=Estructura
platform.appwithinminutes.appHomePageActionsHeading=Acciones
platform.appwithinminutes.appHomePageAddEntryHint=Añadir nueva entrada
platform.appwithinminutes.appHomePageAddEntryLabel=Añadir
platform.appwithinminutes.appHomePageEditAppLabel=Editar aplicación
platform.appwithinminutes.appHomePageEntryNameLabel=Nombre de entrada\:
platform.appwithinminutes.appHomePageTranslateAppLabel=Traducir aplicación
platform.appwithinminutes.appLiveTableDeleteEntryActionName=Borrar
platform.appwithinminutes.appLiveTableEditEntryActionName=Editar
platform.appwithinminutes.appNameLabel=Nombre de la Aplicación
platform.appwithinminutes.appNamePageTitle=Crear Aplicación
platform.appwithinminutes.appPanelCreateEntry=Crea tu propio\!
platform.appwithinminutes.appsLiveTable._actions=Acciones
platform.appwithinminutes.appsLiveTable.doc.author=Ultimo autor
platform.appwithinminutes.appsLiveTable.doc.space=Nombre de aplicación
platform.appwithinminutes.appsLiveTableHeading=Aplicaciones
platform.appwithinminutes.classEditorAdvancedCategoryName=Avanzado
platform.appwithinminutes.classEditorConfigureFieldLabel=Configurar 
platform.appwithinminutes.classEditorContentFieldName=Contenido
platform.appwithinminutes.classEditorDateFieldName=Fecha
platform.appwithinminutes.classEditorDatePickerClearSelectedDate=Limpiar 
platform.appwithinminutes.classEditorDatePickerSelectCurrentDate=Hoy
platform.appwithinminutes.classEditorDatePickerSelectCurrentTime=Ahora
platform.appwithinminutes.classEditorDeleteFieldLabel=Borrar
platform.appwithinminutes.classEditorDocumentCategoryName=Documento
platform.appwithinminutes.classEditorGroupsFieldName=Grupo
platform.appwithinminutes.classEditorMoveFieldLabel=Mover
platform.appwithinminutes.classEditorNumberFieldName=Número
platform.appwithinminutes.classEditorPreviewFieldLabel=Vista previa
platform.appwithinminutes.classEditorStaticListEditorAddItemLabel=Añadir
platform.appwithinminutes.classEditorStaticListEditorDeleteItemLabel=Borrar
platform.appwithinminutes.classEditorStaticListEditorItemValueLabel=Valor
platform.appwithinminutes.classEditorStaticListFieldName=Lista Estático
platform.appwithinminutes.classEditorTitleFieldName=Título
platform.appwithinminutes.classEditorTranslationsSaveComment=Actualización de traducciones
platform.appwithinminutes.classEditorUsersFieldName=Usuario
platform.appwithinminutes.createAppButtonLabel=Crear Aplicación
platform.appwithinminutes.liveTableEditorActionsColumnName=Acciones
platform.appwithinminutes.liveTableEditorAddColumnHint=Añadir
platform.appwithinminutes.liveTableEditorAttachmentsColumnName=Adjuntos
platform.appwithinminutes.liveTableEditorDeleteColumnHint=Borrar
platform.appwithinminutes.liveTableEditorDocAuthorColumnName=Último Autor
platform.appwithinminutes.liveTableEditorDocCreationDateColumnName=Fecha de creación
platform.appwithinminutes.liveTableEditorDocCreatorColumnName=Creador
platform.appwithinminutes.liveTableEditorDocNameColumnName=Nombre de la página
platform.appwithinminutes.liveTableEditorDocSpaceColumnName=Espacio
platform.appwithinminutes.liveTableEditorDocTitleColumnName=Título de la página
platform.appwithinminutes.liveTableEditorIcon=Icono
platform.appwithinminutes.liveTableEditorImagesColumnName=Imágenes
platform.appwithinminutes.wizardStep1Name=Nombre
platform.appwithinminutes.wizardStep2Name=Estructura
platform.appwithinminutes.wizardStep3Name=Presentación
platform.appwithinminutes.wizardStepFinishButtonLabel=Terminar
platform.appwithinminutes.wizardStepHelpTitle=Pasos
platform.appwithinminutes.wizardStepNextButtonLabel=Siguiente Paso
platform.appwithinminutes.wizardStepNextButtonTip=Ir al siguiente paso
platform.appwithinminutes.wizardStepPreviousButtonLabel=Paso Anterior
platform.appwithinminutes.wizardStepPreviousButtonTip=Ir al paso anterior
</content>
</xwikidoc>
