<?xml version="1.0" encoding="UTF-8"?>

<!--
 * See the NOTICE file distributed with this work for additional
 * information regarding copyright ownership.
 *
 * This is free software; you can redistribute it and/or modify it
 * under the terms of the GNU Lesser General Public License as
 * published by the Free Software Foundation; either version 2.1 of
 * the License, or (at your option) any later version.
 *
 * This software is distributed in the hope that it will be useful,
 * but WITHOUT ANY WARRANTY; without even the implied warranty of
 * MERCHANTABILITY or FITNESS FOR A PARTICULAR PURPOSE. See the GNU
 * Lesser General Public License for more details.
 *
 * You should have received a copy of the GNU Lesser General Public
 * License along with this software; if not, write to the Free
 * Software Foundation, Inc., 51 Franklin St, Fifth Floor, Boston, MA
 * 02110-1301 USA, or see the FSF site: http://www.fsf.org.
-->

<xwikidoc version="1.1">
  <web>XWiki</web>
  <name>AdminLocalizationSheet</name>
  <language/>
  <defaultLanguage/>
  <translation>0</translation>
  <creator>xwiki:XWiki.Admin</creator>
  <creationDate>1299686113000</creationDate>
  <parent>XWiki.AdminSheet</parent>
  <author>xwiki:XWiki.Admin</author>
  <contentAuthor>xwiki:XWiki.Admin</contentAuthor>
  <date>1299686193000</date>
  <contentUpdateDate>1299686193000</contentUpdateDate>
  <version>1.1</version>
  <title>AdminLocalizationSheet</title>
  <comment/>
  <minorEdit>false</minorEdit>
  <syntaxId>xwiki/2.0</syntaxId>
  <hidden>true</hidden>
  <content>{{velocity output="false"}}
### Administer localization wiki preferences, at global level
#set ($params = {
  'language': ['multilingual', 'languages' , 'default_language'],
  'date': ['dateformat', 'timezone']
})
## Used to display nicer inputs for the languages
#set ($discard = $xwiki.jsx.use('XWiki.AdminLocalizationSheet'))
{{/velocity}}

{{include reference="XWiki.AdminFieldsDisplaySheet" /}}</content>
  <object>
    <name>XWiki.AdminLocalizationSheet</name>
    <number>0</number>
    <className>XWiki.ConfigurableClass</className>
    <guid>801366f3-f445-450f-99b1-5e99219cc3ed</guid>
    <class>
      <name>XWiki.ConfigurableClass</name>
      <customClass/>
      <customMapping/>
      <defaultViewSheet/>
      <defaultEditSheet/>
      <defaultWeb/>
      <nameField/>
      <validationScript/>
      <categoryIcon>
        <customDisplay/>
        <disabled>0</disabled>
        <name>categoryIcon</name>
        <number>11</number>
        <picker>0</picker>
        <prettyName>categoryIcon</prettyName>
        <size>30</size>
        <unmodifiable>0</unmodifiable>
        <validationMessage/>
        <validationRegExp/>
        <classType>com.xpn.xwiki.objects.classes.StringClass</classType>
      </categoryIcon>
      <codeToExecute>
        <customDisplay/>
        <disabled>0</disabled>
        <editor>Text</editor>
        <name>codeToExecute</name>
        <number>7</number>
        <picker>0</picker>
        <prettyName>codeToExecute</prettyName>
        <rows>5</rows>
        <size>40</size>
        <unmodifiable>0</unmodifiable>
        <validationMessage/>
        <validationRegExp/>
        <classType>com.xpn.xwiki.objects.classes.TextAreaClass</classType>
      </codeToExecute>
      <configurationClass>
        <customDisplay/>
        <disabled>0</disabled>
        <name>configurationClass</name>
        <number>3</number>
        <picker>0</picker>
        <prettyName>configurationClass</prettyName>
        <size>30</size>
        <unmodifiable>0</unmodifiable>
        <validationMessage/>
        <validationRegExp/>
        <classType>com.xpn.xwiki.objects.classes.StringClass</classType>
      </configurationClass>
      <configureGlobally>
        <customDisplay/>
        <defaultValue/>
        <disabled>0</disabled>
        <displayFormType>checkbox</displayFormType>
        <displayType/>
        <name>configureGlobally</name>
        <number>4</number>
        <prettyName>configureGlobally</prettyName>
        <unmodifiable>0</unmodifiable>
        <validationMessage/>
        <validationRegExp/>
        <classType>com.xpn.xwiki.objects.classes.BooleanClass</classType>
      </configureGlobally>
      <displayBeforeCategory>
        <customDisplay/>
        <disabled>0</disabled>
        <name>displayBeforeCategory</name>
        <number>10</number>
        <picker>0</picker>
        <prettyName>displayBeforeCategory</prettyName>
        <size>30</size>
        <unmodifiable>0</unmodifiable>
        <validationMessage/>
        <validationRegExp/>
        <classType>com.xpn.xwiki.objects.classes.StringClass</classType>
      </displayBeforeCategory>
      <displayInCategory>
        <customDisplay/>
        <disabled>0</disabled>
        <name>displayInCategory</name>
        <number>9</number>
        <picker>0</picker>
        <prettyName>displayInCategory</prettyName>
        <size>30</size>
        <unmodifiable>0</unmodifiable>
        <validationMessage/>
        <validationRegExp/>
        <classType>com.xpn.xwiki.objects.classes.StringClass</classType>
      </displayInCategory>
      <displayInSection>
        <customDisplay/>
        <disabled>0</disabled>
        <name>displayInSection</name>
        <number>1</number>
        <picker>0</picker>
        <prettyName>displayInSection</prettyName>
        <size>30</size>
        <unmodifiable>0</unmodifiable>
        <validationMessage/>
        <validationRegExp/>
        <classType>com.xpn.xwiki.objects.classes.StringClass</classType>
      </displayInSection>
      <heading>
        <customDisplay/>
        <disabled>0</disabled>
        <name>heading</name>
        <number>2</number>
        <picker>0</picker>
        <prettyName>heading</prettyName>
        <size>30</size>
        <unmodifiable>0</unmodifiable>
        <validationMessage/>
        <validationRegExp/>
        <classType>com.xpn.xwiki.objects.classes.StringClass</classType>
      </heading>
      <iconAttachment>
        <customDisplay/>
        <disabled>0</disabled>
        <name>iconAttachment</name>
        <number>8</number>
        <picker>0</picker>
        <prettyName>iconAttachment</prettyName>
        <size>30</size>
        <unmodifiable>0</unmodifiable>
        <validationMessage/>
        <validationRegExp/>
        <classType>com.xpn.xwiki.objects.classes.StringClass</classType>
      </iconAttachment>
      <linkPrefix>
        <customDisplay/>
        <disabled>0</disabled>
        <name>linkPrefix</name>
        <number>5</number>
        <picker>0</picker>
        <prettyName>linkPrefix</prettyName>
        <size>30</size>
        <unmodifiable>0</unmodifiable>
        <validationMessage/>
        <validationRegExp/>
        <classType>com.xpn.xwiki.objects.classes.StringClass</classType>
      </linkPrefix>
      <propertiesToShow>
        <cache>0</cache>
        <customDisplay/>
        <disabled>0</disabled>
        <displayType>input</displayType>
        <multiSelect>1</multiSelect>
        <name>propertiesToShow</name>
        <number>6</number>
        <picker>0</picker>
        <prettyName>propertiesToShow</prettyName>
        <relationalStorage>1</relationalStorage>
        <separator> </separator>
        <separators> ,|</separators>
        <size>20</size>
        <sort>none</sort>
        <unmodifiable>0</unmodifiable>
        <validationMessage/>
        <validationRegExp/>
        <values/>
        <classType>com.xpn.xwiki.objects.classes.StaticListClass</classType>
      </propertiesToShow>
      <sectionOrder>
        <customDisplay/>
        <disabled>0</disabled>
        <name>sectionOrder</name>
        <number>12</number>
        <numberType>integer</numberType>
        <prettyName>sectionOrder</prettyName>
        <size>30</size>
        <unmodifiable>0</unmodifiable>
        <validationMessage/>
        <validationRegExp/>
        <classType>com.xpn.xwiki.objects.classes.NumberClass</classType>
      </sectionOrder>
    </class>
    <property>
      <categoryIcon/>
    </property>
    <property>
      <codeToExecute/>
    </property>
    <property>
      <configurationClass/>
    </property>
    <property>
      <configureGlobally>1</configureGlobally>
    </property>
    <property>
      <displayBeforeCategory/>
    </property>
    <property>
      <displayInCategory>content</displayInCategory>
    </property>
    <property>
      <displayInSection>Localization</displayInSection>
    </property>
    <property>
      <heading/>
    </property>
    <property>
      <iconAttachment/>
    </property>
    <property>
      <linkPrefix/>
    </property>
    <property>
      <propertiesToShow/>
    </property>
    <property>
      <sectionOrder>200</sectionOrder>
    </property>
  </object>
  <object>
    <name>XWiki.AdminLocalizationSheet</name>
    <number>0</number>
    <className>XWiki.JavaScriptExtension</className>
    <guid>178f9271-bc41-45c1-8c00-88d7d5b7a944</guid>
    <class>
      <name>XWiki.JavaScriptExtension</name>
      <customClass/>
      <customMapping/>
      <defaultViewSheet/>
      <defaultEditSheet/>
      <defaultWeb/>
      <nameField/>
      <validationScript/>
      <cache>
        <cache>0</cache>
        <disabled>0</disabled>
        <displayType>select</displayType>
        <multiSelect>0</multiSelect>
        <name>cache</name>
        <number>5</number>
        <prettyName>Caching policy</prettyName>
        <relationalStorage>0</relationalStorage>
        <separator> </separator>
        <separators>|, </separators>
        <size>1</size>
        <unmodifiable>0</unmodifiable>
        <values>long|short|default|forbid</values>
        <classType>com.xpn.xwiki.objects.classes.StaticListClass</classType>
      </cache>
      <code>
        <contenttype>PureText</contenttype>
        <disabled>0</disabled>
        <editor>PureText</editor>
        <name>code</name>
        <number>2</number>
        <prettyName>Code</prettyName>
        <rows>20</rows>
        <size>50</size>
        <unmodifiable>0</unmodifiable>
        <classType>com.xpn.xwiki.objects.classes.TextAreaClass</classType>
      </code>
      <name>
        <disabled>0</disabled>
        <name>name</name>
        <number>1</number>
        <prettyName>Name</prettyName>
        <size>30</size>
        <unmodifiable>0</unmodifiable>
        <classType>com.xpn.xwiki.objects.classes.StringClass</classType>
      </name>
      <parse>
        <disabled>0</disabled>
        <displayFormType>select</displayFormType>
        <displayType>yesno</displayType>
        <name>parse</name>
        <number>4</number>
        <prettyName>Parse content</prettyName>
        <unmodifiable>0</unmodifiable>
        <classType>com.xpn.xwiki.objects.classes.BooleanClass</classType>
      </parse>
      <use>
        <cache>0</cache>
        <disabled>0</disabled>
        <displayType>select</displayType>
        <multiSelect>0</multiSelect>
        <name>use</name>
        <number>3</number>
        <prettyName>Use this extension</prettyName>
        <relationalStorage>0</relationalStorage>
        <separator> </separator>
        <separators>|, </separators>
        <size>1</size>
        <unmodifiable>0</unmodifiable>
        <values>currentPage|onDemand|always</values>
        <classType>com.xpn.xwiki.objects.classes.StaticListClass</classType>
      </use>
    </class>
    <property>
      <cache>long</cache>
    </property>
    <property>
      <code>/**
 * Add a dependency to the "bootstrap-select" plugin, used to display a nice select field that handle
 * multiple selection.
 */
require.config({
  paths: {
    'bootstrap-select': '$services.webjars.url("bootstrap-select", "js/bootstrap-select.min")'
  },
  shim: {
    'bootstrap-select' : ['jquery', 'bootstrap']
  }
});
/**
 * Replace the simple text input field for supported locales by a nicer select widget with all available locales
 * ready to be selected.
 *
 * Instead of dynamically replace the text input field on the client-side, we could have done on the server-side,
 * by using a custom displayer.
 * However, it's a pain to upgrade the XWiki.XWikiPreferences class to add a displayer.
 * The class is not even packaged by the administration application.
 *
 * We also enable the improved select widget on the "timezone" field to make the user able to filter the choices.
 */
require(['jquery','bootstrap','bootstrap-select'], function($) {
  'use strict';

  var locales = [
#set ($separator = '')
#set ($currentLocale = $services.localization.currentLocale)
#set ($locales = $currentLocale.getAvailableLocales())
#foreach ($locale in $sorttool.sort($locales, 'displayName'))
  #if ("$!locale" != '')
    $separator
    { code: '$locale', name: '$escapetool.xml($stringtool.capitalize($locale.getDisplayName($locale))) &lt;small class="text-muted"&gt;($stringtool.capitalize($locale.getDisplayName($currentLocale)))&lt;/small&gt;'}##
    #set ($separator = ',')
  #end
#end
  ];

  /**
   * Get the initial values of the input
   * @return an array of locales codes
   */
  var getLocalesFromInput = function (input) {
    var locales = input.val().split(/,| /);
    var results = [];
    for (var i = 0; i &lt; locales.length; ++i) {
      if (locales[i].trim() != '') {
        results[results.length] = locales[i].trim();
      }
    }
    return results;
  }

  /**
   * Serialize an array of locales to a string that the XWiki server can handle
   */
  var serializeArray = function (array) {
    // bootstrap-select returns null when nothing is selected.
    array = array || [];
    var result = '';
    var separator = '';
    for (var i = 0; i &lt; array.length; ++i) {
      if (array[i] != '') {
        result += separator;
        result += array[i];
        separator = ',';
      }
    }
    return result;
  }

  /**
   * Initialization
   */
  $(document).ready(function() {

    /**
     * Enable the bootstrap-select plugin to have a nicer UI.
     */
    var enableSelectPicker = function (select) {
      // Force 100% width on the select using the form-control CSS class.
      select.addClass('form-control').selectpicker({
        // Enable the filtering on choices if there is a lot of choices
        liveSearch: select.find('option').length &gt; 10
      });
    }

    //
    // Adding the CSS of the boostrap-select plugin
    //
    var css = $('&lt;link rel="stylesheet" href="$services.webjars.url("bootstrap-select", "css/bootstrap-select.min.css")"&gt;');
    $('head').append(css);

    // Getting the original input
    var localesInput = $('input[name="XWiki.XWikiPreferences_0_languages"]');

    // Creating the select box
    var select = $('&lt;select multiple&gt;');

    // Add all available options
    var currentLocales = getLocalesFromInput(localesInput);
    for (var i = 0; i &lt; locales.length; ++i) {
      var option = $('&lt;option&gt;');
      option.prop('value', locales[i].code);
      option.html(locales[i].name);
      if ($.inArray(locales[i].code, currentLocales) &gt; -1) {
        option.prop('selected', 'selected');
      }
      select.append(option);
    }

    // Problem: when we save the document, XWiki expects 'XWiki.XWikiPreferences_0_languages' to be a simple text,
    // not a "select" field with different values.
    // So we keep the old input field as an hidden input which will hold the serialized representation of the
    // selected locales.
    localesInput.prop('type', 'hidden');

    // Adds the new select widget in the DOM
    select.insertAfter(localesInput);

    // Enable the select picker
    enableSelectPicker(select);

    // Synchronize the value of the hidden input text with the selected item in the select widget.
    select.on('changed.bs.select', function (event) {
      localesInput.prop('value', serializeArray(select.val()));
    });

    // We can also do it for the "default locale" field.
    var defaultLocaleInput = $('input[name="XWiki.XWikiPreferences_0_default_language"]');
    var select2 = $('&lt;select&gt;');
    select2.prop('name', defaultLocaleInput.prop('name'));
    select2.prop('id', defaultLocaleInput.prop('id'));
    for (var i = 0; i &lt; locales.length; ++i) {
      var option = $('&lt;option&gt;');
      option.prop('value', locales[i].code);
      option.html(locales[i].name);
      if (defaultLocaleInput.val() == locales[i].code) {
        option.prop('selected', 'selected');
      }
      select2.append(option);
    }
    defaultLocaleInput.replaceWith(select2);

    // Enable bootstrap-select on the "timezone" field
    enableSelectPicker($('select[name="XWiki.XWikiPreferences_0_timezone"]'));

    // Enable it on the default locale field too
    enableSelectPicker($('select[name="XWiki.XWikiPreferences_0_default_language"]'));

    // Enable it on the last select field to be consistent
    enableSelectPicker($('select[name="XWiki.XWikiPreferences_0_multilingual"]'));
  });
});
</code>
    </property>
    <property>
      <name>JS</name>
    </property>
    <property>
      <parse>1</parse>
    </property>
    <property>
      <use>currentPage</use>
    </property>
  </object>
</xwikidoc>
