<?xml version="1.0" encoding="UTF-8"?>

<!--
 * See the NOTICE file distributed with this work for additional
 * information regarding copyright ownership.
 *
 * This is free software; you can redistribute it and/or modify it
 * under the terms of the GNU Lesser General Public License as
 * published by the Free Software Foundation; either version 2.1 of
 * the License, or (at your option) any later version.
 *
 * This software is distributed in the hope that it will be useful,
 * but WITHOUT ANY WARRANTY; without even the implied warranty of
 * MERCHANTABILITY or FITNESS FOR A PARTICULAR PURPOSE. See the GNU
 * Lesser General Public License for more details.
 *
 * You should have received a copy of the GNU Lesser General Public
 * License along with this software; if not, write to the Free
 * Software Foundation, Inc., 51 Franklin St, Fifth Floor, Boston, MA
 * 02110-1301 USA, or see the FSF site: http://www.fsf.org.
-->

<xwikidoc version="1.1">
  <web>Blog</web>
  <name>ArchivePanel</name>
  <language/>
  <defaultLanguage/>
  <translation>0</translation>
  <creator>xwiki:XWiki.Admin</creator>
  <creationDate>1373016402000</creationDate>
  <parent>Panels.WebHome</parent>
  <author>xwiki:XWiki.Admin</author>
  <contentAuthor>xwiki:XWiki.Admin</contentAuthor>
  <date>1373018411000</date>
  <contentUpdateDate>1373016402000</contentUpdateDate>
  <version>1.1</version>
  <title>Blog Archive Panel</title>
  <comment/>
  <minorEdit>false</minorEdit>
  <syntaxId>xwiki/2.1</syntaxId>
  <hidden>true</hidden>
  <content/>
  <object>
    <name>Blog.ArchivePanel</name>
    <number>0</number>
    <className>Panels.PanelClass</className>
    <guid>7a7707a2-9957-41c1-b1b3-a3b777560c70</guid>
    <class>
      <name>Panels.PanelClass</name>
      <customClass/>
      <customMapping/>
      <defaultViewSheet/>
      <defaultEditSheet/>
      <defaultWeb/>
      <nameField/>
      <validationScript/>
      <category>
        <cache>0</cache>
        <disabled>0</disabled>
        <displayType>select</displayType>
        <multiSelect>0</multiSelect>
        <name>category</name>
        <number>5</number>
        <prettyName>Category</prettyName>
        <relationalStorage>0</relationalStorage>
        <separator> </separator>
        <separators> ,|</separators>
        <size>1</size>
        <unmodifiable>0</unmodifiable>
        <values>Information|Navigation|Tools|Administration|Other</values>
        <classType>com.xpn.xwiki.objects.classes.StaticListClass</classType>
      </category>
      <content>
        <disabled>0</disabled>
        <editor>Text</editor>
        <name>content</name>
        <number>4</number>
        <prettyName>Content</prettyName>
        <rows>25</rows>
        <size>120</size>
        <unmodifiable>0</unmodifiable>
        <classType>com.xpn.xwiki.objects.classes.TextAreaClass</classType>
      </content>
      <description>
        <disabled>0</disabled>
        <editor>Text</editor>
        <name>description</name>
        <number>3</number>
        <prettyName>Description</prettyName>
        <rows>5</rows>
        <size>40</size>
        <unmodifiable>0</unmodifiable>
        <classType>com.xpn.xwiki.objects.classes.TextAreaClass</classType>
      </description>
      <name>
        <disabled>0</disabled>
        <name>name</name>
        <number>1</number>
        <prettyName>Name</prettyName>
        <size>40</size>
        <unmodifiable>0</unmodifiable>
        <classType>com.xpn.xwiki.objects.classes.StringClass</classType>
      </name>
      <type>
        <cache>0</cache>
        <disabled>0</disabled>
        <displayType>select</displayType>
        <multiSelect>0</multiSelect>
        <name>type</name>
        <number>2</number>
        <prettyName>Panel type</prettyName>
        <relationalStorage>0</relationalStorage>
        <separator> </separator>
        <separators> ,|</separators>
        <size>1</size>
        <unmodifiable>0</unmodifiable>
        <values>view|edit</values>
        <classType>com.xpn.xwiki.objects.classes.StaticListClass</classType>
      </type>
    </class>
    <property>
      <category>Navigation</category>
    </property>
    <property>
      <content>{{include reference="Blog.BlogCode"/}}

{{velocity}}
#set ($space = "$!{request.space}")
#if ($space == '')
  #set ($space = $doc.space)
#end
#getBlogDocument($space $blogDoc)
#if ($space == $blogDoc.space || $showEmptyPanels)
  #panelheader($services.localization.render('xe.blog.archive.paneltitle'))
  #getBlogEntriesBaseQuery($query)
  #set ($query = "${query} and (doc.space = ? or doc.parent = ?)")
  #set ($queryParams = [$blogDoc.space, $blogDoc.fullName])
  ## Create a Jodatime date formatter that will be used to format dates
  #set ($monthFormatter = $xwiki.jodatime.getDateTimeFormatterForPattern('MMMM'))
  #set ($tempDate = $xwiki.jodatime.mutableDateTime)
  #set ($currentYear = $xwiki.formatDate($datetool.date, 'yyyy'))
  #set ($currentMonth = $xwiki.formatDate($datetool.date, 'M'))
  #set ($firstYear = '')
  #set ($lastYear = '')
  #foreach ($firstEntry in $services.query.hql("${query} order by year(publishDate.value)").setLimit(1).bindValues($queryParams).execute())
    #set ($discard = $xwiki.getDocument($firstEntry))
    #getEntryObject($discard $entryObj)
    #getEntryDate($discard $entryObj $firstYear)
    #set ($firstYear = $mathtool.toInteger($xwiki.formatDate($firstYear, 'yyyy')))
  #end
  #foreach ($lastEntry in $services.query.hql("${query} order by year(publishDate.value) desc").setLimit(1).bindValues($queryParams).execute())
    #set ($discard = $xwiki.getDocument($lastEntry))
    #getEntryObject($discard $entryObj)
    #getEntryDate($discard $entryObj $lastYear)
    #set ($lastYear = $mathtool.toInteger($xwiki.formatDate($lastYear, 'yyyy')))
  #end
  #if ("$!{firstYear}" != '') ## At least one entry exists
    #foreach ($year in [$firstYear..$lastYear])
      #set ($yearArticleCount = $services.query.hql("${query} and year(publishDate.value) = $year").bindValues($queryParams).count())
      #if ($yearArticleCount &gt; 0)
        #set ($queryString = "space=$escapetool.url($blogDoc.space)&amp;year=${year}")
        * [[$year (% class="itemCount" %)(${yearArticleCount})(%%)&gt;&gt;Blog.Archive||queryString="${queryString}"]]
        #if ($year == $currentYear)
          #foreach ($month in [1..12])
            #set ($statement = "${query} and year(publishDate.value) = $year and month(publishDate.value) = $month")
            #set ($monthArticleCount = $services.query.hql($statement).bindValues($queryParams).count())
            #if ($monthArticleCount &gt; 0)
              $tempDate.setMonthOfYear($month)##
              #set($queryString = "space=${escapetool.url($blogDoc.space)}&amp;year=${year}&amp;month=${month}")
              ** [[$monthFormatter.print($tempDate) (% class="itemCount" %)(${monthArticleCount})(%%)&gt;&gt;Blog.Archive||queryString="${queryString}"]]
            #end
          #end
        #end
      #end
    #end
  #else
    {{info}}{{translation key="xe.blog.archive.noarticle"/}}{{/info}}
  #end
  #panelfooter()
#end
{{/velocity}}</content>
    </property>
    <property>
      <description>Displays an archive of the current blog.</description>
    </property>
    <property>
      <name>Blog Archive</name>
    </property>
    <property>
      <type>view</type>
    </property>
  </object>
</xwikidoc>
