<?xml version="1.0" encoding="UTF-8"?>

<!--
 * See the NOTICE file distributed with this work for additional
 * information regarding copyright ownership.
 *
 * This is free software; you can redistribute it and/or modify it
 * under the terms of the GNU Lesser General Public License as
 * published by the Free Software Foundation; either version 2.1 of
 * the License, or (at your option) any later version.
 *
 * This software is distributed in the hope that it will be useful,
 * but WITHOUT ANY WARRANTY; without even the implied warranty of
 * MERCHANTABILITY or FITNESS FOR A PARTICULAR PURPOSE. See the GNU
 * Lesser General Public License for more details.
 *
 * You should have received a copy of the GNU Lesser General Public
 * License along with this software; if not, write to the Free
 * Software Foundation, Inc., 51 Franklin St, Fifth Floor, Boston, MA
 * 02110-1301 USA, or see the FSF site: http://www.fsf.org.
-->

<xwikidoc version="1.1">
  <web>Blog</web>
  <name>BlogPostTemplate</name>
  <language/>
  <defaultLanguage/>
  <translation>0</translation>
  <creator>xwiki:XWiki.Admin</creator>
  <creationDate>1226490231000</creationDate>
  <parent>Blog.BlogPostClass</parent>
  <author>xwiki:XWiki.Admin</author>
  <contentAuthor>xwiki:XWiki.Admin</contentAuthor>
  <date>1226817819000</date>
  <contentUpdateDate>1226817819000</contentUpdateDate>
  <version>1.1</version>
  <title>Template for blog entries</title>
  <comment/>
  <minorEdit>false</minorEdit>
  <syntaxId>xwiki/2.1</syntaxId>
  <hidden>true</hidden>
  <content/>
  <object>
    <name>Blog.BlogPostTemplate</name>
    <number>0</number>
    <className>Blog.BlogPostClass</className>
    <guid>150b08a7-8d34-4d98-ac35-f4d2c10b4afe</guid>
    <class>
      <name>Blog.BlogPostClass</name>
      <customClass/>
      <customMapping/>
      <defaultViewSheet/>
      <defaultEditSheet/>
      <defaultWeb/>
      <nameField/>
      <validationScript/>
      <category>
        <cache>0</cache>
        <classname>Blog.CategoryClass</classname>
        <customDisplay/>
        <disabled>0</disabled>
        <displayType>checkbox</displayType>
        <idField>doc.fullName</idField>
        <multiSelect>1</multiSelect>
        <name>category</name>
        <number>4</number>
        <parentField>doc.parent</parentField>
        <picker>0</picker>
        <prettyName>Category</prettyName>
        <relationalStorage>1</relationalStorage>
        <separator>, </separator>
        <separators/>
        <size>1</size>
        <sort>value</sort>
        <sql/>
        <tooltip/>
        <unmodifiable>0</unmodifiable>
        <validationMessage/>
        <validationRegExp/>
        <valueField>name</valueField>
        <classType>com.xpn.xwiki.objects.classes.DBTreeListClass</classType>
      </category>
      <content>
        <contenttype>FullyRenderedText</contenttype>
        <customDisplay/>
        <disabled>0</disabled>
        <editor>---</editor>
        <name>content</name>
        <number>2</number>
        <picker>0</picker>
        <prettyName>Content</prettyName>
        <rows>20</rows>
        <size>80</size>
        <tooltip/>
        <unmodifiable>0</unmodifiable>
        <validationMessage/>
        <validationRegExp/>
        <classType>com.xpn.xwiki.objects.classes.TextAreaClass</classType>
      </content>
      <extract>
        <contenttype>FullyRenderedText</contenttype>
        <customDisplay/>
        <disabled>0</disabled>
        <editor>---</editor>
        <name>extract</name>
        <number>3</number>
        <picker>0</picker>
        <prettyName>Extract</prettyName>
        <rows>10</rows>
        <size>80</size>
        <tooltip/>
        <unmodifiable>0</unmodifiable>
        <validationMessage/>
        <validationRegExp/>
        <classType>com.xpn.xwiki.objects.classes.TextAreaClass</classType>
      </extract>
      <hidden>
        <customDisplay/>
        <defaultValue>0</defaultValue>
        <disabled>0</disabled>
        <displayFormType>checkbox</displayFormType>
        <displayType/>
        <name>hidden</name>
        <number>5</number>
        <prettyName>Is hidden</prettyName>
        <tooltip/>
        <unmodifiable>0</unmodifiable>
        <validationMessage/>
        <validationRegExp/>
        <classType>com.xpn.xwiki.objects.classes.BooleanClass</classType>
      </hidden>
      <publishDate>
        <customDisplay/>
        <dateFormat>dd/MM/yyyy HH:mm:ss</dateFormat>
        <disabled>0</disabled>
        <emptyIsToday>1</emptyIsToday>
        <name>publishDate</name>
        <number>7</number>
        <picker>1</picker>
        <prettyName>Publish date</prettyName>
        <size>20</size>
        <tooltip/>
        <unmodifiable>0</unmodifiable>
        <validationMessage/>
        <validationRegExp/>
        <classType>com.xpn.xwiki.objects.classes.DateClass</classType>
      </publishDate>
      <published>
        <customDisplay/>
        <defaultValue>0</defaultValue>
        <disabled>0</disabled>
        <displayFormType>checkbox</displayFormType>
        <displayType/>
        <name>published</name>
        <number>6</number>
        <prettyName>Is published</prettyName>
        <tooltip/>
        <unmodifiable>0</unmodifiable>
        <validationMessage/>
        <validationRegExp/>
        <classType>com.xpn.xwiki.objects.classes.BooleanClass</classType>
      </published>
      <title>
        <customDisplay/>
        <disabled>0</disabled>
        <name>title</name>
        <number>1</number>
        <picker>0</picker>
        <prettyName>Title</prettyName>
        <size>80</size>
        <tooltip/>
        <unmodifiable>0</unmodifiable>
        <validationMessage/>
        <validationRegExp/>
        <classType>com.xpn.xwiki.objects.classes.StringClass</classType>
      </title>
    </class>
    <property>
      <category/>
    </property>
    <property>
      <content/>
    </property>
    <property>
      <extract/>
    </property>
    <property>
      <hidden>0</hidden>
    </property>
    <property>
      <publishDate>2008-11-12 12:45:00.0</publishDate>
    </property>
    <property>
      <published>0</published>
    </property>
    <property>
      <title>Enter your title here</title>
    </property>
  </object>
</xwikidoc>
