<?xml version="1.0" encoding="UTF-8"?>

<!--
 * See the NOTICE file distributed with this work for additional
 * information regarding copyright ownership.
 *
 * This is free software; you can redistribute it and/or modify it
 * under the terms of the GNU Lesser General Public License as
 * published by the Free Software Foundation; either version 2.1 of
 * the License, or (at your option) any later version.
 *
 * This software is distributed in the hope that it will be useful,
 * but WITHOUT ANY WARRANTY; without even the implied warranty of
 * MERCHANTABILITY or FITNESS FOR A PARTICULAR PURPOSE. See the GNU
 * Lesser General Public License for more details.
 *
 * You should have received a copy of the GNU Lesser General Public
 * License along with this software; if not, write to the Free
 * Software Foundation, Inc., 51 Franklin St, Fifth Floor, Boston, MA
 * 02110-1301 USA, or see the FSF site: http://www.fsf.org.
-->

<xwikidoc>
  <web>AppWithinMinutes</web>
  <name>Translations</name>
  <language>sv</language>
  <defaultLanguage>en</defaultLanguage>
  <translation>1</translation>
  <parent>AppWithinMinutes.WebHome</parent>
  <creator>xwiki:XWiki.Admin</creator>
  <author>xwiki:XWiki.Admin</author>
  <customClass/>
  <contentAuthor>xwiki:XWiki.Admin</contentAuthor>
  <creationDate>1323097478000</creationDate>
  <date>1445422650000</date>
  <contentUpdateDate>1445422591000</contentUpdateDate>
  <version>1.1</version>
  <title/>
  <template/>
  <defaultTemplate/>
  <validationScript/>
  <comment/>
  <minorEdit>false</minorEdit>
  <syntaxId>plain/1.0</syntaxId>
  <hidden>true</hidden>
  <content>## XWiki Translation for language sv generated from http://www.l10n.xwiki.org
platform.appwithinminutes.appHomePageActionsHeading=Operationer
platform.appwithinminutes.appHomePageAddEntryHint=Lägg till ny post
platform.appwithinminutes.appHomePageAddEntryLabel=Lägg till
platform.appwithinminutes.appHomePageDeleteAppLabel=Ta bort applikation
platform.appwithinminutes.appHomePageEditAppLabel=Redigera applikation
platform.appwithinminutes.appHomePageEntryNameLabel=Postnamn\:
platform.appwithinminutes.appHomePageTranslateAppLabel=Översätt applikation
platform.appwithinminutes.appLiveTableDeleteEntryActionName=Radera
platform.appwithinminutes.appLiveTableEditEntryActionName=Redigera
platform.appwithinminutes.appLiveTableHeading=Poster
platform.appwithinminutes.appNameEmptyError=Mata in applikationens namn.
platform.appwithinminutes.appNameHint=Namnet på applikationen avgör URL\:en till applikationens hemsida, i vilket rum applikationens data skall lagras och namnet på klassen som beskriver applikationens struktur.
platform.appwithinminutes.appNameIsUsedWarning=Den här applikationen finns redan.  Om du går vidare till nästa steg kommer du att redigera den existerande applikationen.
platform.appwithinminutes.appNameLabel=Applikationsnamn
platform.appwithinminutes.appNamePageTitle=Skapa applikation
platform.appwithinminutes.appNamePreviewClassReferenceLabel=Applikationsklass
platform.appwithinminutes.appNamePreviewDataSpaceLabel=Rum för applikationsdata
platform.appwithinminutes.appNamePreviewHomePageUrlLabel=URL till applikationens hemsida
platform.appwithinminutes.appPanelCreateEntry=Skapa din egen\!
platform.appwithinminutes.appsLiveTable._actions=Operationer
platform.appwithinminutes.appsLiveTable.doc.author=Senaste författare
platform.appwithinminutes.appsLiveTable.doc.date=Uppdaterad
platform.appwithinminutes.appsLiveTable.doc.space=Applikationsnamn
platform.appwithinminutes.appsLiveTableHeading=Applikationer
platform.appwithinminutes.classEditorAdvancedCategoryName=Avancerat
platform.appwithinminutes.classEditorBindSheetSaveComment=Bind klassens presentationsmall
platform.appwithinminutes.classEditorBooleanFieldName=Boolsk
platform.appwithinminutes.classEditorCanvasHint=Dra fält från palleten och släpp dem i detta utrymme.
platform.appwithinminutes.classEditorConfigureFieldLabel=Konfigurera
platform.appwithinminutes.classEditorContentFieldName=Innehåll
platform.appwithinminutes.classEditorDBListFieldName=Databaslista
platform.appwithinminutes.classEditorDateFieldName=Datum
platform.appwithinminutes.classEditorDatePickerAcceptSelectedDate=OK
platform.appwithinminutes.classEditorDatePickerClearSelectedDate=Rensa
platform.appwithinminutes.classEditorDatePickerSelectCurrentDate=Idag
platform.appwithinminutes.classEditorDatePickerSelectCurrentTime=Nu
platform.appwithinminutes.classEditorDeleteFieldLabel=Radera
platform.appwithinminutes.classEditorDocumentCategoryName=Dokument
platform.appwithinminutes.classEditorDuplicateFieldNameError=Klassen har två fält med samma namn\: {0}
platform.appwithinminutes.classEditorFieldDefaultValueToolTip=Värde, om inget annat anges
platform.appwithinminutes.classEditorGroupsFieldName=Grupp
platform.appwithinminutes.classEditorMoveFieldHint=Dra och släpp för att ändra ordning
platform.appwithinminutes.classEditorMoveFieldLabel=Flytta
platform.appwithinminutes.classEditorMultipleSheetsWarning=Den här klassen har flera presentationsmallar
platform.appwithinminutes.classEditorNumberFieldName=Nummer
platform.appwithinminutes.classEditorPaletteHint=Dra och släpp fält från paletten för att skapa formuläret.
platform.appwithinminutes.classEditorPaletteTitle=Fältpalett
platform.appwithinminutes.classEditorPickersCategoryName=Väljare
platform.appwithinminutes.classEditorPreviewFieldHint=Dölj konfigurationspanelen och verkställ ändringarF
platform.appwithinminutes.classEditorPreviewFieldLabel=Förhandsgranska
platform.appwithinminutes.classEditorSheetSaveComment=Uppdatera klassens presentationsmall
platform.appwithinminutes.classEditorStandardCategoryName=Standard
platform.appwithinminutes.classEditorStaticListEditorAddItemLabel=Lägg till
platform.appwithinminutes.classEditorStaticListEditorDeleteItemLabel=Ta bort
platform.appwithinminutes.classEditorStaticListEditorItemIDLabel=ID
platform.appwithinminutes.classEditorStaticListEditorItemValueLabel=Värde
platform.appwithinminutes.classEditorStaticListFieldName=Statisk lista
platform.appwithinminutes.classEditorStringFieldName=Kort text
platform.appwithinminutes.classEditorTemplateSaveComment=Uppdatera default-värden
platform.appwithinminutes.classEditorTextAreaFieldName=Lång text
platform.appwithinminutes.classEditorTitleFieldName=Titel
platform.appwithinminutes.classEditorTranslationsSaveComment=Uppdatera översättningar
platform.appwithinminutes.classEditorUpdateSheetHint=Återskapa presentationsmallar för att visa och redigera objekt av denna klass ({0}).
platform.appwithinminutes.classEditorUpdateSheetLabel=Uppdatera klassens presentationsmall
platform.appwithinminutes.classEditorUpdateTemplateHint=Spara de värden som skall användas för fält då inget specifikt värde angivits i klassens dokumentmall ({0}).
platform.appwithinminutes.classEditorUpdateTemplateLabel=Uppdatera klassens dokumentmall
platform.appwithinminutes.classEditorUsersFieldName=Användare
platform.appwithinminutes.createAppButtonLabel=Skapa applikation
platform.appwithinminutes.description=Skapa webbapplikationer för att samarbeta på bara några minuter med hjälp av XWikis kraftfulla system för att hantera strukturerad data.
platform.appwithinminutes.grantSpaceAdminRightsSaveComment=Bevilja administrationsrättigheter på rummet.
platform.appwithinminutes.homePageTitle=Applikation på minuten
platform.appwithinminutes.liveTableEditorActionsColumnDescription=En lista med operationer som kan utföras på applikationsposten så som redigera och radera.
platform.appwithinminutes.liveTableEditorActionsColumnName=Operationer
platform.appwithinminutes.liveTableEditorAddColumnHint=Lägg till
platform.appwithinminutes.liveTableEditorAttachmentsColumnDescription=En speciell kolumn för att visa länkar till bilagor till postens sida.
platform.appwithinminutes.liveTableEditorAttachmentsColumnName=Bilagor
platform.appwithinminutes.liveTableEditorAvatarColumnDescription=En speciell kolumn för att visa användarens avatar. Detta fungerar endast för en tabell som bundits till klassen XWiki.XWikiUsers.
platform.appwithinminutes.liveTableEditorAvatarColumnName=Avatar
platform.appwithinminutes.liveTableEditorClassFieldColumnGroupLabel=Klassfält
platform.appwithinminutes.liveTableEditorColumnsHint=Välj de kolumner som skall visas i live-tabellen på applikationens hemsida.
platform.appwithinminutes.liveTableEditorDeleteColumnHint=Ta bort
platform.appwithinminutes.liveTableEditorDeprecatedColumnsWarning=Vissa kolumner är föråldrade, antagligen på grund av att motsvarande klassfält har tagits bort.  Vill du ta bort dem? &lt;a href\=""&gt;Ja&lt;/a&gt;/&lt;a href\=""&gt;Nej&lt;/a&gt;
platform.appwithinminutes.liveTableEditorDescriptionHint=Beskrivningen innehåller en kort sammanfattning av vad applikationen gör och vilken data den hanterar.
platform.appwithinminutes.liveTableEditorDocAuthorColumnDescription=Användaren som senast redigerade denna applikationspost
platform.appwithinminutes.liveTableEditorDocAuthorColumnName=Senaste författare
platform.appwithinminutes.liveTableEditorDocCreationDateColumnDescription=Det datum då applikationsposten skapades
platform.appwithinminutes.liveTableEditorDocCreationDateColumnName=Skapad den
platform.appwithinminutes.liveTableEditorDocCreatorColumnDescription=Användare som skapade applikationsposten
platform.appwithinminutes.liveTableEditorDocCreatorColumnName=Ursprunglig författare
platform.appwithinminutes.liveTableEditorDocDateColumnDescription=Det datum då applikationsposten senast redigerades
platform.appwithinminutes.liveTableEditorDocDateColumnName=Uppdaterad den
platform.appwithinminutes.liveTableEditorDocFullNameColumnDescription=Namnet på den sida som innehåller aplikationsposten, med rumnsnamnet som prefix.
platform.appwithinminutes.liveTableEditorDocFullNameColumnName=Sidans fullständiga namn
platform.appwithinminutes.liveTableEditorDocNameColumnDescription=Namnet på sidan som innehåller applikationsposten
platform.appwithinminutes.liveTableEditorDocNameColumnName=Sidnamn
platform.appwithinminutes.liveTableEditorDocSpaceColumnDescription=Namnet på rummet som innehåller applikationsposten
platform.appwithinminutes.liveTableEditorDocSpaceColumnName=Rum
platform.appwithinminutes.liveTableEditorDocTitleColumnDescription=Titeln på sidan som innehåller applikationsposten
platform.appwithinminutes.liveTableEditorDocTitleColumnName=Sidtitel
platform.appwithinminutes.liveTableEditorGenericColumnGroupLabel=Allmänna kolumner
platform.appwithinminutes.liveTableEditorHelpDescription=Allmänna kolumner i live-tabeller är oberoende av strukturen på din applikation. De visar information om de sidor som innehåller posterna till din applikation.
platform.appwithinminutes.liveTableEditorHelpTitle=Tips
platform.appwithinminutes.liveTableEditorIcon=Ikon
platform.appwithinminutes.liveTableEditorImagesColumnDescription=En specialiserad kolumn för att visa bilder som finns som bilagor till postsidan
platform.appwithinminutes.liveTableEditorImagesColumnName=Biler
platform.appwithinminutes.liveTableEditorMoveColumnHint=Dra och släpp för att ändra ordning
platform.appwithinminutes.liveTableEditorSaveComment=Uppdatera live-tabell
platform.appwithinminutes.wizardStep1Description=Mata in applikationens namn.
platform.appwithinminutes.wizardStep1Name=Namn
platform.appwithinminutes.wizardStep1Title=Namnge din applikation
platform.appwithinminutes.wizardStep2Description=Ange strukturen på din applikation genom att specificera vilka typer av fält den skall innehålla
platform.appwithinminutes.wizardStep2Name=Struktur
platform.appwithinminutes.wizardStep2Title=Definiera strukturen på din applikation
platform.appwithinminutes.wizardStep3Description=Anpassa din applikations hemsida
platform.appwithinminutes.wizardStep3Name=Presentation
platform.appwithinminutes.wizardStep3Title=Anpassa din applikations hemsida
platform.appwithinminutes.wizardStepFinishButtonLabel=Avsluta
platform.appwithinminutes.wizardStepFinishButtonTip=Gå till applikationens hemsida
platform.appwithinminutes.wizardStepHeading=Steg {0} - {1}
platform.appwithinminutes.wizardStepHelpDescription=Denna guide hjälper dig att bygga din applikation.  I dessa steg konfigureras det sätt som din applikation kommer att visas på och vilken information den kommer att hantera\:
platform.appwithinminutes.wizardStepHelpTitle=Steg
platform.appwithinminutes.wizardStepNextButtonLabel=Nästa steg
platform.appwithinminutes.wizardStepNextButtonTip=Gå till nästa steg
platform.appwithinminutes.wizardStepPreviousButtonLabel=Föregående steg
platform.appwithinminutes.wizardStepPreviousButtonTip=Gå till föregående steg
</content>
</xwikidoc>
