<?xml version="1.0" encoding="UTF-8"?>

<!--
 * See the NOTICE file distributed with this work for additional
 * information regarding copyright ownership.
 *
 * This is free software; you can redistribute it and/or modify it
 * under the terms of the GNU Lesser General Public License as
 * published by the Free Software Foundation; either version 2.1 of
 * the License, or (at your option) any later version.
 *
 * This software is distributed in the hope that it will be useful,
 * but WITHOUT ANY WARRANTY; without even the implied warranty of
 * MERCHANTABILITY or FITNESS FOR A PARTICULAR PURPOSE. See the GNU
 * Lesser General Public License for more details.
 *
 * You should have received a copy of the GNU Lesser General Public
 * License along with this software; if not, write to the Free
 * Software Foundation, Inc., 51 Franklin St, Fifth Floor, Boston, MA
 * 02110-1301 USA, or see the FSF site: http://www.fsf.org.
-->

<xwikidoc version="1.1">
  <web>ActiveInstalls</web>
  <name>ActiveCounterValue2</name>
  <language/>
  <defaultLanguage/>
  <translation>0</translation>
  <creator>xwiki:XWiki.Admin</creator>
  <creationDate>1399398031000</creationDate>
  <parent>ActiveInstalls.WebHome</parent>
  <author>xwiki:XWiki.Admin</author>
  <contentAuthor>xwiki:XWiki.Admin</contentAuthor>
  <date>1399403060000</date>
  <contentUpdateDate>1399403060000</contentUpdateDate>
  <version>1.1</version>
  <title>Active Installs Counter Value version 2</title>
  <comment/>
  <minorEdit>false</minorEdit>
  <syntaxId>xwiki/2.1</syntaxId>
  <hidden>true</hidden>
  <content>{{include reference="ActiveInstalls.QueryVariables"/}}
{{velocity}}
##=========================
## New way for XWiki 6.1M1+
##=========================
#set ($query = "
{
   ""query"": {
      ""query_string"": {
         ""lowercase_expanded_terms"": false,
         ""query"": ""_timestamp:[now-1d TO *] $snapshotQueryFragment AND distributionId:\""$distributionId\""""
      }
   },
   ""aggs"": {
      ""instanceId_count"": {
         ""cardinality"": {
            ""field"": ""instanceId""
         }
      }
   }
}
")
#set ($result = $services.activeinstalls.searchInstalls("install2", $query, {"search_type": "count"}))
## If there's an error and the "xpage=plain" URL parameter is not passed (ie it's not called by the Counter widget) then display the error if any. Otherwise display the invalid numeric result.
#if (!$result)
  #set ($errorText = $!services.activeinstalls.lastError)
  #if ("$!request.xpage" != 'plain')
    {{error}}{{{$errorText}}}{{/error}}
  #else
    0
  #end
#else
  $result.getAsJsonObject("aggregations").getAsJsonObject("instanceId_count").getAsJsonPrimitive("value").getAsLong()
#end
{{/velocity}}</content>
</xwikidoc>
