<?xml version="1.0" encoding="UTF-8"?>

<!--
 * See the NOTICE file distributed with this work for additional
 * information regarding copyright ownership.
 *
 * This is free software; you can redistribute it and/or modify it
 * under the terms of the GNU Lesser General Public License as
 * published by the Free Software Foundation; either version 2.1 of
 * the License, or (at your option) any later version.
 *
 * This software is distributed in the hope that it will be useful,
 * but WITHOUT ANY WARRANTY; without even the implied warranty of
 * MERCHANTABILITY or FITNESS FOR A PARTICULAR PURPOSE. See the GNU
 * Lesser General Public License for more details.
 *
 * You should have received a copy of the GNU Lesser General Public
 * License along with this software; if not, write to the Free
 * Software Foundation, Inc., 51 Franklin St, Fifth Floor, Boston, MA
 * 02110-1301 USA, or see the FSF site: http://www.fsf.org.
-->

<xwikidoc version="1.2" reference="ActiveInstalls.WebHome" locale="">
  <web>ActiveInstalls</web>
  <name>WebHome</name>
  <language/>
  <defaultLanguage/>
  <translation>0</translation>
  <creator>xwiki:XWiki.Admin</creator>
  <creationDate>1381932584000</creationDate>
  <parent>Main.WebHome</parent>
  <author>xwiki:XWiki.Admin</author>
  <contentAuthor>xwiki:XWiki.Admin</contentAuthor>
  <date>1458233911000</date>
  <contentUpdateDate>1413887489000</contentUpdateDate>
  <version>1.1</version>
  <title>XWiki Installations Statistics</title>
  <comment/>
  <minorEdit>false</minorEdit>
  <syntaxId>xwiki/2.1</syntaxId>
  <hidden>true</hidden>
  <content>{{velocity}}
#if ("$!request.snapshots" != '')
  #set ($activeInstallsSnapshots = true)
#end
{{/velocity}}

{{dashboard/}}

{{velocity}}
$xwiki.jsx.use('ActiveInstalls.Counter')
$xwiki.ssx.use('ActiveInstalls.Counter')
{{/velocity}}

{{putFootnotes/}}</content>
  <object>
    <name>ActiveInstalls.WebHome</name>
    <number>0</number>
    <className>XWiki.GadgetClass</className>
    <guid>718f95f7-d685-4977-a029-9f3417abdc97</guid>
    <class>
      <name>XWiki.GadgetClass</name>
      <customClass/>
      <customMapping/>
      <defaultViewSheet/>
      <defaultEditSheet/>
      <defaultWeb/>
      <nameField/>
      <validationScript/>
      <content>
        <disabled>0</disabled>
        <editor>---</editor>
        <name>content</name>
        <number>2</number>
        <picker>0</picker>
        <prettyName>content</prettyName>
        <rows>5</rows>
        <size>40</size>
        <unmodifiable>0</unmodifiable>
        <validationMessage/>
        <validationRegExp/>
        <classType>com.xpn.xwiki.objects.classes.TextAreaClass</classType>
      </content>
      <position>
        <disabled>0</disabled>
        <name>position</name>
        <number>3</number>
        <picker>0</picker>
        <prettyName>position</prettyName>
        <size>30</size>
        <unmodifiable>0</unmodifiable>
        <validationMessage/>
        <validationRegExp/>
        <classType>com.xpn.xwiki.objects.classes.StringClass</classType>
      </position>
      <title>
        <disabled>0</disabled>
        <name>title</name>
        <number>1</number>
        <picker>0</picker>
        <prettyName>title</prettyName>
        <size>30</size>
        <unmodifiable>0</unmodifiable>
        <validationMessage/>
        <validationRegExp/>
        <classType>com.xpn.xwiki.objects.classes.StringClass</classType>
      </title>
    </class>
    <property>
      <content>(% id="activeCounter2" class="flip-counter" %)(((
)))
Total number of XWiki installations that have sent us a ping in the past day (since XWiki 6.1-milestone-1).






</content>
    </property>
    <property>
      <position>1,1</position>
    </property>
    <property>
      <title>Active Installs v2</title>
    </property>
  </object>
  <object>
    <name>ActiveInstalls.WebHome</name>
    <number>1</number>
    <className>XWiki.GadgetClass</className>
    <guid>11e75f59-bcba-4bcd-9f15-7bbeaaff1cd3</guid>
    <class>
      <name>XWiki.GadgetClass</name>
      <customClass/>
      <customMapping/>
      <defaultViewSheet/>
      <defaultEditSheet/>
      <defaultWeb/>
      <nameField/>
      <validationScript/>
      <content>
        <disabled>0</disabled>
        <editor>---</editor>
        <name>content</name>
        <number>2</number>
        <picker>0</picker>
        <prettyName>content</prettyName>
        <rows>5</rows>
        <size>40</size>
        <unmodifiable>0</unmodifiable>
        <validationMessage/>
        <validationRegExp/>
        <classType>com.xpn.xwiki.objects.classes.TextAreaClass</classType>
      </content>
      <position>
        <disabled>0</disabled>
        <name>position</name>
        <number>3</number>
        <picker>0</picker>
        <prettyName>position</prettyName>
        <size>30</size>
        <unmodifiable>0</unmodifiable>
        <validationMessage/>
        <validationRegExp/>
        <classType>com.xpn.xwiki.objects.classes.StringClass</classType>
      </position>
      <title>
        <disabled>0</disabled>
        <name>title</name>
        <number>1</number>
        <picker>0</picker>
        <prettyName>title</prettyName>
        <size>30</size>
        <unmodifiable>0</unmodifiable>
        <validationMessage/>
        <validationRegExp/>
        <classType>com.xpn.xwiki.objects.classes.StringClass</classType>
      </title>
    </class>
    <property>
      <content>(% id="totalCounter2" class="flip-counter" %)(((
)))
Total number of XWiki installations that have ever sent us a ping (since XWiki 6.1-milestone-1). Note that this includes installs used for tests performed by the XWiki dev team.



</content>
    </property>
    <property>
      <position>2,1</position>
    </property>
    <property>
      <title>Total Installs v2</title>
    </property>
  </object>
  <object>
    <name>ActiveInstalls.WebHome</name>
    <number>2</number>
    <className>XWiki.GadgetClass</className>
    <guid>e7bd0f02-c175-450d-962c-fdaa13f15bf1</guid>
    <class>
      <name>XWiki.GadgetClass</name>
      <customClass/>
      <customMapping/>
      <defaultViewSheet/>
      <defaultEditSheet/>
      <defaultWeb/>
      <nameField/>
      <validationScript/>
      <content>
        <disabled>0</disabled>
        <editor>---</editor>
        <name>content</name>
        <number>2</number>
        <picker>0</picker>
        <prettyName>content</prettyName>
        <rows>5</rows>
        <size>40</size>
        <unmodifiable>0</unmodifiable>
        <validationMessage/>
        <validationRegExp/>
        <classType>com.xpn.xwiki.objects.classes.TextAreaClass</classType>
      </content>
      <position>
        <disabled>0</disabled>
        <name>position</name>
        <number>3</number>
        <picker>0</picker>
        <prettyName>position</prettyName>
        <size>30</size>
        <unmodifiable>0</unmodifiable>
        <validationMessage/>
        <validationRegExp/>
        <classType>com.xpn.xwiki.objects.classes.StringClass</classType>
      </position>
      <title>
        <disabled>0</disabled>
        <name>title</name>
        <number>1</number>
        <picker>0</picker>
        <prettyName>title</prettyName>
        <size>30</size>
        <unmodifiable>0</unmodifiable>
        <validationMessage/>
        <validationRegExp/>
        <classType>com.xpn.xwiki.objects.classes.StringClass</classType>
      </title>
    </class>
    <property>
      <content>(% id="activeCounter1" class="flip-counter" %)(((
)))
Total number of XWiki installations that have sent us a ping in the past day (from XWiki 5.2-milestone-2 to XWiki 6.0.*).





</content>
    </property>
    <property>
      <position>1,2</position>
    </property>
    <property>
      <title>Active Installs v1</title>
    </property>
  </object>
  <object>
    <name>ActiveInstalls.WebHome</name>
    <number>3</number>
    <className>XWiki.GadgetClass</className>
    <guid>b4fb3b2e-cd20-4d66-8d46-9926f05322b2</guid>
    <class>
      <name>XWiki.GadgetClass</name>
      <customClass/>
      <customMapping/>
      <defaultViewSheet/>
      <defaultEditSheet/>
      <defaultWeb/>
      <nameField/>
      <validationScript/>
      <content>
        <disabled>0</disabled>
        <editor>---</editor>
        <name>content</name>
        <number>2</number>
        <picker>0</picker>
        <prettyName>content</prettyName>
        <rows>5</rows>
        <size>40</size>
        <unmodifiable>0</unmodifiable>
        <validationMessage/>
        <validationRegExp/>
        <classType>com.xpn.xwiki.objects.classes.TextAreaClass</classType>
      </content>
      <position>
        <disabled>0</disabled>
        <name>position</name>
        <number>3</number>
        <picker>0</picker>
        <prettyName>position</prettyName>
        <size>30</size>
        <unmodifiable>0</unmodifiable>
        <validationMessage/>
        <validationRegExp/>
        <classType>com.xpn.xwiki.objects.classes.StringClass</classType>
      </position>
      <title>
        <disabled>0</disabled>
        <name>title</name>
        <number>1</number>
        <picker>0</picker>
        <prettyName>title</prettyName>
        <size>30</size>
        <unmodifiable>0</unmodifiable>
        <validationMessage/>
        <validationRegExp/>
        <classType>com.xpn.xwiki.objects.classes.StringClass</classType>
      </title>
    </class>
    <property>
      <content>(% id="totalCounter1" class="flip-counter" %)(((
)))
Total number of XWiki installations that have ever sent us a ping (from XWiki 5.2-milestone-2 to XWiki 6.0.*). Note that this includes installs used for tests performed by the XWiki dev team.


</content>
    </property>
    <property>
      <position>2,2</position>
    </property>
    <property>
      <title>Total Installs v1</title>
    </property>
  </object>
  <object>
    <name>ActiveInstalls.WebHome</name>
    <number>4</number>
    <className>XWiki.GadgetClass</className>
    <guid>f8c93718-f81b-4771-be98-a1360d4627a9</guid>
    <class>
      <name>XWiki.GadgetClass</name>
      <customClass/>
      <customMapping/>
      <defaultViewSheet/>
      <defaultEditSheet/>
      <defaultWeb/>
      <nameField/>
      <validationScript/>
      <content>
        <disabled>0</disabled>
        <editor>---</editor>
        <name>content</name>
        <number>2</number>
        <picker>0</picker>
        <prettyName>content</prettyName>
        <rows>5</rows>
        <size>40</size>
        <unmodifiable>0</unmodifiable>
        <validationMessage/>
        <validationRegExp/>
        <classType>com.xpn.xwiki.objects.classes.TextAreaClass</classType>
      </content>
      <position>
        <disabled>0</disabled>
        <name>position</name>
        <number>3</number>
        <picker>0</picker>
        <prettyName>position</prettyName>
        <size>30</size>
        <unmodifiable>0</unmodifiable>
        <validationMessage/>
        <validationRegExp/>
        <classType>com.xpn.xwiki.objects.classes.StringClass</classType>
      </position>
      <title>
        <disabled>0</disabled>
        <name>title</name>
        <number>1</number>
        <picker>0</picker>
        <prettyName>title</prettyName>
        <size>30</size>
        <unmodifiable>0</unmodifiable>
        <validationMessage/>
        <validationRegExp/>
        <classType>com.xpn.xwiki.objects.classes.StringClass</classType>
      </title>
    </class>
    <property>
      <content>{{include reference="ActiveInstalls.ActiveInstallsHistory"/}}

Active Installs over time. Total number of XWiki installations that have sent us a ping in the past week (since XWiki 6.1-milestone-1).

</content>
    </property>
    <property>
      <position>1,6</position>
    </property>
    <property>
      <title>Active Installs History</title>
    </property>
  </object>
  <object>
    <name>ActiveInstalls.WebHome</name>
    <number>5</number>
    <className>XWiki.GadgetClass</className>
    <guid>de9e5022-7d50-443c-b93a-d85b117b8347</guid>
    <class>
      <name>XWiki.GadgetClass</name>
      <customClass/>
      <customMapping/>
      <defaultViewSheet/>
      <defaultEditSheet/>
      <defaultWeb/>
      <nameField/>
      <validationScript/>
      <content>
        <disabled>0</disabled>
        <editor>---</editor>
        <name>content</name>
        <number>2</number>
        <picker>0</picker>
        <prettyName>content</prettyName>
        <rows>5</rows>
        <size>40</size>
        <unmodifiable>0</unmodifiable>
        <validationMessage/>
        <validationRegExp/>
        <classType>com.xpn.xwiki.objects.classes.TextAreaClass</classType>
      </content>
      <position>
        <disabled>0</disabled>
        <name>position</name>
        <number>3</number>
        <picker>0</picker>
        <prettyName>position</prettyName>
        <size>30</size>
        <unmodifiable>0</unmodifiable>
        <validationMessage/>
        <validationRegExp/>
        <classType>com.xpn.xwiki.objects.classes.StringClass</classType>
      </position>
      <title>
        <disabled>0</disabled>
        <name>title</name>
        <number>1</number>
        <picker>0</picker>
        <prettyName>title</prettyName>
        <size>30</size>
        <unmodifiable>0</unmodifiable>
        <validationMessage/>
        <validationRegExp/>
        <classType>com.xpn.xwiki.objects.classes.StringClass</classType>
      </title>
    </class>
    <property>
      <content>{{include reference="ActiveInstalls.XWikiVersions"/}}

top 10 versions of XWiki used by Active Installs (since XWiki 6.1-milestone-1).
</content>
    </property>
    <property>
      <position>1,3</position>
    </property>
    <property>
      <title>Top 10 Versions</title>
    </property>
  </object>
  <object>
    <name>ActiveInstalls.WebHome</name>
    <number>6</number>
    <className>XWiki.GadgetClass</className>
    <guid>3a4cebf8-13d6-45a1-9f90-d8e04a75aa86</guid>
    <class>
      <name>XWiki.GadgetClass</name>
      <customClass/>
      <customMapping/>
      <defaultViewSheet/>
      <defaultEditSheet/>
      <defaultWeb/>
      <nameField/>
      <validationScript/>
      <content>
        <disabled>0</disabled>
        <editor>---</editor>
        <name>content</name>
        <number>2</number>
        <picker>0</picker>
        <prettyName>content</prettyName>
        <rows>5</rows>
        <size>40</size>
        <unmodifiable>0</unmodifiable>
        <validationMessage/>
        <validationRegExp/>
        <classType>com.xpn.xwiki.objects.classes.TextAreaClass</classType>
      </content>
      <position>
        <disabled>0</disabled>
        <name>position</name>
        <number>3</number>
        <picker>0</picker>
        <prettyName>position</prettyName>
        <size>30</size>
        <unmodifiable>0</unmodifiable>
        <validationMessage/>
        <validationRegExp/>
        <classType>com.xpn.xwiki.objects.classes.StringClass</classType>
      </position>
      <title>
        <disabled>0</disabled>
        <name>title</name>
        <number>1</number>
        <picker>0</picker>
        <prettyName>title</prettyName>
        <size>30</size>
        <unmodifiable>0</unmodifiable>
        <validationMessage/>
        <validationRegExp/>
        <classType>com.xpn.xwiki.objects.classes.StringClass</classType>
      </title>
    </class>
    <property>
      <content>{{include reference="ActiveInstalls.JavaVersions"/}}

Java versions used by by Active Installs (since XWiki 6.1-milestone-1).
</content>
    </property>
    <property>
      <position>1,4</position>
    </property>
    <property>
      <title>Java Versions</title>
    </property>
  </object>
  <object>
    <name>ActiveInstalls.WebHome</name>
    <number>7</number>
    <className>XWiki.GadgetClass</className>
    <guid>5d5746ea-1b38-496e-b29e-5cda9513ef65</guid>
    <class>
      <name>XWiki.GadgetClass</name>
      <customClass/>
      <customMapping/>
      <defaultViewSheet/>
      <defaultEditSheet/>
      <defaultWeb/>
      <nameField/>
      <validationScript/>
      <content>
        <disabled>0</disabled>
        <editor>---</editor>
        <name>content</name>
        <number>2</number>
        <picker>0</picker>
        <prettyName>content</prettyName>
        <rows>5</rows>
        <size>40</size>
        <unmodifiable>0</unmodifiable>
        <validationMessage/>
        <validationRegExp/>
        <classType>com.xpn.xwiki.objects.classes.TextAreaClass</classType>
      </content>
      <position>
        <disabled>0</disabled>
        <name>position</name>
        <number>3</number>
        <picker>0</picker>
        <prettyName>position</prettyName>
        <size>30</size>
        <unmodifiable>0</unmodifiable>
        <validationMessage/>
        <validationRegExp/>
        <classType>com.xpn.xwiki.objects.classes.StringClass</classType>
      </position>
      <title>
        <disabled>0</disabled>
        <name>title</name>
        <number>1</number>
        <picker>0</picker>
        <prettyName>title</prettyName>
        <size>30</size>
        <unmodifiable>0</unmodifiable>
        <validationMessage/>
        <validationRegExp/>
        <classType>com.xpn.xwiki.objects.classes.StringClass</classType>
      </title>
    </class>
    <property>
      <content>{{include reference="ActiveInstalls.Databases"/}}

Databases used by by Active Installs (since XWiki 6.1-milestone-1).
</content>
    </property>
    <property>
      <position>2,4</position>
    </property>
    <property>
      <title>Databases</title>
    </property>
  </object>
  <object>
    <name>ActiveInstalls.WebHome</name>
    <number>8</number>
    <className>XWiki.GadgetClass</className>
    <guid>7ba1f24a-99d4-4703-8ac9-3077e0510380</guid>
    <class>
      <name>XWiki.GadgetClass</name>
      <customClass/>
      <customMapping/>
      <defaultViewSheet/>
      <defaultEditSheet/>
      <defaultWeb/>
      <nameField/>
      <validationScript/>
      <content>
        <disabled>0</disabled>
        <editor>---</editor>
        <name>content</name>
        <number>2</number>
        <picker>0</picker>
        <prettyName>content</prettyName>
        <rows>5</rows>
        <size>40</size>
        <unmodifiable>0</unmodifiable>
        <validationMessage/>
        <validationRegExp/>
        <classType>com.xpn.xwiki.objects.classes.TextAreaClass</classType>
      </content>
      <position>
        <disabled>0</disabled>
        <name>position</name>
        <number>3</number>
        <picker>0</picker>
        <prettyName>position</prettyName>
        <size>30</size>
        <unmodifiable>0</unmodifiable>
        <validationMessage/>
        <validationRegExp/>
        <classType>com.xpn.xwiki.objects.classes.StringClass</classType>
      </position>
      <title>
        <disabled>0</disabled>
        <name>title</name>
        <number>1</number>
        <picker>0</picker>
        <prettyName>title</prettyName>
        <size>30</size>
        <unmodifiable>0</unmodifiable>
        <validationMessage/>
        <validationRegExp/>
        <classType>com.xpn.xwiki.objects.classes.StringClass</classType>
      </title>
    </class>
    <property>
      <content>{{include reference="ActiveInstalls.ServletContainers"/}}

Servlet Containers used by by Active Installs (since XWiki 6.1-milestone-1).
</content>
    </property>
    <property>
      <position>1,5</position>
    </property>
    <property>
      <title>Servlet Containers</title>
    </property>
  </object>
  <object>
    <name>ActiveInstalls.WebHome</name>
    <number>9</number>
    <className>XWiki.GadgetClass</className>
    <guid>a4402b38-c4dd-4c1f-a8e0-7d5d287c0452</guid>
    <class>
      <name>XWiki.GadgetClass</name>
      <customClass/>
      <customMapping/>
      <defaultViewSheet/>
      <defaultEditSheet/>
      <defaultWeb/>
      <nameField/>
      <validationScript/>
      <content>
        <disabled>0</disabled>
        <editor>---</editor>
        <name>content</name>
        <number>2</number>
        <picker>0</picker>
        <prettyName>content</prettyName>
        <rows>5</rows>
        <size>40</size>
        <unmodifiable>0</unmodifiable>
        <validationMessage/>
        <validationRegExp/>
        <classType>com.xpn.xwiki.objects.classes.TextAreaClass</classType>
      </content>
      <position>
        <disabled>0</disabled>
        <name>position</name>
        <number>3</number>
        <picker>0</picker>
        <prettyName>position</prettyName>
        <size>30</size>
        <unmodifiable>0</unmodifiable>
        <validationMessage/>
        <validationRegExp/>
        <classType>com.xpn.xwiki.objects.classes.StringClass</classType>
      </position>
      <title>
        <disabled>0</disabled>
        <name>title</name>
        <number>1</number>
        <picker>0</picker>
        <prettyName>title</prettyName>
        <size>30</size>
        <unmodifiable>0</unmodifiable>
        <validationMessage/>
        <validationRegExp/>
        <classType>com.xpn.xwiki.objects.classes.StringClass</classType>
      </title>
    </class>
    <property>
      <content>{{include reference="ActiveInstalls.XWikiVersionsCycle"/}}

XWiki Cycle versions used by Active Installs (since XWiki 6.1-milestone-1).
</content>
    </property>
    <property>
      <position>2,3</position>
    </property>
    <property>
      <title>Cycle Versions</title>
    </property>
  </object>
  <object>
    <name>ActiveInstalls.WebHome</name>
    <number>10</number>
    <className>XWiki.GadgetClass</className>
    <guid>6677c518-9eef-436c-89d0-849d8d9141e3</guid>
    <class>
      <name>XWiki.GadgetClass</name>
      <customClass/>
      <customMapping/>
      <defaultViewSheet/>
      <defaultEditSheet/>
      <defaultWeb/>
      <nameField/>
      <validationScript/>
      <content>
        <disabled>0</disabled>
        <editor>---</editor>
        <name>content</name>
        <number>2</number>
        <picker>0</picker>
        <prettyName>content</prettyName>
        <rows>5</rows>
        <size>40</size>
        <unmodifiable>0</unmodifiable>
        <validationMessage/>
        <validationRegExp/>
        <classType>com.xpn.xwiki.objects.classes.TextAreaClass</classType>
      </content>
      <position>
        <disabled>0</disabled>
        <name>position</name>
        <number>3</number>
        <picker>0</picker>
        <prettyName>position</prettyName>
        <size>30</size>
        <unmodifiable>0</unmodifiable>
        <validationMessage/>
        <validationRegExp/>
        <classType>com.xpn.xwiki.objects.classes.StringClass</classType>
      </position>
      <title>
        <disabled>0</disabled>
        <name>title</name>
        <number>1</number>
        <picker>0</picker>
        <prettyName>title</prettyName>
        <size>30</size>
        <unmodifiable>0</unmodifiable>
        <validationMessage/>
        <validationRegExp/>
        <classType>com.xpn.xwiki.objects.classes.StringClass</classType>
      </title>
    </class>
    <property>
      <content>{{include reference="ActiveInstalls.Distributions"/}}

Distributions used by by Active Installs (since XWiki 8.4).
</content>
    </property>
    <property>
      <position>2,5</position>
    </property>
    <property>
      <title>Distributions</title>
    </property>
  </object>
</xwikidoc>
