<?xml version="1.0" encoding="UTF-8"?>

<!--
 * See the NOTICE file distributed with this work for additional
 * information regarding copyright ownership.
 *
 * This is free software; you can redistribute it and/or modify it
 * under the terms of the GNU Lesser General Public License as
 * published by the Free Software Foundation; either version 2.1 of
 * the License, or (at your option) any later version.
 *
 * This software is distributed in the hope that it will be useful,
 * but WITHOUT ANY WARRANTY; without even the implied warranty of
 * MERCHANTABILITY or FITNESS FOR A PARTICULAR PURPOSE. See the GNU
 * Lesser General Public License for more details.
 *
 * You should have received a copy of the GNU Lesser General Public
 * License along with this software; if not, write to the Free
 * Software Foundation, Inc., 51 Franklin St, Fifth Floor, Boston, MA
 * 02110-1301 USA, or see the FSF site: http://www.fsf.org.
-->

<xwikidoc version="1.2" reference="AppWithinMinutes.TemplateProviderEditSheet" locale="">
  <web>AppWithinMinutes</web>
  <name>TemplateProviderEditSheet</name>
  <language/>
  <defaultLanguage/>
  <translation>0</translation>
  <creator>xwiki:XWiki.Admin</creator>
  <creationDate>1478270889000</creationDate>
  <parent>Main.WebHome</parent>
  <author>xwiki:XWiki.Admin</author>
  <contentAuthor>xwiki:XWiki.Admin</contentAuthor>
  <date>1478525698000</date>
  <contentUpdateDate>1478524047000</contentUpdateDate>
  <version>1.1</version>
  <title>#if(!$doc.name.endsWith('Sheet'))$services.localization.render('appWithinMinutes.templateProviderEditor.title', [$stringtool.removeEnd($doc.name, 'TemplateProvider')])#{else}$doc.name#end</title>
  <comment/>
  <minorEdit>false</minorEdit>
  <syntaxId>xwiki/2.1</syntaxId>
  <hidden>true</hidden>
  <content>{{include reference="XWiki.TemplateProviderMacros" /}}

{{velocity}}
#if("$!request.wizard" == 'true')
  {{include reference="AppWithinMinutes.WizardStep" /}}
#end
{{/velocity}}

{{velocity output="false"}}
#set ($appDescriptorClassName = 'AppWithinMinutes.LiveTableClass')

#macro (initializeTemplateProvider)
  #set ($prefix = $stringtool.removeEnd($doc.name, 'TemplateProvider'))
  #set ($discard = $doc.setTitle("$prefix Template Provider"))
  #set ($templateProviderObj = $doc.getObject('XWiki.TemplateProviderClass'))
  #set ($discard = $templateProviderObj.set('name', "${prefix.toLowerCase()}.entry.name"))
  #set ($discard = $templateProviderObj.set('template', $stringtool.removeEnd($doc.fullName, 'Provider')))
  #getAppReference
  #set ($localStringAppRef = $services.model.serialize($appReference, 'local'))
  #set ($icon = 'application')
  #foreach ($uix in $services.uix.getExtensions('org.xwiki.platform.panels.Applications'))
    #if ($uix.id == "platform.panels.${localStringAppRef}Application" &amp;&amp; $uix.parameters.icon.startsWith('icon:'))
      ## Use the application icon by default if set.
      #set ($icon = $stringtool.removeStart($uix.parameters.icon, 'icon:'))
    #end
  #end
  #set ($discard = $templateProviderObj.set('icon', $icon))
  #set ($homePageRef = $services.model.resolveDocument('', 'default', $appReference))
  ## We recommend the users to create the entries in the application space by default because:
  ## * for most applications it's better to keep the entries in the same place
  ## * if the application is not yet created the application space doesn't exist so the user cannot select it from the
  ##   tree unless we select it by default
  #set ($creationRestrictions = [$services.model.serialize($appReference, 'local')])
  #set ($creationRestrictionsAreSuggestions = 1)
  #if ($xwiki.exists($homePageRef))
    ## We are (most probably) editing an existing application. Initialize the entry location based on the information
    ## stored on the application home page.
    #set ($dataSpace = $xwiki.getDocument($homePageRef).getValue('dataSpace'))
    #set ($dataSpaceReference = $services.model.resolveSpace($dataSpace, 'explicit', $appReference))
    #set ($creationRestrictions = [$services.model.serialize($dataSpaceReference, 'local')])
    #set ($creationRestrictionsAreSuggestions = 0)
    ## Preserve the old behavior.
    #set ($discard = $templateProviderObj.set('terminal', 1))
  #end
  #set ($discard = $templateProviderObj.set('creationRestrictions', $creationRestrictions))
  #set ($discard = $templateProviderObj.set('creationRestrictionsAreSuggestions', $creationRestrictionsAreSuggestions))
#end

#macro (getAppReference)
  #set ($appLocalRef = $doc.getValue('dataSpaceName'))
  #if ("$!appLocalRef" != '')
    ## Between 6.3M2 (XWIKI-11249) and 7.3RC1 (XWIKI-12741).
    #set ($appReference = $services.model.resolveSpace($appLocalRef))
  #else
    ## Possible locations:
    ## 1. same space (&lt;6.2M1, XWIKI-8757)
    ## 2. sibling space (between 6.2M1 and 6.3M2)
    ## 3. grand parent space (7.3RC1+)
    #set ($appReferences = [
      $doc.documentReference.parent,
      $services.model.createSpaceReference($stringtool.removeEnd($doc.name, 'TemplateProvider'),
        $doc.documentReference.parent.parent),
      $doc.documentReference.parent.parent
    ])
    #foreach ($item in $appReferences)
      #set ($appReference = $item)
      #if ($xwiki.getDocument($appReference).getObject($appDescriptorClassName))
        #break
      #end
    #end
  #end
#end

#macro (maybeAddXRedirectToNextWizardStep)
  #if ("$!request.wizard" == 'true')
    ## Add redirect to next wizard step.
    #getAppReference
    #set ($homePageRef = $services.model.resolveDocument('', 'default', $appReference))
    #set ($queryString = {"wizard" : true})
    #if (!$xwiki.exists($homePageRef))
      #set ($classReference = "${stringtool.removeEnd($doc.fullName, 'TemplateProvider')}Class")
      #set ($wikiHomePageRef = $services.model.resolveDocument('', 'default'))
      #set ($wikiHomePage = $services.model.serialize($wikiHomePageRef, 'local'))
      #set ($discard = $queryString.putAll({
        'template': 'AppWithinMinutes.LiveTableTemplate',
        "${appDescriptorClassName}_0_class": $classReference,
        'title': $appReference.name,
        'parent': $wikiHomePage
      }))
    #end
    #set ($queryString = $escapetool.url($queryString))
    &lt;input type="hidden" name="xredirect" value="$escapetool.xml($xwiki.getURL($homePageRef, 'edit', $queryString))" /&gt;
  #end
#end

#macro (displayEditForm)
  {{html clean="false"}}
  #set ($discard = $xwiki.ssx.use('XWiki.TemplateProviderMacros'))
  #set ($discard = $xwiki.jsx.use('XWiki.TemplateProviderMacros'))
  #if ($doc.isNew())
    #initializeTemplateProvider
  #end
  &lt;div class="hidden"&gt;
    &lt;input type="hidden" name="title" value="$escapetool.xml($doc.title)" /&gt;
    &lt;input type="hidden" name="xhidden" value="1" /&gt;
    #foreach ($property in ['name', 'template', 'action'])
      #displayPropertyValue($property 'hidden')
    #end
    #maybeAddXRedirectToNextWizardStep
  &lt;/div&gt;
  &lt;div class="xform row templateProviderSheet"&gt;
    &lt;div class="xHint col-xs-12"&gt;
      $services.icon.renderHTML('info')
      $services.localization.render('appWithinMinutes.templateProviderEditor.hint')
    &lt;/div&gt;
    ##
    ## Left side
    ##
    &lt;div class="col-xs-12 col-md-6"&gt;
      &lt;dl&gt;
        ##
        ## Icon
        ##
        &lt;dt&gt;
          &lt;label for="XWiki.TemplateProviderClass_0_icon"&gt;
            $escapetool.xml($doc.displayPrettyName('icon'))
          &lt;/label&gt;
          &lt;span class="xHint"&gt;
            $services.localization.render('appWithinMinutes.templateProviderEditor.icon.hint')
          &lt;/span&gt;
        &lt;/dt&gt;
        &lt;dd&gt;#displayPropertyValue('icon')&lt;/dd&gt;
        ##
        ## Description
        ##
        &lt;dt&gt;
          &lt;label for="XWiki.TemplateProviderClass_0_description"&gt;
            $escapetool.xml($doc.displayPrettyName('description'))
          &lt;/label&gt;
          &lt;span class="xHint"&gt;
            $services.localization.render('appWithinMinutes.templateProviderEditor.description.hint')
          &lt;/span&gt;
        &lt;/dt&gt;
        &lt;dd&gt;#displayPropertyValue('description')&lt;/dd&gt;
        ##
        ## Visibility Restrictions
        ##
        &lt;dt&gt;
          &lt;label&gt;
            $escapetool.xml($services.localization.render('appWithinMinutes.templateProviderEditor.visibilityRestrictions.name'))
          &lt;/label&gt;
          &lt;span class="xHint"&gt;
            $escapetool.xml($services.localization.render('appWithinMinutes.templateProviderEditor.visibilityRestrictions.hint'))
          &lt;/span&gt;
        &lt;/dt&gt;
        &lt;dd&gt;#displayPathsPropertyValue('visibilityRestrictions')&lt;/dd&gt;
      &lt;/dl&gt;
    &lt;/div&gt;
    ##
    ## Right side
    ##
    &lt;div class="col-xs-12 col-md-6"&gt;
      &lt;dl&gt;
        ##
        ## Creation Restrictions
        ##
        &lt;dt&gt;
          &lt;label for="XWiki.TemplateProviderClass_0_creationRestrictions"&gt;
            $escapetool.xml($services.localization.render('appWithinMinutes.templateProviderEditor.creationRestrictions.name'))
          &lt;/label&gt;
          &lt;span class="xHint"&gt;
            $services.localization.render('appWithinMinutes.templateProviderEditor.creationRestrictions.hint')
          &lt;/span&gt;
        &lt;/dt&gt;
        &lt;dd&gt;#displayPathsPropertyValue('creationRestrictions')&lt;/dd&gt;
        ##
        ## Creation Restrictions As Suggestions
        ##
        &lt;dt&gt;
          &lt;label for="XWiki.TemplateProviderClass_0_creationRestrictionsAreSuggestions"&gt;
            #displayPropertyValue('creationRestrictionsAreSuggestions')
            $escapetool.xml($services.localization.render('appWithinMinutes.templateProviderEditor.creationRestrictionsAreSuggestions.name'))
          &lt;/label&gt;
          &lt;span class="xHint"&gt;
            $services.localization.render('appWithinMinutes.templateProviderEditor.creationRestrictionsAreSuggestions.hint')
          &lt;/span&gt;
        &lt;/dt&gt;
        &lt;dd&gt;&lt;/dd&gt;
        ##
        ## Terminal page creation - Advanced user
        ##
        #if ($isAdvancedUser || $isSuperAdmin)
          &lt;dt&gt;
            &lt;label for="XWiki.TemplateProviderClass_0_terminal"&gt;
              $escapetool.xml($doc.displayPrettyName('terminal'))
            &lt;/label&gt;
            &lt;span class="xHint"&gt;
              $escapetool.xml($services.localization.render('appWithinMinutes.templateProviderEditor.terminal.hint'))
            &lt;/span&gt;
          &lt;/dt&gt;
          &lt;dd&gt;#displayPropertyValue('terminal')&lt;/dd&gt;
        #else
          &lt;dd&gt;#displayPropertyValue('terminal' 'hidden')&lt;/dd&gt;
        #end
      &lt;/dl&gt;
    &lt;/div&gt;
    #locationPickerModal
  &lt;/div&gt;
  {{/html}}

  {{iconPicker id="XWiki\\.TemplateProviderClass_0_icon" prefix="" /}}
#end

#macro (doEdit)
  #if("$!request.wizard" == 'true')
    #appWizardHeader('entries')

  #end
  #displayEditForm
  #if("$!request.wizard" == 'true')
    #appWizardFooter('entries')
  #end
#end
{{/velocity}}

{{velocity}}
#if ($doc.getObject('XWiki.TemplateProviderClass'))
  #doEdit
#end
{{/velocity}}</content>
  <object>
    <name>AppWithinMinutes.TemplateProviderEditSheet</name>
    <number>0</number>
    <className>XWiki.SheetDescriptorClass</className>
    <guid>9c7bdc8f-0de1-4375-a1f7-27cf5721254e</guid>
    <class>
      <name>XWiki.SheetDescriptorClass</name>
      <customClass/>
      <customMapping/>
      <defaultViewSheet/>
      <defaultEditSheet/>
      <defaultWeb/>
      <nameField/>
      <validationScript/>
      <action>
        <customDisplay/>
        <disabled>0</disabled>
        <name>action</name>
        <number>1</number>
        <picker>0</picker>
        <prettyName>Action</prettyName>
        <size>30</size>
        <unmodifiable>0</unmodifiable>
        <validationMessage/>
        <validationRegExp/>
        <classType>com.xpn.xwiki.objects.classes.StringClass</classType>
      </action>
    </class>
    <property>
      <action>edit</action>
    </property>
  </object>
</xwikidoc>
