<?xml version="1.0" encoding="UTF-8"?>

<!--
 * See the NOTICE file distributed with this work for additional
 * information regarding copyright ownership.
 *
 * This is free software; you can redistribute it and/or modify it
 * under the terms of the GNU Lesser General Public License as
 * published by the Free Software Foundation; either version 2.1 of
 * the License, or (at your option) any later version.
 *
 * This software is distributed in the hope that it will be useful,
 * but WITHOUT ANY WARRANTY; without even the implied warranty of
 * MERCHANTABILITY or FITNESS FOR A PARTICULAR PURPOSE. See the GNU
 * Lesser General Public License for more details.
 *
 * You should have received a copy of the GNU Lesser General Public
 * License along with this software; if not, write to the Free
 * Software Foundation, Inc., 51 Franklin St, Fifth Floor, Boston, MA
 * 02110-1301 USA, or see the FSF site: http://www.fsf.org.
-->

<xwikidoc version="1.1">
  <web>AppWithinMinutes</web>
  <name>WebHome</name>
  <language/>
  <defaultLanguage/>
  <translation>0</translation>
  <creator>xwiki:XWiki.Admin</creator>
  <creationDate>1320651745000</creationDate>
  <parent>Main.WebHome</parent>
  <author>xwiki:XWiki.Admin</author>
  <contentAuthor>xwiki:XWiki.Admin</contentAuthor>
  <date>1407135501000</date>
  <contentUpdateDate>1407135501000</contentUpdateDate>
  <version>1.1</version>
  <title>$services.localization.render('platform.appwithinminutes.homePageTitle')</title>
  <comment/>
  <minorEdit>false</minorEdit>
  <syntaxId>xwiki/2.0</syntaxId>
  <hidden>true</hidden>
  <content>{{velocity}}
$services.localization.render('platform.appwithinminutes.description')

#if($hasCreateSpace)
  (% class="buttonwrapper" %)[[$services.localization.render('platform.appwithinminutes.createAppButtonLabel')&gt;&gt;CreateApplication||class="button"]]

#end
= $services.localization.render('platform.appwithinminutes.appsLiveTableHeading') =##
#set($columnsProperties = {
  'doc.space': {'type': 'text', 'link': 'view', 'size': 10, 'filterable': true, 'sortable': true},
  'doc.author': {'type': 'text', 'link': 'author', 'size': 10, 'filterable': true, 'sortable': true},
  'doc.date': {'type': 'date', 'size': 10, 'filterable': true, 'sortable': true},
  '_actions': {'html': true, 'sortable': false, 'actions': ['edit', 'delete']}
})
#set($options = {
  'className': 'AppWithinMinutes.LiveTableClass',
  'resultPage' : 'AppWithinMinutes.AppsLiveTableResults',
  'translationPrefix': 'platform.appwithinminutes.appsLiveTable.',
  'tagCloud': true,
  'rowCount': 15,
  'maxPages': 10,
  'selectedColumn': 'doc.space',
  'defaultOrder': 'asc'
})
#set($columns = ['doc.space', 'doc.author', 'doc.date', '_actions'])
#livetable('livetable' $columns $columnsProperties $options)
#set ($displayDocExtra = false)
{{/velocity}}</content>
  <object>
    <name>AppWithinMinutes.WebHome</name>
    <number>0</number>
    <className>XWiki.JavaScriptExtension</className>
    <guid>9bf2d1ac-8540-4d53-bbd0-91525a49c621</guid>
    <class>
      <name>XWiki.JavaScriptExtension</name>
      <customClass/>
      <customMapping/>
      <defaultViewSheet/>
      <defaultEditSheet/>
      <defaultWeb/>
      <nameField/>
      <validationScript/>
      <cache>
        <cache>0</cache>
        <disabled>0</disabled>
        <displayType>select</displayType>
        <multiSelect>0</multiSelect>
        <name>cache</name>
        <number>5</number>
        <prettyName>Caching policy</prettyName>
        <relationalStorage>0</relationalStorage>
        <separator> </separator>
        <separators>|, </separators>
        <size>1</size>
        <unmodifiable>0</unmodifiable>
        <values>long|short|default|forbid</values>
        <classType>com.xpn.xwiki.objects.classes.StaticListClass</classType>
      </cache>
      <code>
        <disabled>0</disabled>
        <name>code</name>
        <number>2</number>
        <prettyName>Code</prettyName>
        <rows>20</rows>
        <size>50</size>
        <unmodifiable>0</unmodifiable>
        <classType>com.xpn.xwiki.objects.classes.TextAreaClass</classType>
      </code>
      <name>
        <disabled>0</disabled>
        <name>name</name>
        <number>1</number>
        <prettyName>Name</prettyName>
        <size>30</size>
        <unmodifiable>0</unmodifiable>
        <classType>com.xpn.xwiki.objects.classes.StringClass</classType>
      </name>
      <parse>
        <disabled>0</disabled>
        <displayFormType>select</displayFormType>
        <displayType>yesno</displayType>
        <name>parse</name>
        <number>4</number>
        <prettyName>Parse content</prettyName>
        <unmodifiable>0</unmodifiable>
        <classType>com.xpn.xwiki.objects.classes.BooleanClass</classType>
      </parse>
      <use>
        <cache>0</cache>
        <disabled>0</disabled>
        <displayType>select</displayType>
        <multiSelect>0</multiSelect>
        <name>use</name>
        <number>3</number>
        <prettyName>Use this extension</prettyName>
        <relationalStorage>0</relationalStorage>
        <separator> </separator>
        <separators>|, </separators>
        <size>1</size>
        <unmodifiable>0</unmodifiable>
        <values>currentPage|onDemand|always</values>
        <classType>com.xpn.xwiki.objects.classes.StaticListClass</classType>
      </use>
    </class>
    <property>
      <cache>long</cache>
    </property>
    <property>
      <code>document.observe('xwiki:livetable:newrow', function(event) {
  // Fix the display of the application name.
  var appLink = event.memo.row.down('td.doc_space a');
  var appReference = XWiki.Model.resolve(event.memo.data['doc_space'], XWiki.EntityType.SPACE);
  var appLocation = appReference.getReversedReferenceChain().map(function(spaceReference) {
    return spaceReference.name;
  }).join(' \u00BB ');
  appLink.update(appLocation.escapeHTML());

  // Add the xredirect parameter to the query string of the delete action to
  // redirect the user back to the live table after an application is deleted.
  var deleteLink = event.memo.row.down('td.actions').down('a.actiondelete');
  deleteLink.href = deleteLink.href + '&amp;xredirect=' + encodeURIComponent(window.location.href);
});</code>
    </property>
    <property>
      <name>Code</name>
    </property>
    <property>
      <parse>0</parse>
    </property>
    <property>
      <use>currentPage</use>
    </property>
  </object>
</xwikidoc>
