<?xml version="1.0" encoding="UTF-8"?>

<!--
 * See the NOTICE file distributed with this work for additional
 * information regarding copyright ownership.
 *
 * This is free software; you can redistribute it and/or modify it
 * under the terms of the GNU Lesser General Public License as
 * published by the Free Software Foundation; either version 2.1 of
 * the License, or (at your option) any later version.
 *
 * This software is distributed in the hope that it will be useful,
 * but WITHOUT ANY WARRANTY; without even the implied warranty of
 * MERCHANTABILITY or FITNESS FOR A PARTICULAR PURPOSE. See the GNU
 * Lesser General Public License for more details.
 *
 * You should have received a copy of the GNU Lesser General Public
 * License along with this software; if not, write to the Free
 * Software Foundation, Inc., 51 Franklin St, Fifth Floor, Boston, MA
 * 02110-1301 USA, or see the FSF site: http://www.fsf.org.
-->

<xwikidoc>
  <web>XAppResources</web>
  <name>Translations</name>
  <language>it</language>
  <defaultLanguage>en</defaultLanguage>
  <translation>1</translation>
  <parent>XAppResources.WebHome</parent>
  <creator>xwiki:XWiki.Admin</creator>
  <author>xwiki:XWiki.Admin</author>
  <customClass/>
  <contentAuthor>xwiki:XWiki.Admin</contentAuthor>
  <creationDate>1192218584000</creationDate>
  <date>1357298547000</date>
  <contentUpdateDate>1357298544000</contentUpdateDate>
  <version>1.1</version>
  <title/>
  <template/>
  <defaultTemplate/>
  <validationScript/>
  <comment/>
  <minorEdit>false</minorEdit>
  <syntaxId>xwiki/2.0</syntaxId>
  <hidden>true</hidden>
  <content>## XWiki Translation for language it generated from http://www.l10n.xwiki.org
xapp.action.exportnonrecurse=Esporta (non ricorsivamente)
xapp.action.exportrecurse=Esporta
xapp.action.reloadapp=Ricarica
xapp.answer.deleteapp.msg=Sicuri di voler eliminare l''applicazione "{0}" ?
xapp.answer.deleteapp.title=Elimina l''applicazione "{0}"
xapp.answer.exportapp.recursive=Ricorsivamente
xapp.answer.exportapp.title=Esporta l''applicazione "{0}"
xapp.answer.exportapp.withdetails=Con cronologia
xapp.appmanager=Gestione applicazioni
xapp.appname=Nome applicazione
xapp.availablefilestoimport=File disponibili per l'importazione
xapp.createapplication=Crea una nuova applicazione
xapp.description=Descrizione
xapp.docname=Nome documento
xapp.errorcreateapp=Errore durante la creazione dell''applicazione "{0}" (codice "{1}").
xapp.errorcreateapp.ERROR_AM_APPDOCALREADYEXISTS=L''applicazione "{0}" esiste già. Scegliere un altro nome.
xapp.errordeleteapp=Errore durante l''eliminazione dell''applicazione "{0}" (codice "{1}").
xapp.errorexportapp=Errore durante l''esportazione dell''applicazione "{0}" (codice "{1}").
xapp.errorimportapp=Errore durante l''importazione del pacchetto dell''applicazione "{0}" (codice "{1}")
xapp.errorreloadapp=Errore durante il ricaricamento dell''applicazione "{0}" (codice "{1}").
xapp.legend.application=Applicazione
xapp.legend.validate=Validazione
xapp.pluginnotenabled=Il plugin Application Manager non è abilitato. Questa pagina non funzionerà correttamente. Assicurarsi che "com.xpn.xwiki.plugin.applicationmanager.ApplicationManagerPlugin" sia elencato tra i parametri di xwiki.plugins nel file xwiki.cfg.  
xapp.successcreateapp=È stata creata l''applicazione "{0}". Vi si può accedere tramite [{1}].
xapp.successdeleteapp=Eliminazione dell''applicazione "{0}" riuscita.
xapp.successexportapp=Esportazione dell''applicazione "{0}" riuscita.
xapp.successimportapp=Importazione del pacchetto dell''applicazione "{0}" riuscita.
xapp.successreloadapp=Ricaricamento dell''applicazione "{0}" riuscito.
xapp.totalnumberofapp=Numero totale di applicazioni
</content>
</xwikidoc>
