<?xml version="1.0" encoding="UTF-8"?>

<!--
 * See the NOTICE file distributed with this work for additional
 * information regarding copyright ownership.
 *
 * This is free software; you can redistribute it and/or modify it
 * under the terms of the GNU Lesser General Public License as
 * published by the Free Software Foundation; either version 2.1 of
 * the License, or (at your option) any later version.
 *
 * This software is distributed in the hope that it will be useful,
 * but WITHOUT ANY WARRANTY; without even the implied warranty of
 * MERCHANTABILITY or FITNESS FOR A PARTICULAR PURPOSE. See the GNU
 * Lesser General Public License for more details.
 *
 * You should have received a copy of the GNU Lesser General Public
 * License along with this software; if not, write to the Free
 * Software Foundation, Inc., 51 Franklin St, Fifth Floor, Boston, MA
 * 02110-1301 USA, or see the FSF site: http://www.fsf.org.
-->

<xwikidoc version="1.1">
  <web>XWiki</web>
  <name>ResetPasswordComplete</name>
  <language/>
  <defaultLanguage/>
  <translation>0</translation>
  <creator>xwiki:XWiki.Admin</creator>
  <creationDate>1364502206000</creationDate>
  <parent>XWiki.ResetPassword</parent>
  <author>xwiki:XWiki.Admin</author>
  <contentAuthor>xwiki:XWiki.Admin</contentAuthor>
  <date>1364563913000</date>
  <contentUpdateDate>1364563913000</contentUpdateDate>
  <version>1.1</version>
  <title>$services.localization.render('xe.admin.passwordReset.step2.title')</title>
  <comment/>
  <minorEdit>false</minorEdit>
  <syntaxId>xwiki/2.1</syntaxId>
  <hidden>true</hidden>
  <content>{{velocity output="false"}}
#**
This page completes the password reset procedure. It works according to the next algorithm:
1. Verify that the correct verification URL is entered, by checking the 'u' and 'v' request parameters against the existing ResetPasswordRequest objects
2. Display a form requesting the new password
3. When receiving the new password via form submission, update the user object with the new password, and remove the ResetPasswordRequest object

URL parameters:

u = user account in the verification URL
v = random verification string
p = the new password
p2 = the new password (for misspelling check)

!!!!! IMPORTANT !!!!!

This document requires programming rights, so always make sure
it is saved by a user with programming rights, and that
it is secured against unprivileged editing.

*###
##
##
## The name of the class used for storing password reset verification data.
#set ($verifClass = 'XWiki.ResetPasswordRequestClass')
##
## START MACROS
##
#**
 * Encrypt a string to get the value that would be stored inside a PasswordProperty field.
 * It is used to check if the unencrypted parameter from the URL is the value stored in the
 * ResetPasswordRequest object.
 * @param value The plaintext value to encrypt.
 * @param storedValue The current value stored in the ResetPasswordRequest object.
 * @param result The encrypted output.
 *#
#macro(encrypt $value $storedValue $result)
  #set ($encryptedValue = $xwiki.getClass($verifClass).getXWikiClass().get('verification').getEquivalentPassword($storedValue, $value))
  #setVariable("$result", $encryptedValue)
#end
##
##
#**
 * Verify that the request parameters are valid.
 * @param userName The user name (full document name) received in the URL.
 * @param validationString The unencrypted key that is stored in the ResetPasswordRequestClass object.
 * @param result A boolean where the validation result is returned. True if the request is valid, false otherwise.
 *#
#macro(verifyRequest $userName $validationString $isValid)
  #set ($isValid = false)
  #if ($validationString != '' &amp;&amp; $userName != '')
    #set ($storedValidationString = $!xwiki.getDocumentAsAuthor($userName).getObject($verifClass).getValue('verification'))
    #encrypt($validationString, $storedValidationString, $encryptedValidationString)
    #if ($storedValidationString == $encryptedValidationString)
      #set ($isValid = true)
    #end
  #end
#end
##
##
#**
 * Displays the password reset form.
 * @param message An optional message to display, for example if the sent password is empty.
 * @param u The user account (full document name), which needs to be preserved.
 * @param v The validation string, which will be checked again upon receiving the form.
 *###
#macro(displayForm $message $userName $validationString)
  #if ($message != '')
{{warning}}$message{{/warning}}
  #end

{{html}}
  &lt;form action="$doc.getURL()" method="post" class="xform third" onsubmit="if($('p').value == '') {alert('$services.localization.render("xe.admin.passwordReset.step2.error.emptyPassword")'); return false;} else if($('p').value != $('p2').value) {alert('$services.localization.render("xe.admin.passwordReset.step2.error.verificationMismatch")'); return false; }"&gt;
    &lt;div class="hidden"&gt;
      &lt;input type="hidden" name="form_token" value="$!{services.csrf.getToken()}" /&gt;
      &lt;input type="hidden" name="u" value="$!escapetool.xml($userName)"/&gt;
      &lt;input type="hidden" name="v" value="$!escapetool.xml($validationString)"/&gt;
    &lt;/div&gt;
    &lt;dl&gt;
      &lt;dt&gt;&lt;label for="p"&gt;$services.localization.render('xe.admin.passwordReset.step2.newPassword.label')&lt;/label&gt;&lt;/dt&gt;
      &lt;dd&gt;&lt;input id="p" type="password" name="p" value="" size="20"/&gt;&lt;/dd&gt;
      &lt;dt&gt;&lt;label for="p2"&gt;$services.localization.render('xe.admin.passwordReset.step2.newPasswordVerification.label')&lt;/label&gt;&lt;/dt&gt;
      &lt;dd&gt;&lt;input id="p2" type="password" value="" name="p2" size="20"/&gt;&lt;/dd&gt;
    &lt;/dl&gt;
    &lt;div class="buttons"&gt;
      &lt;span class="buttonwrapper"&gt;&lt;input type="submit" value="$services.localization.render('xe.admin.passwordReset.step2.submit')" class="button"/&gt;&lt;/span&gt;
    &lt;/div&gt;
  &lt;/form&gt;
{{/html}}

#end
##
## END MACROS
##
##
#set ($userName = "$!request.u")
#set ($validationString = "$!request.v")
#set ($password = "$!request.p")
#set ($password2 = "$!request.p2")
#verifyRequest($userName $validationString $isValid)
{{/velocity}}

{{velocity}}
##
##
## First, check if the page has programming rights, as nothing works otherwise
#if ($xwiki.hasProgrammingRights())
#if ($isValid)
  #set ($vuserDoc = $xwiki.getDocumentAsAuthor($userName))
  #if ($request.getParameterMap().containsKey('p'))## Second step, set the user password
    #if($password == '')
      #displayForm($services.localization.render('xe.admin.passwordReset.step2.error.emptyPassword') $userName $validationString)
    #elseif($password != $password2)
      #displayForm($services.localization.render('xe.admin.passwordReset.step2.error.verificationMismatch') $userName $validationString)
    #else
      $vuserDoc.getObject('XWiki.XWikiUsers').set('password', $password)
      #set($discard = $vuserDoc.removeObjects($verifClass))
      #set ($discard = $vuserDoc.saveAsAuthor($services.localization.render('xe.admin.passwordReset.step2.versionComment.passwordReset'), true))
{{info}}{{translation key="xe.admin.passwordReset.step2.success"/}} [[{{translation key="xe.admin.passwordReset.step2.login"/}}&gt;&gt;path:$xwiki.getURL('XWiki.XWikiLogin', 'login')]]{{/info}}

    #end
  #else## First step, request the user password
    ## The user might not complete this step, and leave the URL in the (public) browser's
    ## history. Prevent reusing the URL by invalidating the initial verification URL and only
    ## post the new string in the hidden form data.
    #set ($validationString = $util.generateRandomString(30))
    #set ($discard = $vuserDoc.getObject($verifClass).set('verification', $validationString))
    #set ($discard = $vuserDoc.saveAsAuthor($services.localization.render('xe.admin.passwordReset.step2.versionComment.changeValidationKey'), true))
    #displayForm('' $userName $validationString)
  #end
#else

{{error}}{{translation key="xe.admin.passwordReset.step2.error.wrongParameters"/}} [[{{translation key="xe.admin.passwordReset.step2.backToStep1"/}}&gt;&gt;ResetPassword]]{{/error}}

#end
##
## Clear private variables, so that they cannot be accessed from the rest of the page (comments, panels...)
#set ($validationString = '')
#set ($password = '')
#set ($password2 = '')
##
##
#else## No programming rights, warn and exit

{{error}}{{translation key="xe.admin.passwordReset.step2.error.noProgrammingRights"/}}{{/error}}

#end
{{/velocity}}</content>
  <object>
    <name>XWiki.ResetPasswordComplete</name>
    <number>0</number>
    <className>XWiki.XWikiRights</className>
    <guid>7fd88649-d66d-442a-bcee-bc4147e410a7</guid>
    <class>
      <name>XWiki.XWikiRights</name>
      <customClass/>
      <customMapping/>
      <defaultViewSheet/>
      <defaultEditSheet/>
      <defaultWeb/>
      <nameField/>
      <validationScript/>
      <allow>
        <defaultValue>1</defaultValue>
        <disabled>0</disabled>
        <displayFormType>select</displayFormType>
        <displayType>allow</displayType>
        <name>allow</name>
        <number>4</number>
        <prettyName>Allow/Deny</prettyName>
        <unmodifiable>0</unmodifiable>
        <classType>com.xpn.xwiki.objects.classes.BooleanClass</classType>
      </allow>
      <groups>
        <cache>0</cache>
        <disabled>0</disabled>
        <displayType>input</displayType>
        <multiSelect>1</multiSelect>
        <name>groups</name>
        <number>1</number>
        <picker>1</picker>
        <prettyName>Groups</prettyName>
        <relationalStorage>0</relationalStorage>
        <separator> </separator>
        <size>5</size>
        <unmodifiable>0</unmodifiable>
        <classType>com.xpn.xwiki.objects.classes.GroupsClass</classType>
      </groups>
      <levels>
        <cache>0</cache>
        <disabled>0</disabled>
        <displayType>select</displayType>
        <multiSelect>1</multiSelect>
        <name>levels</name>
        <number>2</number>
        <prettyName>Levels</prettyName>
        <relationalStorage>0</relationalStorage>
        <separator> </separator>
        <size>3</size>
        <unmodifiable>0</unmodifiable>
        <classType>com.xpn.xwiki.objects.classes.LevelsClass</classType>
      </levels>
      <users>
        <cache>0</cache>
        <disabled>0</disabled>
        <displayType>input</displayType>
        <multiSelect>1</multiSelect>
        <name>users</name>
        <number>3</number>
        <picker>1</picker>
        <prettyName>Users</prettyName>
        <relationalStorage>0</relationalStorage>
        <separator> </separator>
        <size>5</size>
        <unmodifiable>0</unmodifiable>
        <classType>com.xpn.xwiki.objects.classes.UsersClass</classType>
      </users>
    </class>
    <property>
      <allow>0</allow>
    </property>
    <property>
      <groups>XWiki.XWikiAllGroup</groups>
    </property>
    <property>
      <levels>edit</levels>
    </property>
    <property>
      <users>XWiki.XWikiGuest</users>
    </property>
  </object>
  <object>
    <name>XWiki.ResetPasswordComplete</name>
    <number>1</number>
    <className>XWiki.XWikiRights</className>
    <guid>e0264a66-4a10-4d7e-822e-6863e3caaa18</guid>
    <class>
      <name>XWiki.XWikiRights</name>
      <customClass/>
      <customMapping/>
      <defaultViewSheet/>
      <defaultEditSheet/>
      <defaultWeb/>
      <nameField/>
      <validationScript/>
      <allow>
        <defaultValue>1</defaultValue>
        <disabled>0</disabled>
        <displayFormType>select</displayFormType>
        <displayType>allow</displayType>
        <name>allow</name>
        <number>4</number>
        <prettyName>Allow/Deny</prettyName>
        <unmodifiable>0</unmodifiable>
        <classType>com.xpn.xwiki.objects.classes.BooleanClass</classType>
      </allow>
      <groups>
        <cache>0</cache>
        <disabled>0</disabled>
        <displayType>input</displayType>
        <multiSelect>1</multiSelect>
        <name>groups</name>
        <number>1</number>
        <picker>1</picker>
        <prettyName>Groups</prettyName>
        <relationalStorage>0</relationalStorage>
        <separator> </separator>
        <size>5</size>
        <unmodifiable>0</unmodifiable>
        <classType>com.xpn.xwiki.objects.classes.GroupsClass</classType>
      </groups>
      <levels>
        <cache>0</cache>
        <disabled>0</disabled>
        <displayType>select</displayType>
        <multiSelect>1</multiSelect>
        <name>levels</name>
        <number>2</number>
        <prettyName>Levels</prettyName>
        <relationalStorage>0</relationalStorage>
        <separator> </separator>
        <size>3</size>
        <unmodifiable>0</unmodifiable>
        <classType>com.xpn.xwiki.objects.classes.LevelsClass</classType>
      </levels>
      <users>
        <cache>0</cache>
        <disabled>0</disabled>
        <displayType>input</displayType>
        <multiSelect>1</multiSelect>
        <name>users</name>
        <number>3</number>
        <picker>1</picker>
        <prettyName>Users</prettyName>
        <relationalStorage>0</relationalStorage>
        <separator> </separator>
        <size>5</size>
        <unmodifiable>0</unmodifiable>
        <classType>com.xpn.xwiki.objects.classes.UsersClass</classType>
      </users>
    </class>
    <property>
      <allow>0</allow>
    </property>
    <property>
      <groups>xwiki:XWiki.XWikiAllGroup</groups>
    </property>
    <property>
      <levels>edit</levels>
    </property>
  </object>
  <object>
    <name>XWiki.ResetPasswordComplete</name>
    <number>2</number>
    <className>XWiki.XWikiRights</className>
    <guid>06daec64-228b-4da1-b7e6-b59d9624c856</guid>
    <class>
      <name>XWiki.XWikiRights</name>
      <customClass/>
      <customMapping/>
      <defaultViewSheet/>
      <defaultEditSheet/>
      <defaultWeb/>
      <nameField/>
      <validationScript/>
      <allow>
        <defaultValue>1</defaultValue>
        <disabled>0</disabled>
        <displayFormType>select</displayFormType>
        <displayType>allow</displayType>
        <name>allow</name>
        <number>4</number>
        <prettyName>Allow/Deny</prettyName>
        <unmodifiable>0</unmodifiable>
        <classType>com.xpn.xwiki.objects.classes.BooleanClass</classType>
      </allow>
      <groups>
        <cache>0</cache>
        <disabled>0</disabled>
        <displayType>input</displayType>
        <multiSelect>1</multiSelect>
        <name>groups</name>
        <number>1</number>
        <picker>1</picker>
        <prettyName>Groups</prettyName>
        <relationalStorage>0</relationalStorage>
        <separator> </separator>
        <size>5</size>
        <unmodifiable>0</unmodifiable>
        <classType>com.xpn.xwiki.objects.classes.GroupsClass</classType>
      </groups>
      <levels>
        <cache>0</cache>
        <disabled>0</disabled>
        <displayType>select</displayType>
        <multiSelect>1</multiSelect>
        <name>levels</name>
        <number>2</number>
        <prettyName>Levels</prettyName>
        <relationalStorage>0</relationalStorage>
        <separator> </separator>
        <size>3</size>
        <unmodifiable>0</unmodifiable>
        <classType>com.xpn.xwiki.objects.classes.LevelsClass</classType>
      </levels>
      <users>
        <cache>0</cache>
        <disabled>0</disabled>
        <displayType>input</displayType>
        <multiSelect>1</multiSelect>
        <name>users</name>
        <number>3</number>
        <picker>1</picker>
        <prettyName>Users</prettyName>
        <relationalStorage>0</relationalStorage>
        <separator> </separator>
        <size>5</size>
        <unmodifiable>0</unmodifiable>
        <classType>com.xpn.xwiki.objects.classes.UsersClass</classType>
      </users>
    </class>
    <property>
      <allow>1</allow>
    </property>
    <property>
      <groups>XWiki.XWikiAllGroup</groups>
    </property>
    <property>
      <levels>view</levels>
    </property>
    <property>
      <users>XWiki.XWikiGuest</users>
    </property>
  </object>
</xwikidoc>
