<?xml version="1.0" encoding="UTF-8"?>

<!--
 * See the NOTICE file distributed with this work for additional
 * information regarding copyright ownership.
 *
 * This is free software; you can redistribute it and/or modify it
 * under the terms of the GNU Lesser General Public License as
 * published by the Free Software Foundation; either version 2.1 of
 * the License, or (at your option) any later version.
 *
 * This software is distributed in the hope that it will be useful,
 * but WITHOUT ANY WARRANTY; without even the implied warranty of
 * MERCHANTABILITY or FITNESS FOR A PARTICULAR PURPOSE. See the GNU
 * Lesser General Public License for more details.
 *
 * You should have received a copy of the GNU Lesser General Public
 * License along with this software; if not, write to the Free
 * Software Foundation, Inc., 51 Franklin St, Fifth Floor, Boston, MA
 * 02110-1301 USA, or see the FSF site: http://www.fsf.org.
-->

<xwikidoc version="1.2" reference="AnnotationCode.AnnotateMenuUIX" locale="">
  <web>AnnotationCode</web>
  <name>AnnotateMenuUIX</name>
  <language/>
  <defaultLanguage/>
  <translation>0</translation>
  <creator>xwiki:XWiki.Admin</creator>
  <creationDate>1447859230000</creationDate>
  <parent>AnnotationCode.WebHome</parent>
  <author>xwiki:XWiki.Admin</author>
  <contentAuthor>xwiki:XWiki.Admin</contentAuthor>
  <date>1447861877000</date>
  <contentUpdateDate>1447859231000</contentUpdateDate>
  <version>1.1</version>
  <title/>
  <comment/>
  <minorEdit>false</minorEdit>
  <syntaxId>xwiki/2.1</syntaxId>
  <hidden>true</hidden>
  <content/>
  <object>
    <name>AnnotationCode.AnnotateMenuUIX</name>
    <number>0</number>
    <className>XWiki.UIExtensionClass</className>
    <guid>2b66a6e0-ce49-4882-ae87-448c46b29945</guid>
    <class>
      <name>XWiki.UIExtensionClass</name>
      <customClass/>
      <customMapping/>
      <defaultViewSheet/>
      <defaultEditSheet/>
      <defaultWeb/>
      <nameField/>
      <validationScript/>
      <content>
        <disabled>0</disabled>
        <name>content</name>
        <number>3</number>
        <prettyName>Extension Content</prettyName>
        <rows>10</rows>
        <size>40</size>
        <unmodifiable>0</unmodifiable>
        <classType>com.xpn.xwiki.objects.classes.TextAreaClass</classType>
      </content>
      <extensionPointId>
        <disabled>0</disabled>
        <name>extensionPointId</name>
        <number>1</number>
        <prettyName>Extension Point ID</prettyName>
        <size>30</size>
        <unmodifiable>0</unmodifiable>
        <classType>com.xpn.xwiki.objects.classes.StringClass</classType>
      </extensionPointId>
      <name>
        <disabled>0</disabled>
        <name>name</name>
        <number>2</number>
        <prettyName>Extension ID</prettyName>
        <size>30</size>
        <unmodifiable>0</unmodifiable>
        <classType>com.xpn.xwiki.objects.classes.StringClass</classType>
      </name>
      <parameters>
        <disabled>0</disabled>
        <name>parameters</name>
        <number>4</number>
        <prettyName>Extension Parameters</prettyName>
        <rows>10</rows>
        <size>40</size>
        <unmodifiable>0</unmodifiable>
        <classType>com.xpn.xwiki.objects.classes.TextAreaClass</classType>
      </parameters>
      <scope>
        <cache>0</cache>
        <disabled>0</disabled>
        <displayType>select</displayType>
        <multiSelect>0</multiSelect>
        <name>scope</name>
        <number>5</number>
        <prettyName>Extension Scope</prettyName>
        <relationalStorage>0</relationalStorage>
        <separator> </separator>
        <separators>|, </separators>
        <size>1</size>
        <unmodifiable>0</unmodifiable>
        <values>wiki=Current Wiki|user=Current User|global=Global</values>
        <classType>com.xpn.xwiki.objects.classes.StaticListClass</classType>
      </scope>
    </class>
    <property>
      <content>{{velocity}}{{html clean="false"}} ## we need clean="false" because we want to display the raw content of #submenuitem()
  ##
  ## Get the annotation configuration
  ##
  #set($config               = 'AnnotationCode.AnnotationConfig')
  #set($configObj            = $xwiki.getDocument($config).getObject($config))
  #set($annotationsActivated = "$!configObj.getValue('activated')" == '1')
  #set($exceptionSpaces      = $configObj.getValue('exceptionSpaces'))
  ##
  ## The annotations UIX is displayed if:
  ## * the annotations are activated, and the current space is not an exception of this rule
  ## OR
  ## * the annotations are displayed globally, but the current space is an exception of this rule
  #if (($annotationsActivated &amp;&amp; !$exceptionSpaces.contains($doc.space)) || (!$annotationsActivated &amp;&amp; $exceptionSpaces.contains($doc.space)))
    #template('menus_macros.vm')
    ##
    ## Display the annotations activator link
    ##
    #set ($linkURL = '#Annotations')
    #if ("$!configObj.getValue('annotationClass')" == 'XWiki.XWikiComments')
      #set ($linkURL = '#Comments')
    #end
    #submenuitem($linkURL, $services.localization.render('annotations.title'), 'tmAnnotationsTrigger', 'tme', 'edit')
  #end
{{/html}}{{/velocity}}
</content>
    </property>
    <property>
      <extensionPointId>org.xwiki.plaftorm.moreoptions</extensionPointId>
    </property>
    <property>
      <name>org.xwiki.plaftorm.annotation.moreaction</name>
    </property>
    <property>
      <parameters>order=85000</parameters>
    </property>
    <property>
      <scope>wiki</scope>
    </property>
  </object>
</xwikidoc>
