<?xml version="1.0" encoding="UTF-8"?>

<!--
 * See the NOTICE file distributed with this work for additional
 * information regarding copyright ownership.
 *
 * This is free software; you can redistribute it and/or modify it
 * under the terms of the GNU Lesser General Public License as
 * published by the Free Software Foundation; either version 2.1 of
 * the License, or (at your option) any later version.
 *
 * This software is distributed in the hope that it will be useful,
 * but WITHOUT ANY WARRANTY; without even the implied warranty of
 * MERCHANTABILITY or FITNESS FOR A PARTICULAR PURPOSE. See the GNU
 * Lesser General Public License for more details.
 *
 * You should have received a copy of the GNU Lesser General Public
 * License along with this software; if not, write to the Free
 * Software Foundation, Inc., 51 Franklin St, Fifth Floor, Boston, MA
 * 02110-1301 USA, or see the FSF site: http://www.fsf.org.
-->

<xwikidoc version="1.1">
  <web>XWiki</web>
  <name>AccountValidation</name>
  <language/>
  <defaultLanguage/>
  <translation>0</translation>
  <creator>xwiki:XWiki.Admin</creator>
  <creationDate>1364502208000</creationDate>
  <parent>XWiki.WebHome</parent>
  <author>xwiki:XWiki.Admin</author>
  <contentAuthor>xwiki:XWiki.Admin</contentAuthor>
  <date>1364565086000</date>
  <contentUpdateDate>1364565086000</contentUpdateDate>
  <version>1.1</version>
  <title/>
  <comment/>
  <minorEdit>false</minorEdit>
  <syntaxId>xwiki/2.0</syntaxId>
  <hidden>true</hidden>
  <content>{{velocity}}
#if("$!{request.validkey}" != '' &amp;&amp; "$!{request.xwikiname}" != '')
  #if($xwiki.validateUser(true) == 0)
    #set($loginURL = $xwiki.getURL('XWiki.XWikiLogin', 'login'))
    {{info}}{{html clean="false"}}$services.localization.render('xe.admin.accountvalidation.success', [${loginURL}]){{/html}}{{/info}}
  #else
    {{warning}}{{translation key="xe.admin.accountvalidation.failure"/}}{{/warning}}
  #end
#else
  $response.sendRedirect($xwiki.getURL($services.model.resolveDocument('', 'default', $doc.documentReference.extractReference('WIKI'))))
#end
{{/velocity}}</content>
</xwikidoc>
