<?xml version="1.0" encoding="UTF-8"?>

<!--
 * See the NOTICE file distributed with this work for additional
 * information regarding copyright ownership.
 *
 * This is free software; you can redistribute it and/or modify it
 * under the terms of the GNU Lesser General Public License as
 * published by the Free Software Foundation; either version 2.1 of
 * the License, or (at your option) any later version.
 *
 * This software is distributed in the hope that it will be useful,
 * but WITHOUT ANY WARRANTY; without even the implied warranty of
 * MERCHANTABILITY or FITNESS FOR A PARTICULAR PURPOSE. See the GNU
 * Lesser General Public License for more details.
 *
 * You should have received a copy of the GNU Lesser General Public
 * License along with this software; if not, write to the Free
 * Software Foundation, Inc., 51 Franklin St, Fifth Floor, Boston, MA
 * 02110-1301 USA, or see the FSF site: http://www.fsf.org.
-->

<xwikidoc version="1.2" reference="XWiki.TemplateProviderClass" locale="">
  <web>XWiki</web>
  <name>TemplateProviderClass</name>
  <language/>
  <defaultLanguage/>
  <translation>0</translation>
  <creator>xwiki:XWiki.Admin</creator>
  <creationDate>1377515109000</creationDate>
  <parent>XWiki.XWikiClasses</parent>
  <author>xwiki:XWiki.Admin</author>
  <contentAuthor>xwiki:XWiki.Admin</contentAuthor>
  <date>1378399201000</date>
  <contentUpdateDate>1378399197000</contentUpdateDate>
  <version>1.1</version>
  <title>Template Provider Class</title>
  <comment/>
  <minorEdit>false</minorEdit>
  <syntaxId>xwiki/2.0</syntaxId>
  <hidden>true</hidden>
  <content/>
  <class>
    <name>XWiki.TemplateProviderClass</name>
    <customClass/>
    <customMapping/>
    <defaultViewSheet/>
    <defaultEditSheet/>
    <defaultWeb/>
    <nameField/>
    <validationScript/>
    <action>
      <cache>0</cache>
      <customDisplay/>
      <disabled>0</disabled>
      <displayType>select</displayType>
      <multiSelect>0</multiSelect>
      <name>action</name>
      <number>5</number>
      <picker>0</picker>
      <prettyName>Action on create</prettyName>
      <relationalStorage>0</relationalStorage>
      <separator> </separator>
      <separators> ,|</separators>
      <size>1</size>
      <sort>none</sort>
      <unmodifiable>0</unmodifiable>
      <validationMessage/>
      <validationRegExp/>
      <values>edit|saveandedit</values>
      <classType>com.xpn.xwiki.objects.classes.StaticListClass</classType>
    </action>
    <description>
      <disabled>0</disabled>
      <name>description</name>
      <number>6</number>
      <prettyName>description</prettyName>
      <size>30</size>
      <unmodifiable>0</unmodifiable>
      <classType>com.xpn.xwiki.objects.classes.StringClass</classType>
    </description>
    <icon>
      <disabled>0</disabled>
      <name>icon</name>
      <number>7</number>
      <prettyName>icon</prettyName>
      <size>30</size>
      <unmodifiable>0</unmodifiable>
      <classType>com.xpn.xwiki.objects.classes.StringClass</classType>
    </icon>
    <name>
      <customDisplay/>
      <disabled>0</disabled>
      <name>name</name>
      <number>1</number>
      <picker>0</picker>
      <prettyName>name</prettyName>
      <size>30</size>
      <unmodifiable>0</unmodifiable>
      <validationMessage/>
      <validationRegExp/>
      <classType>com.xpn.xwiki.objects.classes.StringClass</classType>
    </name>
    <spaces>
      <cache>0</cache>
      <classname/>
      <customDisplay/>
      <disabled>0</disabled>
      <displayType>checkbox</displayType>
      <idField/>
      <multiSelect>1</multiSelect>
      <name>spaces</name>
      <number>4</number>
      <picker>0</picker>
      <prettyName>spaces</prettyName>
      <relationalStorage>0</relationalStorage>
      <separator>,</separator>
      <separators>,</separators>
      <size>10</size>
      <sort>none</sort>
      <sql>select distinct doc.web from XWikiDocument doc order by doc.web</sql>
      <unmodifiable>0</unmodifiable>
      <validationMessage/>
      <validationRegExp/>
      <valueField/>
      <classType>com.xpn.xwiki.objects.classes.DBListClass</classType>
    </spaces>
    <template>
      <customDisplay/>
      <disabled>0</disabled>
      <name>template</name>
      <number>2</number>
      <picker>0</picker>
      <prettyName>template</prettyName>
      <size>30</size>
      <unmodifiable>0</unmodifiable>
      <validationMessage/>
      <validationRegExp/>
      <classType>com.xpn.xwiki.objects.classes.StringClass</classType>
    </template>
    <terminal>
      <customDisplay/>
      <defaultValue/>
      <disabled>0</disabled>
      <displayFormType>select</displayFormType>
      <displayType/>
      <name>terminal</name>
      <number>6</number>
      <prettyName>terminal</prettyName>
      <unmodifiable>0</unmodifiable>
      <validationMessage/>
      <validationRegExp/>
      <classType>com.xpn.xwiki.objects.classes.BooleanClass</classType>
    </terminal>
  </class>
  <object>
    <name>XWiki.TemplateProviderClass</name>
    <number>0</number>
    <className>XWiki.ClassSheetBinding</className>
    <guid>97167345-db92-4110-9048-2021df41f738</guid>
    <class>
      <name>XWiki.ClassSheetBinding</name>
      <customClass/>
      <customMapping/>
      <defaultViewSheet/>
      <defaultEditSheet/>
      <defaultWeb/>
      <nameField/>
      <validationScript/>
      <sheet>
        <customDisplay/>
        <disabled>0</disabled>
        <name>sheet</name>
        <number>1</number>
        <picker>0</picker>
        <prettyName>Sheet</prettyName>
        <size>30</size>
        <unmodifiable>0</unmodifiable>
        <validationMessage/>
        <validationRegExp/>
        <classType>com.xpn.xwiki.objects.classes.StringClass</classType>
      </sheet>
    </class>
    <property>
      <sheet>XWiki.TemplateProviderSheet</sheet>
    </property>
  </object>
  <object>
    <name>XWiki.TemplateProviderClass</name>
    <number>0</number>
    <className>XWiki.DocumentSheetBinding</className>
    <guid>4fe27a03-2f6b-47ce-804b-ac2d043198b4</guid>
    <class>
      <name>XWiki.DocumentSheetBinding</name>
      <customClass/>
      <customMapping/>
      <defaultViewSheet/>
      <defaultEditSheet/>
      <defaultWeb/>
      <nameField/>
      <validationScript/>
      <sheet>
        <customDisplay/>
        <disabled>0</disabled>
        <name>sheet</name>
        <number>1</number>
        <picker>0</picker>
        <prettyName>Sheet</prettyName>
        <size>30</size>
        <unmodifiable>0</unmodifiable>
        <validationMessage/>
        <validationRegExp/>
        <classType>com.xpn.xwiki.objects.classes.StringClass</classType>
      </sheet>
    </class>
    <property>
      <sheet>XWiki.ClassSheet</sheet>
    </property>
  </object>
</xwikidoc>
