<?xml version="1.0" encoding="UTF-8"?>

<!--
 * See the NOTICE file distributed with this work for additional
 * information regarding copyright ownership.
 *
 * This is free software; you can redistribute it and/or modify it
 * under the terms of the GNU Lesser General Public License as
 * published by the Free Software Foundation; either version 2.1 of
 * the License, or (at your option) any later version.
 *
 * This software is distributed in the hope that it will be useful,
 * but WITHOUT ANY WARRANTY; without even the implied warranty of
 * MERCHANTABILITY or FITNESS FOR A PARTICULAR PURPOSE. See the GNU
 * Lesser General Public License for more details.
 *
 * You should have received a copy of the GNU Lesser General Public
 * License along with this software; if not, write to the Free
 * Software Foundation, Inc., 51 Franklin St, Fifth Floor, Boston, MA
 * 02110-1301 USA, or see the FSF site: http://www.fsf.org.
-->

<xwikidoc version="1.1">
  <web>AnnotationCode</web>
  <name>CreateForm</name>
  <language/>
  <defaultLanguage/>
  <translation>0</translation>
  <creator>xwiki:XWiki.Admin</creator>
  <creationDate>1265236156000</creationDate>
  <parent>AnnotationCode.WebHome</parent>
  <author>xwiki:XWiki.Admin</author>
  <contentAuthor>xwiki:XWiki.Admin</contentAuthor>
  <date>1277457881000</date>
  <contentUpdateDate>1277457881000</contentUpdateDate>
  <version>1.1</version>
  <title/>
  <comment/>
  <minorEdit>false</minorEdit>
  <syntaxId>xwiki/2.0</syntaxId>
  <hidden>true</hidden>
  <content>{{include reference="AnnotationCode.Macros" /}}

{{velocity}}
#if("$!{request.wiki}" == "" || "$!{request.space}" == "" || "$!{request.page}" == "")
  {{warning}}$services.localization.render('annotations.action.create.error.notarget'){{/warning}}
#else
## pretty dirtish but it's so gonna do the job: don't display this form to users which don't have the right to create annotations, instead send a nice unauthorized message
#if(!$services.annotations.canAddAnnotation("$!{request.wiki}", "$!{request.space}", "$!{request.page}"))
  #set($message = $services.localization.render('annotations.action.create.error.unauthorized'))
  #if ($xcontext.user.equals("XWiki.XWikiGuest"))
    #set($message = $services.localization.render('annotations.action.create.error.unauthorizedguest'))
  #end
  ## unauthorized, with a nice i18n message
  $response.sendError(401, $message)
#end

{{html}}
## get create a hashmap with request data about the selection
#set($annData = {})
#set($dispose = $annData.put("selection", $!request.selection))
#set($dispose = $annData.put("selectionContext", $!request.selectionContext))
#set($dispose = $annData.put("selectionOffset", $!request.selectionOffset))
## pretend that annotation author is current user, and annotation date is now
##Even if they get sent to the server, the server will overwrite with anything's logged in in there anyway
#set($dispose = $annData.put("author", $xcontext.user))
#set($dispose = $annData.put("date", $datetool.date))
#displayCreateBox("$!{request.wiki}", "$!{request.space}", "$!{request.page}", $annData)
{{/html}}
#end
{{/velocity}}</content>
</xwikidoc>
