<?xml version="1.0" encoding="UTF-8"?>

<!--
 * See the NOTICE file distributed with this work for additional
 * information regarding copyright ownership.
 *
 * This is free software; you can redistribute it and/or modify it
 * under the terms of the GNU Lesser General Public License as
 * published by the Free Software Foundation; either version 2.1 of
 * the License, or (at your option) any later version.
 *
 * This software is distributed in the hope that it will be useful,
 * but WITHOUT ANY WARRANTY; without even the implied warranty of
 * MERCHANTABILITY or FITNESS FOR A PARTICULAR PURPOSE. See the GNU
 * Lesser General Public License for more details.
 *
 * You should have received a copy of the GNU Lesser General Public
 * License along with this software; if not, write to the Free
 * Software Foundation, Inc., 51 Franklin St, Fifth Floor, Boston, MA
 * 02110-1301 USA, or see the FSF site: http://www.fsf.org.
-->

<xwikidoc version="1.1">
  <web>AnnotationCode</web>
  <name>Script</name>
  <language/>
  <defaultLanguage/>
  <translation>0</translation>
  <creator>xwiki:XWiki.Admin</creator>
  <creationDate>1391621055000</creationDate>
  <parent>AnnotationCode.WebHome</parent>
  <author>xwiki:XWiki.Admin</author>
  <contentAuthor>xwiki:XWiki.Admin</contentAuthor>
  <date>1391781566000</date>
  <contentUpdateDate>1391621055000</contentUpdateDate>
  <version>1.1</version>
  <title/>
  <comment/>
  <minorEdit>false</minorEdit>
  <syntaxId>xwiki/2.0</syntaxId>
  <hidden>true</hidden>
  <content>
</content>
  <object>
    <name>AnnotationCode.Script</name>
    <number>0</number>
    <className>XWiki.JavaScriptExtension</className>
    <guid>046e135f-7fed-40ec-a51d-c01ec1ac25e6</guid>
    <class>
      <name>XWiki.JavaScriptExtension</name>
      <customClass/>
      <customMapping/>
      <defaultViewSheet/>
      <defaultEditSheet/>
      <defaultWeb/>
      <nameField/>
      <validationScript/>
      <cache>
        <cache>0</cache>
        <disabled>0</disabled>
        <displayType>select</displayType>
        <multiSelect>0</multiSelect>
        <name>cache</name>
        <number>5</number>
        <prettyName>Caching policy</prettyName>
        <relationalStorage>0</relationalStorage>
        <separator> </separator>
        <separators>|, </separators>
        <size>1</size>
        <unmodifiable>0</unmodifiable>
        <values>long|short|default|forbid</values>
        <classType>com.xpn.xwiki.objects.classes.StaticListClass</classType>
      </cache>
      <code>
        <disabled>0</disabled>
        <name>code</name>
        <number>2</number>
        <prettyName>Code</prettyName>
        <rows>20</rows>
        <size>50</size>
        <unmodifiable>0</unmodifiable>
        <classType>com.xpn.xwiki.objects.classes.TextAreaClass</classType>
      </code>
      <name>
        <disabled>0</disabled>
        <name>name</name>
        <number>1</number>
        <prettyName>Name</prettyName>
        <size>30</size>
        <unmodifiable>0</unmodifiable>
        <classType>com.xpn.xwiki.objects.classes.StringClass</classType>
      </name>
      <parse>
        <disabled>0</disabled>
        <displayFormType>select</displayFormType>
        <displayType>yesno</displayType>
        <name>parse</name>
        <number>4</number>
        <prettyName>Parse content</prettyName>
        <unmodifiable>0</unmodifiable>
        <classType>com.xpn.xwiki.objects.classes.BooleanClass</classType>
      </parse>
      <use>
        <cache>0</cache>
        <disabled>0</disabled>
        <displayType>select</displayType>
        <multiSelect>0</multiSelect>
        <name>use</name>
        <number>3</number>
        <prettyName>Use this extension</prettyName>
        <relationalStorage>0</relationalStorage>
        <separator> </separator>
        <separators>|, </separators>
        <size>1</size>
        <unmodifiable>0</unmodifiable>
        <values>currentPage|onDemand|always</values>
        <classType>com.xpn.xwiki.objects.classes.StaticListClass</classType>
      </use>
    </class>
    <property>
      <cache/>
    </property>
    <property>
      <code>var XWiki = (function (XWiki) {
// Start XWiki augmentation.
XWiki.Selection = Class.create({
  container : false,
  selectionText : false,
  selectionContext : false,
  selectionOffset : false,
  // the selection range
  range : false,
  // the list of elements that wrap the selection to make it colored, in FF
  highlightWrappers : false,
  // the parent of the selection and the selection inner HTML to make it colored in IE and to be able to rollback this change
  selectionParent : false,
  selectionParentInnerHTML : false,
  // position of the last mouse up, to know where to display the dialog
  offsetX : false,
  offsetY : false,
  // how many characters to expand left &amp; right in standard impl
  step : 5,
  // how may words to expand left &amp; right on IE
  wordStep : 1,

  initialize : function (container) {
    if (!container) {
      return;
    }
    this.container = container;
    // on IE we listen to the mousedown and remember the position of the mousedown of the selection to know where to display the dialog for annotation creation
    if (!window.getSelection) {
      this.container.observe('mousedown', function(event) {
        // very ugly hack to get these values on body since the first positioned ancestor for the panel to be displayed is the body and we need this offsets
        this.offsetX = event.pointerX();
        this.offsetY = event.pointerY();
      }.bindAsEventListener(this));
    }
  },

  computeSelection : function () {
    // reset the selection state
    this.selectionText = false;
    this.range = false;
    this.selectionContext = false;
    this.selectionOffset = false;
    this.highlightWrappers = false;
    this.selectionParent = false;
    this.selectionParentInnerHTML = false;
    // if there is no container to get selection in, selection is always false
    if (!this.container) {
      return;
    }
    if (window.getSelection) { 
      // FF selection &amp; hopefully other browsers 
      if (window.getSelection().rangeCount == 0) {
        return;
      }
      this.range = window.getSelection().getRangeAt(0);
      // ignore if the selection is in the passed container
      if (!this.isDescendantOrSelf(this.container, this.range.commonAncestorContainer)) {
        return;
      }
      this.selectionText = this.range.toString();
    } else {
      // IE selection
      if (document.selection.type == 'Text') {
        this.range = document.selection.createRange();
        // ignore if the selection is in the passed container
        if (!this.isDescendantOrSelf(this.container, this.range.parentElement())) {
          return;
        }
        this.selectionText = this.range.text;
      }
    }
    if (this.selectionText.strip() == '') {
      this.selectionText = false;
    }
  },

  isDescendantOrSelf : function(ancestor, descendant) {
    return ancestor == descendant || Element.descendantOf(descendant, ancestor); 
  },

  computeContext : function() {
    if (window.getSelection) {
      this.computeContextFF();
    } else {
      this.computeContextIE();
    }
  },

  // these functions are here because they depend on selection

  highlightSelection : function(color) {
    if (!this.range) {
      // there should be some selection at this point
      return;
    }
    if (window.getSelection) {
      // standard
      // create an annotation highlight span around this content
      var highlightWrapperTemplate = new Element('span', {'style': 'background-color: ' + color, 'class' : 'selection-highlight'});
      // get all the text nodes of this range
      var rangeTextNodes = this.getRangeTextNodes();
      // and remove all the ranges in this selection, otherwise so messed up things will happen
      window.getSelection().removeAllRanges();
      this.highlightWrappers = new Array();
      rangeTextNodes.each(function(text) {
        // clone a highlightWrapper from the template
        var highlightWrapper = highlightWrapperTemplate.clone();
        highlightWrapper.update(text.textContent.escapeHTML());
        text.parentNode.replaceChild(highlightWrapper, text);
        this.highlightWrappers.push(highlightWrapper);
      }.bind(this));
    } else {
      // IE
      // get the selection parent and its inner HTML to be able to restore it after
      this.selectionParent = this.range.parentElement();
      this.selectionParentInnerHTML = this.selectionParent.innerHTML;
      // and finally color it
      this.range.execCommand("BackColor", false, color);
    }
  },
  
  /**
   * Returns all the text nodes in the range, in depth first preorder, and also splitting the startContainer &amp; endContainer in text nodes by the start &amp; end offset, if needed
   */
  getRangeTextNodes : function() {
    var startContainer = this.range.startContainer;
    var endContainer = this.range.endContainer;
    var startOffset = this.range.startOffset;
    var endOffset = this.range.endOffset;

    var firstLeaf = this.getFirstLeafInRange(this.range);
    var lastLeaf = this.getLastLeafInRange(this.range);
    
    var leafs = this.getLeafsBetween(firstLeaf, lastLeaf);
    // filter out the text leafs
    var textLeafs = leafs.findAll(function(item) {
      return item.nodeType == 3;
    });
    
    // and now split the ends, if necessary
    if (startContainer == textLeafs[0] &amp;&amp; startOffset != 0) {
      // split the start
      textLeafs[0] = startContainer.splitText(startOffset);
      // if the start container was the same as the end container, the end container must move to the split part of the start container and its offset must be updated
      if (startContainer == endContainer) {
        endOffset = endOffset - startOffset;
        endContainer = textLeafs[0];
      }
    }
    if (endContainer == textLeafs[textLeafs.length - 1] &amp;&amp; endOffset != endContainer.length) {
      // and hope that this will stay in the container
      endContainer = endContainer.splitText(endOffset);
    }

    return textLeafs;
  },

  getLeafsBetween : function(startLeaf, endLeaf) {
    var leafsArray = new Array();
    var currentLeaf = startLeaf;
    leafsArray.push(startLeaf);
    while (currentLeaf != endLeaf) {
      currentLeaf = this.getNextLeaf(currentLeaf);
      leafsArray.push(currentLeaf);
    }
    return leafsArray;
  },

  // and here we go, helper functions to help iterate through the nodes &amp; leaves &amp; all

  getFirstLeafInRange : function(range) {
    if (range.startContainer.hasChildNodes()) {
        if (range.collapsed) {
            return null;
        } else if (range.startOffset &gt;= range.startContainer.childNodes.length) {
            return this.getNextLeaf(range.startContainer);
        } else {
            return this.getFirstLeaf(range.startContainer.childNodes[range.startOffset]);
        }
    } else {
        return range.startContainer;
    }  
  },

  getLastLeafInRange : function(range) {
    if (range.endContainer.hasChildNodes()) {
        if (range.collapsed) {
            return null;
        } else if (range.endOffset == 0) {
            return this.getPreviousLeaf(range.endContainer);
        } else {
            return this.getLastLeaf(range.endContainer.childNodes[range.endOffset - 1]);
        }
    } else {
        return range.endContainer;
    }
  },

  getNextLeaf : function(node) {
    var ancestor = node;
    while (ancestor != null &amp;&amp; ancestor.nextSibling == null) {
        ancestor = ancestor.parentNode;
    }
    if (ancestor == null) {
        // There's no next leaf.
        return null;
    } else {
        // Return the first leaf in the subtree whose root is the next sibling of the ancestor.
        return this.getFirstLeaf(ancestor.nextSibling);
    }    
  },

  getPreviousLeaf : function(node) {
    var ancestor = node;
    while (ancestor != null &amp;&amp; ancestor.previousSibling == null) {
      ancestor = ancestor.parentNode;
    }
    if (ancestor == null) {
      // There's no previous leaf.
      return null;
    } else {
      // Return the last leaf in the subtree whose root is the next sibling of the ancestor.
      return this.getLastLeaf(ancestor.previousSibling);
    }
  },

  getFirstLeaf : function(node) {
    var descendant = node;
    while (descendant.hasChildNodes()) {
      descendant = descendant.firstChild;
    }
    return descendant;    
  },

  getLastLeaf : function(node) {
    var descendant = node;
    while (descendant.hasChildNodes()) {
      descendant = descendant.lastChild;
    }
    return descendant;    
  },

  removeSelectionHighlight : function() {
    if (window.getSelection) {
      // standard
      // unwrap
      this.highlightWrappers.each(function(wrapper) {
        wrapper.replace(wrapper.innerHTML);
      });
    } else {
      // IE
      this.selectionParent.update(this.selectionParentInnerHTML);
    }
  },

  getPositionNextToSelection : function() {
    if (!this.range) {
      return {'left' : 0, 'top' : 0};
    }

    var left = 0;
    var top = 0;
    if (window.getSelection) {
      // set the position
      // get the offsetleft from the first highlightWrapper
      if (this.highlightWrappers.length &gt; 0) {
        left = this.highlightWrappers[0].cumulativeOffset().left;
        var lastWrapper = this.highlightWrappers[this.highlightWrappers.length - 1];
        top = lastWrapper.cumulativeOffset().top + lastWrapper.getHeight();
      }
    } else {
      left = this.offsetX;
      top = this.offsetY;
    }
    
    return {'left' : left, 'top' : top}; 
  },

  /*
   * I don't understand what's under here, I will need to review it
   */
  getRightDocument : function(node) {
    var text = '';
    if (node == this.container) {
      text = this.getRightDocument(node.parentNode);
    }
    for (var current = node.nextSibling; current != null; current = current.nextSibling) {
      text += current.textContent;
    }
    return text;
  },

  getLeftDocument : function(node) {
    var text = '';
    if (node == this.container) {
      text = this.getLeftDocument(node.parentNode);
    }
    var parent = node.parentNode;
    if (parent.childNodes) {
      for (var i = 0; i &lt; parent.childNodes.length &amp;&amp; parent.childNodes[i] != node; ++i) {
        text += parent.childNodes[i].textContent;
      }
    }
    return text;
  },

  computeContextFF : function() {
    var left = this.getLeftDocument(this.range.startContainer) + this.range.startContainer.textContent.substring(0, this.range.startOffset);
    var subLeft = '';
    var right = this.range.endContainer.textContent.substring(this.range.endOffset, this.range.endContainer.textContent.length) + this.getRightDocument(this.range.endContainer);
    var subRight = '';
    var offset = 0;
    var context = this.range.toString();
    var leftExpansion = 0;
    var rightExpansion = 0;
    while (subRight != right || subLeft != left) {
      var k = this.container.textContent.indexOf(context);
      var l = this.container.textContent.indexOf(context, k + 1);
      if (l == -1) {
        break;
      }
      leftExpansion = Math.min(left.length, leftExpansion + this.step);
      rightExpansion = Math.min(right.length, rightExpansion + this.step);
      subRight = right.substring(0, rightExpansion);
      subLeft = left.substring(left.length - leftExpansion, left.length);
    }
    this.selectionContext = subLeft + this.selectionText + subRight;
    this.selectionOffset = Math.max(subLeft.length, 0);
  },
  
  computeContextIE : function() {
    var containerInnerText = this.container.innerText;
    // copy the range to make the expanding on a range copy
    var cRange = this.range.duplicate();
    // while the selection appears more than once, expand the selection to left and right with one or more words and get its text
    var leftOffset = 0;
    // if we managed to expand anything (to prevent a loop where it's not unique but we can't expand)
    var expanded = true;
    while(!this.isUnique(containerInnerText, cRange.text) &amp;&amp; expanded) {
      var expanded = false;
      // expand left
      var initialLength = cRange.text.length;
      cRange.moveStart('word', -1);
      if (!this.isDescendantOrSelf(this.container, cRange.parentElement())) {
        // move back, cannot move to the left, cross fingers that this works the same in both directions
        cRange.moveStart('word', 1);
      } else {
        //update the offset with the word we just added
        leftOffset += cRange.text.length - initialLength;
        expanded = true;
      }

      // expand right
      cRange.moveEnd('word', 1);
      if (!this.isDescendantOrSelf(this.container, cRange.parentElement())) {
        // move back, cannot move to right, cross fingers that this works the same in both directions
        cRange.moveEnd('word', -1);
      } else {
        expanded = true;
      }
    }
    // is unique or we couldn't expand anymore, this is it, send it
    this.selectionContext = cRange.text;
    this.selectionOffset = leftOffset;
  },

  isUnique : function(subject, pattern) {
    var index1 = subject.indexOf(pattern);
    if (index1 &gt;= 0) {
      return subject.indexOf(pattern, index1 + 1) &lt; 0;
    }
    // assume (ass of u and me) that no encounter means unique
    return true;
  }
});
// End XWiki augmentation.
return XWiki;
}(XWiki || {}));</code>
    </property>
    <property>
      <name>Annotation Javascript -- Selection handling code</name>
    </property>
    <property>
      <parse>0</parse>
    </property>
    <property>
      <use>always</use>
    </property>
  </object>
  <object>
    <name>AnnotationCode.Script</name>
    <number>1</number>
    <className>XWiki.JavaScriptExtension</className>
    <guid>f380ccb0-3533-4b3b-b257-184223ca7bdd</guid>
    <class>
      <name>XWiki.JavaScriptExtension</name>
      <customClass/>
      <customMapping/>
      <defaultViewSheet/>
      <defaultEditSheet/>
      <defaultWeb/>
      <nameField/>
      <validationScript/>
      <cache>
        <cache>0</cache>
        <disabled>0</disabled>
        <displayType>select</displayType>
        <multiSelect>0</multiSelect>
        <name>cache</name>
        <number>5</number>
        <prettyName>Caching policy</prettyName>
        <relationalStorage>0</relationalStorage>
        <separator> </separator>
        <separators>|, </separators>
        <size>1</size>
        <unmodifiable>0</unmodifiable>
        <values>long|short|default|forbid</values>
        <classType>com.xpn.xwiki.objects.classes.StaticListClass</classType>
      </cache>
      <code>
        <disabled>0</disabled>
        <name>code</name>
        <number>2</number>
        <prettyName>Code</prettyName>
        <rows>20</rows>
        <size>50</size>
        <unmodifiable>0</unmodifiable>
        <classType>com.xpn.xwiki.objects.classes.TextAreaClass</classType>
      </code>
      <name>
        <disabled>0</disabled>
        <name>name</name>
        <number>1</number>
        <prettyName>Name</prettyName>
        <size>30</size>
        <unmodifiable>0</unmodifiable>
        <classType>com.xpn.xwiki.objects.classes.StringClass</classType>
      </name>
      <parse>
        <disabled>0</disabled>
        <displayFormType>select</displayFormType>
        <displayType>yesno</displayType>
        <name>parse</name>
        <number>4</number>
        <prettyName>Parse content</prettyName>
        <unmodifiable>0</unmodifiable>
        <classType>com.xpn.xwiki.objects.classes.BooleanClass</classType>
      </parse>
      <use>
        <cache>0</cache>
        <disabled>0</disabled>
        <displayType>select</displayType>
        <multiSelect>0</multiSelect>
        <name>use</name>
        <number>3</number>
        <prettyName>Use this extension</prettyName>
        <relationalStorage>0</relationalStorage>
        <separator> </separator>
        <separators>|, </separators>
        <size>1</size>
        <unmodifiable>0</unmodifiable>
        <values>currentPage|onDemand|always</values>
        <classType>com.xpn.xwiki.objects.classes.StaticListClass</classType>
      </use>
    </class>
    <property>
      <cache/>
    </property>
    <property>
      <code>## Retrieve the annotation settings from the configuration object
#set($config = 'AnnotationCode.AnnotationConfig')
#set($configObj = $xwiki.getDocument($config).getObject($config))
#set($annotationHighlightByDefault = $configObj.getProperty('displayHighlight').value)
#set($annotationsDisplayedByDefault = $configObj.getProperty('displayed').value)
#set($annotationsActivated = $configObj.getProperty('activated').value)
#set($exceptionSpaces = $configObj.getProperty('exceptionSpaces').value)
#set($annotationClass = $configObj.getProperty('annotationClass').value)

var XWiki = (function (XWiki) {
// Start XWiki augmentation.
XWiki.Annotation = Class.create({
  // the html element corresponding to the annotated content (where annotations are to be added, displayed, etc)
  annotatedElement : false,
  // tab name of the annotations tab
  #if ("$!annotationClass" == 'XWiki.XWikiComments')
    annTabname : 'Comments',
    annTabTemplate : 'commentsinline.vm',
  #else
    annTabname : 'Annotations',
    annTabTemplate : 'annotationsinline.vm',
  #end
  // whether current displayed doc is the rendered annotated document
  fetchedAnnotations : false,
  // whether the annotations are being displayed; synchronizes with displayAnnotationsCheckbox if that element exists
  displayingAnnotations : false,
  // the display annotations check box in the settings panel
  displayAnnotationsCheckbox : false,
  // flag specifying if the annotations are displayed by default or not
  displayedByDefault : false,
  // whether the annotations should be displayed as highlighted or only the icons
  displayHighlight : true,
  // add annotation shortcuts
  addAnnotationShortcuts : ['Ctrl+M', 'Meta+M', 'Ctrl+I', 'Meta+I'],
  // show annotations shortcuts
  toggleAnnotationsShortcuts : ['Alt+A'],
  // shortcuts for closing the open dialog, be it create, edit or display
  closeDialogShortcuts : ['Esc'],
  // the selection service used to detect and handle selection related functions on the document
  selectionService : false,
  // the stack of bubbles, so that we can close them one by one if needed
  bubbles : new Array(),
  // the currently set filter (pair of field names and their values) that all annotations should be fetched according to. 
  // It will be updated any time a changed filter event is received
  currentFilter : {},

  initialize : function (displayHighlighted, annotatedElt, displayedByDefault) {
    this.displayHighlight = displayHighlighted;
    this.annotatedElement = annotatedElt;
    this.displayedByDefault = displayedByDefault;

    // if the annotated element does not exist, don't load anything
    if (!this.annotatedElement) {
      // and show a warning if the annotations should be shown by default
      if (this.displayedByDefault) {
        new XWiki.widgets.Notification("$services.localization.render('annotations.annotated.error.noannotatedelement')", 'warning');
      }
      return;
    }

    this.hookMenuButton();

    // add the delete, edit and validate listeners to the annotations in the annotations tab when the extra panels are loaded
    document.observe('xwiki:docextra:loaded', this.addDeleteListenersInTab.bindAsEventListener(this));
    document.observe('xwiki:docextra:loaded', this.addEditListenersInTab.bindAsEventListener(this));
    document.observe('xwiki:docextra:loaded', this.addValidateListenersInTab.bindAsEventListener(this));
    // refresh the annotations displayed on the document when an annotation is deleted as a comment, that is from the comments tab when annotations are merged with comments
    document.observe('xwiki:annotation:tab:deleted', this.refreshAnnotationsOnCommentDelete.bindAsEventListener(this));
    // register the key shortcuts for adding an annotation
    this.registerAddAnnotationShortcut();
    // register the key shortcuts for toggling annotation visibility
    this.registerToggleAnnotationsShortcut();
    // register the close dialog shortcut
    this.registerCloseDialogShortcut();

    // and initialize the selectionService
    this.selectionService = new XWiki.Selection(this.annotatedElement);

    // listen to the filter change events to re-fetch the annotations when it changes
    document.observe('xwiki:annotations:filter:changed', this.onFilterChange.bindAsEventListener(this));

    // and get the annotations if they're loaded by default
    if (this.displayedByDefault) {
      if (XWiki.docsyntax != 'xwiki/1.0') {
        this.fetchAnnotations(true);
      } else {
        // if the document syntax is 1.0, and annotations should be displayed by default, display a warning, and not display annotations
        new XWiki.widgets.Notification("$services.localization.render('annotations.annotated.error.wrongsyntax')", 'warning');
      }
    }
  },

  hookMenuButton : function() {
    // Flamingo case
    if (window.document.body.hasClassName('skin-flamingo')) {
      var moreActionsMenu = $('tmMoreActions').getElementsBySelector('ul')[0];
      var annContainer = new Element('li');
      var annLink = new Element('a', {'class': 'tme', 'href': '#' + this.annTabname});
      annLink.update("&lt;span class=\"glyphicon glyphicon-edit\"&gt;&lt;/span&gt; $services.localization.render('annotations.title')");
      annContainer.insert(annLink);
      moreActionsMenu.insert(annContainer);
      annLink.observe('click', this.toggleSettingsPanel.bind(this));      
    } else {
      var contentmenu = $('contentmenu');
      if (contentmenu) {
        var rightMenu = contentmenu.down('.rightmenu');
        // create and insert if it doesn't exist
        if (!rightMenu) {
          rightMenu = new Element('div', {'class':'rightmenu'});
          // insert it before the left menu
          var leftMenu = contentmenu.down('.leftmenu');
          if (leftMenu) {
            leftMenu.insert({before: rightMenu});
          } else {
            contentmenu.insert({bottom: rightMenu});
          }
        }
        // create the annotations button
        var annContainer = new Element('div', {'class': 'topmenuentry hasIcon', 'id': 'tmAnnotations'});
        var annLink = new Element('a', {'class': 'tme', 'href': '#' + this.annTabname});
        annLink.update("&lt;strong&gt;$services.localization.render('annotations.title')&lt;/strong&gt;");
        annContainer.insert({top: annLink});
        rightMenu.insert({bottom: annContainer});

        annLink.observe('click', this.toggleSettingsPanel.bind(this));
      }
    }
  },

  setAnnotationVisibility : function (visibility) {
    this.displayingAnnotations = visibility;
    if (this.displayAnnotationsCheckbox) {
      this.displayAnnotationsCheckbox.checked = visibility;
    }
  },

  toggleSettingsPanel : function(event) {
    var menu = event.element();
    // prevent link
    event.stop();
    // if another click handling is in progress
    if (menu.disabled) {
      return;
    }
    if (window.document.body.hasClassName('skin-flamingo')) {
      // Hack: hide the bootstrap dropdown menu
      // TODO: find a way to let Bootstrap close the menu in a regular way.
      $('tmMoreActions').removeClassName('open');
    }
    if (!this.settingsPanel) {
      new Ajax.Request('$xwiki.getURL("AnnotationCode.Settings", "view", "xpage=plain")', {
        parameters : {'target' : XWiki.currentWiki + ':' + XWiki.currentSpace + '.' + XWiki.currentPage},
        onCreate: function() {
          // disable the button
          menu.disabled = true;
          // show nice loading message at page bottom
          menu._x_notification = new XWiki.widgets.Notification("$services.localization.render('annotations.menu.loading')", 'inprogress');
        },

        onSuccess: function(response) {
          // Unfortunately, this is skin dependent
          if (window.document.body.hasClassName('skin-flamingo')) {
            var place = $$('.xcontent &gt; hr')[0];
            place.insert({after: response.responseText});
            this.settingsPanel = place.next();
          } else { // colibri
            $('contentmenu').insert({after: response.responseText});
            this.settingsPanel = $('contentmenu').next();
          }
          // fire a settings panel loaded event
          this.settingsPanel.fire('xwiki:annotations:settings:loaded');
          // hide message at page bottom
          menu._x_notification.hide();
          // store the displayed annotations checkbox
          this.displayAnnotationsCheckbox = $('annotationsdisplay');
          // show this checkbox as checked if the annotations are displayed by default and were loaded successfully
          if (this.displayedByDefault || this.displayingAnnotations) {
            this.displayAnnotationsCheckbox.checked = true;
          }
          this.attachSettingsListeners();
          $('tmAnnotations').toggleClassName('active');
        }.bind(this),
   
        onFailure: function(response) {
          var failureReason = response.statusText;
          if (response.statusText == '' /* No response */ || response.status == 12031 /* In IE */) {
            failureReason = 'Server not responding';
          }
          // show the error message at the bottom
          menu._x_notification.replace(new XWiki.widgets.Notification("$services.localization.render('annotations.menu.loaderror')" + failureReason, 'error', {timeout : 5}));
        },

        on0: function (response) {
          response.request.options.onFailure(response);
        },

        onComplete: function() {
          // In the end: re-enable the button
          menu.disabled = false;
        }
      });
    } else {
      this.settingsPanel.toggleClassName('hidden');
      $('tmAnnotations').toggleClassName('active');
    }
  },

  attachSettingsListeners : function() {
    this.displayAnnotationsCheckbox.observe('click', function(event) {
      var visible = this.displayAnnotationsCheckbox.checked;
      // don't do anything if another call is in progress
      if (this.displayAnnotationsCheckbox.disabled) {
        return;
      }
      this.displayAnnotationsCheckbox.disabled = true;
      if (!this.fetchedAnnotations &amp;&amp; visible) {
        this.fetchAnnotations(true);
      } else {
        this.toggleAnnotations(visible);
        // and also enable back the checkbox
        this.displayAnnotationsCheckbox.disabled = false;
      }
    }.bindAsEventListener(this));
  },

  toggleAnnotations : function(visible) {
    // don't standard toggle because we want to ensure it matches visible
    if (this.displayHighlight) {
      this.annotatedElement.select('.annotation').invoke(visible ? 'addClassName' : 'removeClassName', 'annotation-highlight');
    }
    //and toggle all annotation markers
    this.annotatedElement.select('.annotation-marker').invoke(visible ? 'removeClassName' : 'addClassName', 'hidden');
    this.displayingAnnotations = visible;
    if (!visible) {
      // also close all open bubbles
      this.bubbles.each(function(bubble){
        // if it's the create panel, skip it
        if (bubble != this.createPanel) {
          bubble.remove();
        }
      }.bind(this));
      this.bubbles.clear();
    }
  },

  toggleAnnotationHighlight : function(annotationId, visible) {
    this.annotatedElement.select('.annotation.ID' + annotationId).invoke(visible ? 'addClassName' : 'removeClassName', 'annotation-highlight');
  },

  /**
   * Handles the update of the current filter by re-storing the new filter in this object's state info and re-fetching 
   * the annotations.
   */
  onFilterChange : function(event) {
    // store the current filter
    if (event.memo) {
      this.currentFilter = event.memo;
    }
    // and, if the annotations are currently visible, re-fetch the annotations and display them
    var visible = this.displayAnnotationsCheckbox ? this.displayAnnotationsCheckbox.checked : false;
    if (visible) {
      this.fetchAnnotations(true);
    }
  },

  /**
   * Returns an array of extra fields that need to be requested from the annotations. 
   */
  getExtraFields : function() {
    // TODO: request for color when it will be used by the annotation displayer and sent by the backend
    return [];
  },

  /**
   * Returns a map of fieldName, fieldValue pairs that encode the current filter that needs to be applied to the fetched
   * and rendered annotations.
   * Namely, the current filter, as set by last filter change event.
   */
  getFilter : function() {
    // return the current filter stored from the last update of the filter
    return this.currentFilter;
  },

  /**
   * Enriches the set of annotation parameters with the extra requested fields &amp; the filter. The function alters its 
   * hash parameter and returns the altered value.
   */
  prepareRequestParameters : function(parametersHash) {
    // get all the filter criteria and add them as request parameters
    var filterList = this.getFilter();
    for (var i = 0; i &lt; filterList.length; i++) {
      var filter = filterList[i];
      var filterKey = 'filter_' + filter.name;
      if (!parametersHash.get(filterKey)) {
        parametersHash.set(filterKey, []);
      }
      parametersHash.get(filterKey).push(filter.value);
    }
    // get all the extra fields requested and add them to the request
    var extraFields = this.getExtraFields();
    if (extraFields.size() &gt; 0) {
      parametersHash.set('request_field', []);
    }
    for (var i = 0; i &lt; extraFields.length; i++) {
      parametersHash.get('request_field').push(extraFields[i]);
    }

    return parametersHash;
  },

  /*
   * @param andShow whether the annotations should also be shown (highlighted) on the content
   * @param force boolean specifying whether loading should be done even if there are no annotations to display (useful for deleting annotations, which should be reflected in the annotated element even if no annotations are still left to display)   
   */
  fetchAnnotations : function(andShow, force) {
    var getAnnotationsURL = XWiki.contextPath + '/rest/wikis/' + encodeURIComponent(XWiki.currentWiki) + '/spaces/' + encodeURIComponent(XWiki.currentSpace) + '/pages/' + encodeURIComponent(XWiki.currentPage) + '/annotations?media=json';
    new Ajax.Request(getAnnotationsURL, {method: 'GET',
      parameters: this.prepareRequestParameters(new Hash()), 
      onCreate: function() {
        // show nice loading message at page bottom
        this._x_notification = new XWiki.widgets.Notification("$services.localization.render('annotations.annotated.loading')", 'inprogress');
      }.bind(this),

      onSuccess: function(response) {
        // check the response to make sure it suceeded
        if (this.checkResponseCodeAndFail(response)) {
          return;
        }
        // hide message at page bottom
        this._x_notification.hide();
        // load the received annotated content in the page, along with annotations and annotations markers.
        this.loadAnnotatedContent(response.responseJSON.annotatedContent, andShow, false, force);
        // store the state of the annotations
        this.fetchedAnnotations = true;
        if (this.displayAnnotationsCheckbox) {
          this.displayAnnotationsCheckbox.checked = true;
        }
      }.bind(this),

      onFailure: function(response) {
        var failureReason = response.statusText;
        if (response.statusText == '' /* No response */ || response.status == 12031 /* In IE */) {
          failureReason = 'Server not responding';
        }
        // show the error message at the bottom
        this._x_notification.replace(new XWiki.widgets.Notification("$services.localization.render('annotations.annotated.loaderror')" + failureReason, 'error', {timeout : 5}));
        if (this.displayAnnotationsCheckbox) {
          this.displayAnnotationsCheckbox.checked = false;
        }
      }.bind(this),

      on0: function (response) {
        response.request.options.onFailure(response);
      }.bind(this),

      onComplete: function() {
        // In the end: re-enable the checkbox
        if (this.displayAnnotationsCheckbox) {
          this.displayAnnotationsCheckbox.disabled = false;
        }
      }.bind(this)
    });
  },

  /**
   * Checks if the passed response contains a non-zero response code and, in this case, executes the failure callback 
   * of the response.
   */
  checkResponseCodeAndFail : function(response) {
    if (response.responseJSON &amp;&amp; response.responseJSON.responseCode != null &amp;&amp; response.responseJSON.responseCode == 0) {
      // everything's fine
      return false;
    } else {
      // response returns a code and says that there is an error
      if (response.responseJSON) {
        response.statusText = response.responseJSON.responseMessage;
      } else {
        response.statusText = "$services.localization.render('annotations.annotated.loaderror.wrongresponse')";
      }
      response.request.options.onFailure(response);
      return true;
    }
  },

  /**
   * Loads the annotated content in the annotated element content, if there are any annotations or if forced.
   * 
   * @param annotatedContent object holding the annotated content to update the annotated element with (stores the annotations list and the annotated html)
   * @param andShow whether the annotations should also be shown (highlighted) on the content
   * @param navigateToPane if the document should be repositioned to the annotations tab in the document extra section. Useful when the changes on annotations are done from the tab, when the document position should still stay in the tab
   * @param force boolean specifying whether loading should be done even if there are no annotations to display (useful for deleting annotations, which should be reflected in the annotated element even if no annotations are still left to display)   
   */
  loadAnnotatedContent : function(annotatedContent, andShow, navigateToPane, force) {
    // only load the annotated content if there are any annotations
    if ((annotatedContent.annotations &amp;&amp; annotatedContent.annotations.size() &gt; 0) || force) {
      this.annotatedElement.update(annotatedContent.content);
      this.addAnnotationMarkers(annotatedContent.annotations);
      // Notify the content change.
      document.fire('xwiki:dom:updated', {elements: [this.annotatedElement]});
      // and also handle the tab 'downstairs' when the annotations list changes
      this.reloadTab(navigateToPane);
    }
    if (andShow) {
      this.toggleAnnotations(true);
    }
  },

  reloadTab : function(navigateToPane) {
    var annotationsPane = $( this.annTabname + 'pane');
    if (annotationsPane) {
      // reset to initial state
      annotationsPane.update('');
      annotationsPane.addClassName('empty');
      if (!annotationsPane.hasClassName('hidden')) {
        // reload
        XWiki.displayDocExtra(this.annTabname, this.annTabTemplate, navigateToPane);
      }
    }
  },

  addDeleteListenersInTab : function() {
    // This applies only to the annotations tab because merged annotations are currently displayed and deleted by the Comments system.
    // NOTE: don't forget to change this too if, in the future, annotations are no longer deleted by the Comments system from the Comments tab.
    $$('#Annotationspane .annotation a.delete').each(function(item) {
      this.addDeleteListener(item);
    }.bind(this));
  },

  addEditListenersInTab : function() {
    // This applies only to the annotations tab because merged annotations are currently displayed and edited by the Comments system.
    // NOTE: don't forget to change this too if, in the future, annotations are no longer edited by the Comments system from the Comments tab.
    // NOTE: Doing this does not allow us to see any extra properties that may be added to the XWikiComments class. These properties will still be displayed and editable in the annotation bubble, but not in the tab, because the bubble is handled by the Annotations system, while the tab is handled by the Comments system.
    $$('#Annotationspane .annotation a.edit').each(function(item) {
      var container = item.up('.annotation');
      // compute annotation id, which is right after annotation_list_ in the container ID... TODO: this is pretty wrongish...
      var annotationId = container.id.substring(16);
      this.addEditListener(item, annotationId, container.up());
    }.bind(this));
  },

  addValidateListenersInTab : function() {
    $$('.annotation a.validate').each(function(item) {
      var container = item.up('.annotation');
      // compute annotation id, which is right after annotation_list_ in the container ID... TODO: this is pretty wrongish...
      var annotationId = container.id.substring(16);
      this.addValidateListener(item, annotationId, container);
    }.bind(this));
  },

  addDeleteListener : function(item, inBubble, container) {
    item.observe('click', function(event) {
      item.blur();
      event.stop();
      if (item.disabled) {
        // Do nothing if the button was already clicked and it's waiting for a response from the server.
        return;
      } else {
        new XWiki.widgets.ConfirmedAjaxRequest(
          item.href,
          {
            parameters: this.prepareRequestParameters(new Hash()),  
            onCreate : function() {
              // Disable the button, to avoid a cascade of clicks from impatient users
              item.disabled = true;
            },
            onSuccess : function(response) {
              // check the response to see if all went fine
              if (this.checkResponseCodeAndFail(response)) {
                return;
              }
              // hide the bubble if the delete takes place in a bubble
              if (inBubble) {
                this.hideBubble(container);
              }
              this.fetchedAnnotations = true;
              // reload the received annotated content forcing update so that deleting last annotation is reflected in the list of annotations, with scroll to tab if not in bubble
              this.loadAnnotatedContent(response.responseJSON.annotatedContent, this.displayAnnotationsCheckbox ? this.displayAnnotationsCheckbox.checked : this.displayedByDefault, !inBubble, true);
            }.bind(this),
            onComplete : function() {
              // In the end: re-enable the button
              item.disabled = false;
            }
          },
          /* Interaction parameters */
          {
             confirmationText: "$services.localization.render('annotations.action.delete.confirm')",
             progressMessageText : "$services.localization.render('annotations.action.delete.inProgress')",
             successMessageText : "$services.localization.render('annotations.action.delete.done')",
             failureMessageText : "$services.localization.render('annotations.action.delete.failed')"
          }
        );
      }
    }.bindAsEventListener(this));
  },

  addValidateListener : function(item, id, container, inBubble) {
    item.observe('click', function(event) {
      item.blur();
      event.stop();
      // and submit the update
      this.updateAnnotationAsync(container, id, inBubble, item.href, 'POST', 
        new Hash({'state' : 'SAFE', 'originalSelection' : ''}),
        {
          successText : "$services.localization.render('annotations.action.validate.success')",
          failureText : "$services.localization.render('annotations.action.validate.loaderror')"
        });
    }.bindAsEventListener(this));
  },

  addEditListener : function(item, id, container, inBubble) {
    item.observe('click', function(event) {
      item.blur();
      event.stop();
      if (item.disabled) {
        // Do nothing if the button was already clicked and it's waiting for a response from the server.
        return;
      } else {
        new Ajax.Request('$xwiki.getURL("AnnotationCode.EditForm")', {
          parameters: {
            'xpage' : 'plain',
            'wiki' : XWiki.currentWiki,
            'space' : XWiki.currentSpace,
            'page' : XWiki.currentPage,
            'id' : id
          },
          onCreate : function() {
            // save the original content to be able to cancel or to be able to recover at callback failure
            container.originalContentHTML = container.innerHTML;
            // Disable the button, to avoid a cascade of clicks from impatient users
            item.disabled = true;
            // set the container as loading -&gt; might not really work on bubble since it doesn't have fixed size
            container.update(new Element('div', {'class' : 'loading'}));
          },
          onSuccess : function(response) {
            // fill the edit bubble
            this.fillEditForm(container, response.responseText, id, inBubble);
          }.bind(this),
          onFailure: function(response) {
            var failureReason = response.statusText;
            if (response.statusText == '' /* No response */ || response.status == 12031 /* In IE */) {
              failureReason = 'Server not responding';
            }
            // show the error message at the bottom
            this._x_notification = new XWiki.widgets.Notification("$services.localization.render('annotations.action.edit.form.loaderror')" + failureReason, 'error', {timeout : 5});
            // load the original content of the container
            this.fillViewPanel(container, container.originalContentHTML, id, inBubble);
          }.bind(this),
          on0: function (response) {
            response.request.options.onFailure(response);
          }.bind(this),
          onComplete : function() {
            // In the end: re-enable the button
            item.disabled = false;
          }
        });
      }
    }.bindAsEventListener(this));
  },

  addAnnotationMarkers : function(annotations) {
    annotations.each(function(item){
      // get the last span of this annotation
      var allSpans = this.annotatedElement.select('[class~=ID' + item.annotationId + ']');
      if (allSpans.size() == 0) {
        return;
      }
      var lastSpan = allSpans[allSpans.size() - 1];
      // create the annotation markers hidden by default, since annotations are added on the document hidden by default
      var markerSpan = new Element('span', {'id': 'ID' + item.annotationId, 'class' : 'hidden annotation-marker ' + item.state});
      lastSpan.insert({after: markerSpan});
      // annotations are displayed on mouseover
      markerSpan.observe('mouseover', this.onMarkerMouseOver.bindAsEventListener(this, item.annotationId));
    }.bind(this));
  },

  // maybe this should be moved in a function to display a bubble from an address, to call for all dialogs for different parameters
  onMarkerMouseOver : function(event, id) {
    // TODO: this.bubbles should work as a cache for these bubbles but to make things simple for the moment...
    // create the bubble
    var newBubble = this.displayLoadingBubble(event.element().cumulativeOffset().top, event.element().cumulativeOffset().left);
    // and the mouseover observer to close the bubble when mouse goes out
    newBubble.observe('mouseout', function(event, newBubble) {
      // mouse is going out of something in the annotation bubble or the bubble itself to something which is not under the bubble, so close the dialog
      // get the relatedTarget cross browser way, although relatedTarget seems to work on IE as well
      var relatedTarget = event.relatedTarget || event.toElement;
      if ((event.element() == newBubble || event.element().up('.annotation-bubble')) &amp;&amp; (relatedTarget == null || relatedTarget.up('.annotation-bubble') == null)) {
        // enough propagation
        event.stop();
        this.hideBubble(newBubble);
        if (!this.displayHighlight) {
          this.toggleAnnotationHighlight(id, false);
        }
      }
    }.bindAsEventListener(this, newBubble));
    if (!this.displayHighlight) {
      this.toggleAnnotationHighlight(id, true);
    }

    // and fetch the annotations display in it
    this.fetchAndShowAnnotationDetails(id, newBubble);
  },

  fetchAndShowAnnotationDetails : function(annotationId, container) {
    new Ajax.Request('$xwiki.getURL("AnnotationCode.DisplayForm")', {
      parameters: {
        'id' : annotationId,
        'xpage' : 'plain',
        'wiki' : XWiki.currentWiki,
        'space' : XWiki.currentSpace,
        'page' : XWiki.currentPage
      },
      onSuccess: function(response) {
        // display the annotation creation form
        this.fillViewPanel(container, response.responseText, annotationId, true);
      }.bind(this),
   
      onFailure: function(response) {
        var failureReason = response.statusText;
        if (response.statusText == '' /* No response */ || response.status == 12031 /* In IE */) {
          failureReason = 'Server not responding';
        }
        // hide the loading bubble
        this.hideBubble(newBubble);
        // show the error message at the bottom
        this._x_notification = new XWiki.widgets.Notification("$services.localization.render('annotations.action.view.form.loaderror')" + failureReason, 'error', {timeout : 5});
      }.bind(this),

      on0: function (response) {
        response.request.options.onFailure(response);
      }.bind(this)
    });
  },

  displayLoadingBubble : function(top, left) {
    // create an element with the form
    var bubble = new Element('div', {'class' : 'annotation-bubble'});
    // and a nice loading panel inside
    bubble.insert({top : new Element('div', {'class' : 'loading'})});
    // and put it in the content
    document.body.insert({bottom : bubble});
    // make it hidden for the moment
    bubble.toggleClassName('hidden');
    // position it
    bubble.style.left = left + 'px';
    bubble.style.top = top + 'px';
    // make it visible
    bubble.toggleClassName('hidden');
    // put this bubble in the bubbles stack
    this.bubbles.push(bubble);

    return bubble;
  },

  displayAnnotationViewBubble : function(marker) {
  },

  /**
   * Updates the container with the passed content only if the container is still displayed, and returns true if this is the case. 
   */
  safeUpdate : function(container, content) {
    if (!container.parentNode) {
      // it's not attached anymore: either mouseout or escape
      return false;
    }

    // put the content in
    container.update(content);
    return true;
  },

  /**
   * Fills the edit form in the passed container, with the content passed (which should be the edit form) and sets all 
   * listeners for the annotation with the passed id. If inBubble is true, the edit form is in a bubble, not in the 
   * bottom panel.
   */
  fillEditForm : function(container, content, annotationId, inBubble) {
    if (!this.safeUpdate(container, content)) {
      return;
    }
    // remove the mouseout listener (if any), edit form should stay on
    container.stopObserving('mouseout');
    // add the delete and validate listeners to the respective delete buttons
    var deleteButton = container.down('a.delete');
    if (deleteButton) {
      this.addDeleteListener(deleteButton, inBubble, container);
    }
    var validateButton = container.down('a.validate');
    if (validateButton) {
      this.addValidateListener(validateButton, annotationId, container, inBubble);
    }    
    container.down('form').focusFirstElement();
    // and add the button listeners
    container.down('input[type=submit]').observe('click', this.onAnnotationEdit.bindAsEventListener(this, container, annotationId, inBubble));
    container.down('input[type=reset]').observe('click', function(event) {
      if (inBubble) {
        // close this bubble. 
        this.hideBubble(container);
      } else {
        // reload the original content on cancel
        this.fillViewPanel(container, container.originalContentHTML, annotationId, false);        
      }
    }.bindAsEventListener(this));
  },

  onAnnotationEdit : function(event, container, annotationId, inBubble) {
    event.stop();
    var form = container.down('form');
    var formData = new Hash(form.serialize(true));
    // aaand update
    this.updateAnnotationAsync(container, annotationId, inBubble, form.action, form.method, formData, 
      {
        successText : "$services.localization.render('annotations.action.edit.success')",
        failureText : "$services.localization.render('annotations.action.edit.loaderror')"
      });
  },

  /**
   * Handles the asynchronous update of annotation given by annotatinId, to the specified url, sending the specified 
   * parameters and using the passed messages. Container will pass in loading state while the async call takes place, 
   * and the tab update &amp; form hiding will be handled as specified by inBubble. The passed messages must specify
   * successText and failureText.
   */
  updateAnnotationAsync : function(container, annotationId, inBubble, action, method, parameters, messages) {
    // create the async request to update the annotation
    new Ajax.Request(action, {
      method : method,
      parameters : this.prepareRequestParameters(parameters),
      onCreate : function() {
        // make it load when starting to send the async call
        if (container.parentNode) {
          container.update(new Element('div', {'class' : 'loading'}));
        }
      },
      onSuccess : function (response) {
        // check the response to see if all went fine
        if (this.checkResponseCodeAndFail(response)) {
          return;
        }
        this._x_notification = new XWiki.widgets.Notification(messages.successText, 'done');
        if (inBubble) {
          // close the bubble on successful update
          this.hideBubble(container);
        }
        this.fetchedAnnotations = true;
        // reload the received annotated content, with scroll to tab
        this.loadAnnotatedContent(response.responseJSON.annotatedContent, this.displayAnnotationsCheckbox ? this.displayAnnotationsCheckbox.checked : this.displayedByDefault, !inBubble);
      }.bind(this),
      onFailure : function(response) {
        var failureReason = response.statusText;
        if (response.statusText == '' /* No response */ || response.status == 12031 /* In IE */) {
          failureReason = 'Server not responding';
        }        
        this._x_notification.replace(new XWiki.widgets.Notification(messages.failureText + failureReason, 'error', {timeout : 5}));
        if (inBubble) {
          // and close the bubble on failure to update
          this.hideBubble(container);
        } else {
          // reload the original content on failure
          this.fillViewPanel(container, container.originalContentHTML, annotationId, false);          
        }
      }.bind(this),
      on0 : function (response) {
        response.request.options.onFailure(response);
      }
    }); 
  },

  /**
   * Fills the display panel for the passed container, with the passed content, for the passed annotation and sets the 
   * edit and delete listeners. If inBubble is set to true, then the panel is in a view bubble, not in the bottom panel 
   * (or other place).
   */
  fillViewPanel : function(container, content, annotationId, inBubble) {
    if (!this.safeUpdate(container, content)) {
      return;
    }
    // and add the button observers
    /*
    No hide button ftm
    bubble.down('a.annotation-view-hide').observe('click', function(event, bubble) { 
      event.stop();
      this.hideBubble(bubble);
    }.bindAsEventListener(this, bubble));
    */
    // add the delete listener to the delete button
    var deleteButton = container.down('a.delete');
    if (deleteButton) {
      this.addDeleteListener(deleteButton, inBubble, container);
    }
    var validateButton = container.down('a.validate');
    if (validateButton) {
      this.addValidateListener(validateButton, annotationId, container, inBubble);
    }
    var editButton = container.down('a.edit');
    if (editButton) {
      this.addEditListener(editButton, annotationId, container, inBubble);
    }
    // Annotations can have a reply button when they are merged with comments (and thus stored as comments). Custom annotations will not have this button displayed.
    var replyButton = container.down('a.reply');
    if (replyButton) {
      // When a click is done on this button, fire a click on the corresponding button in the comments tab.

      // Locate the button in the comments tab.
      var replyButtonInTab = $$('#Commentspane #xwikicomment_' + annotationId + ' a.commentreply')[0];

      // If the replyButtonInTab is not found, then the comments tab is not visible so we hide the reply button as well, otherwise it just does not work.
      if (!replyButtonInTab) {
        replyButton.hide();
      } else {
        // When the reply button from the bubble is clicked, also click the reply button from the comments tab.
        replyButton.observe('click', function(event) {
          // Stop the bubble click event.
          event.stop();

          // Click the reply button from the comments tab button instead.
          replyButtonInTab.click();

          // Lose the focus on the bubble so that it can go away.
          container.blur();
        });
      }
    }
  },

  /**
   * Hides the passed bubble and removes it from the bubbles stack.
   */
  hideBubble : function(bubble) {
    if (!bubble.parentNode) {
      // it's not attached anymore: either mouseout or escape
      return;
    }
    bubble.remove();
    var bubbleIndex = this.bubbles.indexOf(bubble);
    if (bubbleIndex &gt;= 0) {
      // remove it
      this.bubbles.splice(bubbleIndex, 1);
    }
  },

  registerShortcuts : function(annotationShorcuts, method) {
    var eventType = 'keypress';
    if (Prototype.Browser.IE || Prototype.Browser.WebKit || browser.isIE11up) {
      eventType = 'keyup';
    }
    for (var i = 0; i &lt; annotationShorcuts.size(); ++i) {
      shortcut.add(annotationShorcuts[i], method.bindAsEventListener(this), {type: eventType});
    }
  },
  unregisterShortcuts : function(annotationShorcuts) {
    for (var i = 0; i &lt; annotationShorcuts.size(); ++i) {
      shortcut.remove(annotationShorcuts[i]);
    }
  },

  registerAddAnnotationShortcut : function() {
    this.registerShortcuts(this.addAnnotationShortcuts, this.onAddAnnotationShortcut);
  },
  unregisterAddAnnotationShortcut : function() {
    this.unregisterShortcuts(this.addAnnotationShortcuts);
  },

  registerCloseDialogShortcut : function() {
    this.registerShortcuts(this.closeDialogShortcuts, this.closeOpenBubble);
  },

  registerToggleAnnotationsShortcut : function() {
    this.registerShortcuts(this.toggleAnnotationsShortcuts, this.onToggleAnnotationsShortcut);
  },

  onToggleAnnotationsShortcut : function() {
    if (this.fetchedAnnotations) {
      this.setAnnotationVisibility(!this.displayingAnnotations); 
      this.toggleAnnotations(this.displayingAnnotations);
    } else {
      this.fetchAnnotations(true);
    }
  },

  /**
   * Closes the last opened bubble (i.e. last bubble in the this.bubbles stack).
   */
  closeOpenBubble : function() {
    if (this.bubbles.length &gt; 0) {
      // get the last one
      var lastBubble = this.bubbles[this.bubbles.length - 1];
      if (lastBubble == this.createPanel) {
        this.hideAnnotationCreationForm();
      } else {
        this.hideBubble(lastBubble);
      }
    }
  },

  /**
   * Execute the add annotation shortcut: get selection, compute context, open dialog, register listeners.
   */
  onAddAnnotationShortcut : function() {
    // if the document is in 1.0 syntax, prevent the create dialog to be displayed, display a warning and stop everything
    if (XWiki.docsyntax == 'xwiki/1.0') {
      new XWiki.widgets.Notification("$services.localization.render('annotations.action.create.error.wrongsyntax')", 'warning');
      return;
    }
    // parse the selection
    this.selectionService.computeSelection();
    var selectionText = this.selectionService.selectionText;
    if (!selectionText) {
      // show an 'invalid selection message'. Shorter time here, otherwise it's a bit confusing...
      new XWiki.widgets.Notification("$services.localization.render('annotations.action.create.selection.invalid')", 'error', {timeout : 5});
    } else {
      this.selectionService.computeContext();
      // fetch the creation for this annotation and display it at the position of the selection
      new Ajax.Request('$xwiki.getURL("AnnotationCode.CreateForm")', {
        parameters: {
          'xpage' : 'plain',
          'selection' : selectionText,
          'selectionContext' : this.selectionService.selectionContext,
          'selectionOffset' : this.selectionService.selectionOffset,
          'wiki' : XWiki.currentWiki,
          'space' : XWiki.currentSpace,
          'page' : XWiki.currentPage
        },
        onCreate: function() {
          // create nice loading panel
          this.displayAnnotationCreationForm();
        }.bind(this),

        onSuccess: function(response) {
          // display the annotation creation form
          this.fillCreateForm(this.createPanel, response.responseText);
        }.bind(this),

        onFailure: function(response) {
          var failureReason = response.statusText;
          if (response.statusText == '' /* No response */ || response.status == 12031 /* In IE */) {
            failureReason = 'Server not responding';
          }
          // show the error message at the bottom
          this._x_notification = new XWiki.widgets.Notification("$services.localization.render('annotations.action.create.form.loaderror')" + failureReason, 'error', {timeout : 5});
          // and hide the create form panel
          this.hideAnnotationCreationForm();
        }.bind(this),

        on0: function (response) {
          response.request.options.onFailure(response);
        }.bind(this)
      });
    }
  },

  displayAnnotationCreationForm : function() {
    // TODO: get this color from the color theme
    this.selectionService.highlightSelection('#FFEE99');
    // get the position and build the loading bubble
    var position = this.selectionService.getPositionNextToSelection();
    this.createPanel = this.displayLoadingBubble(position.top, position.left);
    // remove the ctrl + M listeners, so that only one dialog is displayed at one moment
    this.unregisterAddAnnotationShortcut();    
  },

  fillCreateForm : function(container, panelContent) {
    // put the content in. Safe update because an escape might have been hit
    if (!this.safeUpdate(this.createPanel, panelContent)) {
      return;
    }
    // set the focus in the first element of type input
    this.createPanel.select('form').first().focusFirstElement();
    // and add the button observers
    this.createPanel.down('input[type=submit]').observe('click', this.onAnnotationAdd.bindAsEventListener(this));
    this.createPanel.down('input[type=reset]').observe('click', function() {
      this.hideAnnotationCreationForm();
    }.bind(this));
  },

  hideAnnotationCreationForm : function(skipSelectionHighlightClear) {
    // remove it from document and remove it from the open bubbles
    this.hideBubble(this.createPanel);
    if (!skipSelectionHighlightClear) {
      // rollback selection coloring
      this.selectionService.removeSelectionHighlight();
    }
    // and listen to the create shortcut again
    this.registerAddAnnotationShortcut();
  },

  onAnnotationAdd : function(event) {
    // don't submit
    event.stop();
    var form = this.createPanel.down('form');
    var formData = new Hash(form.serialize(true));
    // aaand submit
    new Ajax.Request(form.action, {
      method : form.method,
      parameters : this.prepareRequestParameters(formData),
      onCreate : function() {
        // make it load while update is in progress
        this.createPanel.update(new Element('div', {'class' : 'loading'}));
      }.bind(this),
      onSuccess : function (response) {
        // check the response to see if all went fine
        if (this.checkResponseCodeAndFail(response)) {
          return;
        }
        if (this.displayAnnotationsCheckbox) {
          this.displayAnnotationsCheckbox.checked = true;
        }
        this.loadAnnotatedContent(response.responseJSON.annotatedContent, true);
        this.fetchedAnnotations = true;
        form._x_notification = new XWiki.widgets.Notification("$services.localization.render('annotations.action.create.success')", 'done');
        // and hide the create bubble, skipping selection highlight clear
        this.hideAnnotationCreationForm(true);
      }.bind(this),
      onFailure : function(response) {
        this.hideAnnotationCreationForm();
        var failureReason = response.statusText;
        if (response.statusText == '' /* No response */ || response.status == 12031 /* In IE */) {
          failureReason = 'Server not responding';
        }
        this._x_notification = new XWiki.widgets.Notification("$services.localization.render('annotations.action.create.loaderror')" + failureReason, 'error', {timeout : 5});
      }.bind(this),
      on0 : function (response) {
        response.request.options.onFailure(response);
      }
    });
  },

  /**
   * Handles the refresh of the document content when an annotations is deleted from the comments tab.
   * It applies only to the case when annotations are merged with (and stored as) comments. Custom annotations will not use this.
   */
  refreshAnnotationsOnCommentDelete : function(event) {
    // if the annotations are currently visible, re-fetch the annotations and display them
    var visible = this.displayAnnotationsCheckbox ? this.displayAnnotationsCheckbox.checked : this.displayedByDefault;
    if (visible) {
      // Force the reloading in case this annotation was the last one.
      this.fetchAnnotations(true, true);
    } else {
      // Mark the loaded annotations as dirty and make sure the next time the annotations checkbox is checked, the annotations will be fetched.
      this.fetchedAnnotations = false;
    }
  }
});
// End XWiki augmentation.
return XWiki;
}(XWiki || {}));

document.observe('xwiki:dom:loaded', function() {
  // Load the annotations only in view mode, if the document content is displayed
  // (the document content is not displayed when viewer=history for instance).
  if (XWiki.contextaction != 'view' || !$('xwikicontent')) {
    return;
  }

  #if ($annotationHighlightByDefault &amp;&amp; $annotationHighlightByDefault != 0)
    var displayHighlight = true;
  #else
    var displayHighlight = false;
  #end
  #if ($annotationsDisplayedByDefault &amp;&amp; $annotationsDisplayedByDefault != 0)
    var displayed = true;
  #else
    var displayed = false;
  #end
  #if ($annotationsActivated &amp;&amp; $annotationsActivated != 0)
    var activated = true;
  #else
    var activated = false;
  #end
  
  // parse the exception spaces and check where is the current space in that list
  var exceptions = [];
  #foreach($space in $exceptionSpaces)
    exceptions.push('$space');
  #end
  var currentSpaceInExceptions = exceptions.indexOf(XWiki.currentSpace);
  // if the annotations are activated and the current space is not an exception or the annotations are not activated but the current space is an exception
  if ((activated &amp;&amp; currentSpaceInExceptions &lt; 0) || (!activated &amp;&amp; currentSpaceInExceptions &gt;= 0)) {
    // initialize the annotations on the xwikicontent element which is the document content by default  
    new XWiki.Annotation(displayHighlight, $('xwikicontent'), displayed);
  }
});</code>
    </property>
    <property>
      <name>Annotation Javascript -- Annotation application</name>
    </property>
    <property>
      <parse>1</parse>
    </property>
    <property>
      <use>always</use>
    </property>
  </object>
  <object>
    <name>AnnotationCode.Script</name>
    <number>0</number>
    <className>XWiki.RequiredRightClass</className>
    <guid>f9d89256-0497-45b2-982b-2129a93901fb</guid>
    <class>
      <name>XWiki.RequiredRightClass</name>
      <customClass/>
      <customMapping/>
      <defaultViewSheet/>
      <defaultEditSheet/>
      <defaultWeb/>
      <nameField/>
      <validationScript/>
      <level>
        <cache>0</cache>
        <disabled>0</disabled>
        <displayType>select</displayType>
        <multiSelect>0</multiSelect>
        <name>level</name>
        <number>1</number>
        <picker>0</picker>
        <prettyName>level</prettyName>
        <relationalStorage>0</relationalStorage>
        <separator> </separator>
        <separators> ,|</separators>
        <size>1</size>
        <sort>none</sort>
        <unmodifiable>0</unmodifiable>
        <validationMessage/>
        <validationRegExp/>
        <values>edit|programming</values>
        <classType>com.xpn.xwiki.objects.classes.StaticListClass</classType>
      </level>
    </class>
    <property>
      <level>programming</level>
    </property>
  </object>
</xwikidoc>
