<?xml version="1.0" encoding="UTF-8"?>

<!--
 * See the NOTICE file distributed with this work for additional
 * information regarding copyright ownership.
 *
 * This is free software; you can redistribute it and/or modify it
 * under the terms of the GNU Lesser General Public License as
 * published by the Free Software Foundation; either version 2.1 of
 * the License, or (at your option) any later version.
 *
 * This software is distributed in the hope that it will be useful,
 * but WITHOUT ANY WARRANTY; without even the implied warranty of
 * MERCHANTABILITY or FITNESS FOR A PARTICULAR PURPOSE. See the GNU
 * Lesser General Public License for more details.
 *
 * You should have received a copy of the GNU Lesser General Public
 * License along with this software; if not, write to the Free
 * Software Foundation, Inc., 51 Franklin St, Fifth Floor, Boston, MA
 * 02110-1301 USA, or see the FSF site: http://www.fsf.org.
-->

<xwikidoc version="1.2" reference="AppWithinMinutes.CodeSpaceTemplate" locale="">
  <web>AppWithinMinutes</web>
  <name>CodeSpaceTemplate</name>
  <language/>
  <defaultLanguage/>
  <translation>0</translation>
  <creator>xwiki:XWiki.Admin</creator>
  <creationDate>1447926117000</creationDate>
  <parent>xwiki:Main.WebHome</parent>
  <author>xwiki:XWiki.Admin</author>
  <contentAuthor>xwiki:XWiki.Admin</contentAuthor>
  <date>1448025780000</date>
  <contentUpdateDate>1448025780000</contentUpdateDate>
  <version>1.1</version>
  <title>$services.localization.render('appWithinMinutes.codeSpace.title')</title>
  <comment/>
  <minorEdit>false</minorEdit>
  <syntaxId>xwiki/2.1</syntaxId>
  <hidden>true</hidden>
  <content>{{translation key="appWithinMinutes.codeSpace.description" /}}

{{velocity}}
#if ("$xwiki.getUserPreference('displayHiddenDocuments')" != '1')
  {{info}}
    {{translation key="appWithinMinutes.codeSpace.hiddenPagesInfo" /}}
  {{/info}}
#end

#set ($escapedDocumentReference = $services.rendering.escape($services.model.serialize($doc.documentReference,
  'default'), 'xwiki/2.1'))
{{documentTree showTranslations="false" showAttachments="false"
  filterHiddenDocuments="false" root="document:$escapedDocumentReference" /}}
{{/velocity}}</content>
</xwikidoc>
