<?xml version="1.0" encoding="UTF-8"?>

<!--
 * See the NOTICE file distributed with this work for additional
 * information regarding copyright ownership.
 *
 * This is free software; you can redistribute it and/or modify it
 * under the terms of the GNU Lesser General Public License as
 * published by the Free Software Foundation; either version 2.1 of
 * the License, or (at your option) any later version.
 *
 * This software is distributed in the hope that it will be useful,
 * but WITHOUT ANY WARRANTY; without even the implied warranty of
 * MERCHANTABILITY or FITNESS FOR A PARTICULAR PURPOSE. See the GNU
 * Lesser General Public License for more details.
 *
 * You should have received a copy of the GNU Lesser General Public
 * License along with this software; if not, write to the Free
 * Software Foundation, Inc., 51 Franklin St, Fifth Floor, Boston, MA
 * 02110-1301 USA, or see the FSF site: http://www.fsf.org.
-->

<xwikidoc version="1.1">
  <web>AppWithinMinutes</web>
  <name>ClassTranslationsGenerator</name>
  <language/>
  <defaultLanguage/>
  <translation>0</translation>
  <creator>xwiki:XWiki.Admin</creator>
  <creationDate>1357837220000</creationDate>
  <parent>AppWithinMinutes.WebHome</parent>
  <author>xwiki:XWiki.Admin</author>
  <contentAuthor>xwiki:XWiki.Admin</contentAuthor>
  <date>1357890165000</date>
  <contentUpdateDate>1357890165000</contentUpdateDate>
  <version>1.1</version>
  <title/>
  <comment/>
  <minorEdit>false</minorEdit>
  <syntaxId>xwiki/2.1</syntaxId>
  <hidden>true</hidden>
  <content>{{velocity output="false"}}
## Special characters that need to be escaped in the key.
#set ($keySpecialCharsPattern = $regextool.compile('([=: \\])'))

#macro (map $key $value)
$keySpecialCharsPattern.matcher($key).replaceAll('\\$1')=$value
#end
{{/velocity}}

{{velocity wiki="false"}}
$escapetool.h Class fields
#set ($prefix = "${doc.fullName}_")
#foreach ($property in $doc.getxWikiClass().properties)
#map("$prefix$property.name" $property.prettyName)
#if ($property.type.endsWith('ListClass'))
## Generate translations for the list values.
#foreach ($entry in $property.mapValues.entrySet())
#map("$prefix${property.name}_$entry.key" $entry.value.value)
#end
#end
#end

$escapetool.h Live table generic keys
#set ($appName = $doc.name.replaceAll('Class', '').toLowerCase())
#set ($prefix = "${appName}.livetable.")
#set ($liveTableGenericKeys = {
  'doc.title': 'liveTableEditorDocTitleColumnName',
  'doc.name': 'liveTableEditorDocNameColumnName',
  'doc.space': 'liveTableEditorDocSpaceColumnName',
  'doc.fullname': 'liveTableEditorDocFullNameColumnName',
  'doc.author': 'liveTableEditorDocAuthorColumnName',
  'doc.creator': 'liveTableEditorDocCreatorColumnName',
  'doc.date': 'liveTableEditorDocDateColumnName',
  'doc.creationDate': 'liveTableEditorDocCreationDateColumnName',
  '_avatar': 'liveTableEditorAvatarColumnName',
  '_images': 'liveTableEditorImagesColumnName',
  '_attachments': 'liveTableEditorAttachmentsColumnName',
  '_actions': 'liveTableEditorActionsColumnName',
  '_actions.edit': 'appLiveTableEditEntryActionName',
  '_actions.delete': 'appLiveTableDeleteEntryActionName'
})
#foreach ($entry in $liveTableGenericKeys.entrySet())
#map("$prefix$entry.key" $services.localization.render("platform.appwithinminutes.$entry.value"))
#end
#map("${prefix}emptyvalue" '-')

$escapetool.h Live table specific keys
#foreach ($property in $doc.getxWikiClass().properties)
#map("$prefix$property.name" $property.prettyName)
#end

#map("${appName}.dataSpace.title" 'Data')
{{/velocity}}</content>
</xwikidoc>
