<?xml version="1.0" encoding="UTF-8"?>

<!--
 * See the NOTICE file distributed with this work for additional
 * information regarding copyright ownership.
 *
 * This is free software; you can redistribute it and/or modify it
 * under the terms of the GNU Lesser General Public License as
 * published by the Free Software Foundation; either version 2.1 of
 * the License, or (at your option) any later version.
 *
 * This software is distributed in the hope that it will be useful,
 * but WITHOUT ANY WARRANTY; without even the implied warranty of
 * MERCHANTABILITY or FITNESS FOR A PARTICULAR PURPOSE. See the GNU
 * Lesser General Public License for more details.
 *
 * You should have received a copy of the GNU Lesser General Public
 * License along with this software; if not, write to the Free
 * Software Foundation, Inc., 51 Franklin St, Fifth Floor, Boston, MA
 * 02110-1301 USA, or see the FSF site: http://www.fsf.org.
-->

<xwikidoc version="1.1">
  <web>XWiki</web>
  <name>ForgotUsername</name>
  <language/>
  <defaultLanguage/>
  <translation>0</translation>
  <creator>xwiki:XWiki.Admin</creator>
  <creationDate>1364502208000</creationDate>
  <parent>Main.WebHome</parent>
  <author>xwiki:XWiki.Admin</author>
  <contentAuthor>xwiki:XWiki.Admin</contentAuthor>
  <date>1364566149000</date>
  <contentUpdateDate>1364566149000</contentUpdateDate>
  <version>1.1</version>
  <title>$services.localization.render('xe.admin.forgotUsername.title')</title>
  <comment/>
  <minorEdit>false</minorEdit>
  <syntaxId>xwiki/2.1</syntaxId>
  <hidden>true</hidden>
  <content>{{velocity}}
#set($email = "$!request.get('e')")
#if($email == '')
{{translation key="xe.admin.forgotUsername.instructions"/}}

{{html}}
  &lt;form method="post" action="$doc.getURL()" class="xformInline"&gt;
    &lt;div&gt;&lt;label for="e"&gt;$services.localization.render('xe.admin.forgotUsername.email.label')&lt;/label&gt; &lt;input type="text" id="e" name="e"/&gt; &lt;span class="buttonwrapper"&gt;&lt;input type="submit" value="$services.localization.render('xe.admin.forgotUsername.submit')" class="button"/&gt;&lt;/span&gt;&lt;/div&gt;
  &lt;/form&gt;
{{/html}}

#else
  #set($results = $services.query.hql(", BaseObject obj, StringProperty prop where obj.name = doc.fullName and obj.className = 'XWiki.XWikiUsers' and prop.id.id = obj.id and prop.id.name = 'email' and LOWER(prop.value) = ?").bindValues([$email.toLowerCase()]).execute())
  #if($results.size() == 0)
    {{translation key="xe.admin.forgotUsername.error.noAccount"/}}

    [[{{translation key="xe.admin.forgotUsername.error.retry"/}}&gt;&gt;$doc.fullName]] | [[{{translation key="xe.admin.forgotUsername.login"/}}&gt;&gt;path:${xwiki.getURL('XWiki.XWikiLogin', 'login')}]]
  #elseif($results.size() == 1)
    $services.localization.render('xe.admin.forgotUsername.result', ["**${results.get(0).substring($results.get(0).indexOf('.')).substring(1)}**"])

    [[{{translation key="xe.admin.forgotUsername.login"/}}&gt;&gt;path:${xwiki.getURL('XWiki.XWikiLogin', 'login')}]]
  #else
    {{translation key="xe.admin.forgotUsername.multipleResults"/}}
    #foreach($item in $results)
      * **${item.substring($item.indexOf('.')).substring(1)}**
    #end

    [[{{translation key="xe.admin.forgotUsername.login"/}}&gt;&gt;path:${xwiki.getURL('XWiki.XWikiLogin', 'login')}]]
  #end
#end
{{/velocity}}</content>
  <object>
    <name>XWiki.ForgotUsername</name>
    <number>0</number>
    <className>XWiki.XWikiRights</className>
    <guid>5f9081d2-87b6-430e-8bb9-edc66544fc06</guid>
    <class>
      <name>XWiki.XWikiRights</name>
      <customClass/>
      <customMapping/>
      <defaultViewSheet/>
      <defaultEditSheet/>
      <defaultWeb/>
      <nameField/>
      <validationScript/>
      <allow>
        <defaultValue>1</defaultValue>
        <disabled>0</disabled>
        <displayFormType>select</displayFormType>
        <displayType>allow</displayType>
        <name>allow</name>
        <number>4</number>
        <prettyName>Allow/Deny</prettyName>
        <unmodifiable>0</unmodifiable>
        <classType>com.xpn.xwiki.objects.classes.BooleanClass</classType>
      </allow>
      <groups>
        <cache>0</cache>
        <disabled>0</disabled>
        <displayType>input</displayType>
        <multiSelect>1</multiSelect>
        <name>groups</name>
        <number>1</number>
        <picker>1</picker>
        <prettyName>Groups</prettyName>
        <relationalStorage>0</relationalStorage>
        <separator> </separator>
        <size>5</size>
        <unmodifiable>0</unmodifiable>
        <classType>com.xpn.xwiki.objects.classes.GroupsClass</classType>
      </groups>
      <levels>
        <cache>0</cache>
        <disabled>0</disabled>
        <displayType>select</displayType>
        <multiSelect>1</multiSelect>
        <name>levels</name>
        <number>2</number>
        <prettyName>Levels</prettyName>
        <relationalStorage>0</relationalStorage>
        <separator> </separator>
        <size>3</size>
        <unmodifiable>0</unmodifiable>
        <classType>com.xpn.xwiki.objects.classes.LevelsClass</classType>
      </levels>
      <users>
        <cache>0</cache>
        <disabled>0</disabled>
        <displayType>input</displayType>
        <multiSelect>1</multiSelect>
        <name>users</name>
        <number>3</number>
        <picker>1</picker>
        <prettyName>Users</prettyName>
        <relationalStorage>0</relationalStorage>
        <separator> </separator>
        <size>5</size>
        <unmodifiable>0</unmodifiable>
        <classType>com.xpn.xwiki.objects.classes.UsersClass</classType>
      </users>
    </class>
    <property>
      <allow>0</allow>
    </property>
    <property>
      <groups>XWiki.XWikiAllGroup</groups>
    </property>
    <property>
      <levels>edit</levels>
    </property>
    <property>
      <users>XWiki.XWikiGuest</users>
    </property>
  </object>
  <object>
    <name>XWiki.ForgotUsername</name>
    <number>1</number>
    <className>XWiki.XWikiRights</className>
    <guid>54be8bc6-c81a-4149-b2b0-161b2b974857</guid>
    <class>
      <name>XWiki.XWikiRights</name>
      <customClass/>
      <customMapping/>
      <defaultViewSheet/>
      <defaultEditSheet/>
      <defaultWeb/>
      <nameField/>
      <validationScript/>
      <allow>
        <defaultValue>1</defaultValue>
        <disabled>0</disabled>
        <displayFormType>select</displayFormType>
        <displayType>allow</displayType>
        <name>allow</name>
        <number>4</number>
        <prettyName>Allow/Deny</prettyName>
        <unmodifiable>0</unmodifiable>
        <classType>com.xpn.xwiki.objects.classes.BooleanClass</classType>
      </allow>
      <groups>
        <cache>0</cache>
        <disabled>0</disabled>
        <displayType>input</displayType>
        <multiSelect>1</multiSelect>
        <name>groups</name>
        <number>1</number>
        <picker>1</picker>
        <prettyName>Groups</prettyName>
        <relationalStorage>0</relationalStorage>
        <separator> </separator>
        <size>5</size>
        <unmodifiable>0</unmodifiable>
        <classType>com.xpn.xwiki.objects.classes.GroupsClass</classType>
      </groups>
      <levels>
        <cache>0</cache>
        <disabled>0</disabled>
        <displayType>select</displayType>
        <multiSelect>1</multiSelect>
        <name>levels</name>
        <number>2</number>
        <prettyName>Levels</prettyName>
        <relationalStorage>0</relationalStorage>
        <separator> </separator>
        <size>3</size>
        <unmodifiable>0</unmodifiable>
        <classType>com.xpn.xwiki.objects.classes.LevelsClass</classType>
      </levels>
      <users>
        <cache>0</cache>
        <disabled>0</disabled>
        <displayType>input</displayType>
        <multiSelect>1</multiSelect>
        <name>users</name>
        <number>3</number>
        <picker>1</picker>
        <prettyName>Users</prettyName>
        <relationalStorage>0</relationalStorage>
        <separator> </separator>
        <size>5</size>
        <unmodifiable>0</unmodifiable>
        <classType>com.xpn.xwiki.objects.classes.UsersClass</classType>
      </users>
    </class>
    <property>
      <allow>0</allow>
    </property>
    <property>
      <groups>xwiki:XWiki.XWikiAllGroup</groups>
    </property>
    <property>
      <levels>edit</levels>
    </property>
  </object>
  <object>
    <name>XWiki.ForgotUsername</name>
    <number>2</number>
    <className>XWiki.XWikiRights</className>
    <guid>06daec64-228b-4da1-b7e6-b59d9624c859</guid>
    <class>
      <name>XWiki.XWikiRights</name>
      <customClass/>
      <customMapping/>
      <defaultViewSheet/>
      <defaultEditSheet/>
      <defaultWeb/>
      <nameField/>
      <validationScript/>
      <allow>
        <defaultValue>1</defaultValue>
        <disabled>0</disabled>
        <displayFormType>select</displayFormType>
        <displayType>allow</displayType>
        <name>allow</name>
        <number>4</number>
        <prettyName>Allow/Deny</prettyName>
        <unmodifiable>0</unmodifiable>
        <classType>com.xpn.xwiki.objects.classes.BooleanClass</classType>
      </allow>
      <groups>
        <cache>0</cache>
        <disabled>0</disabled>
        <displayType>input</displayType>
        <multiSelect>1</multiSelect>
        <name>groups</name>
        <number>1</number>
        <picker>1</picker>
        <prettyName>Groups</prettyName>
        <relationalStorage>0</relationalStorage>
        <separator> </separator>
        <size>5</size>
        <unmodifiable>0</unmodifiable>
        <classType>com.xpn.xwiki.objects.classes.GroupsClass</classType>
      </groups>
      <levels>
        <cache>0</cache>
        <disabled>0</disabled>
        <displayType>select</displayType>
        <multiSelect>1</multiSelect>
        <name>levels</name>
        <number>2</number>
        <prettyName>Levels</prettyName>
        <relationalStorage>0</relationalStorage>
        <separator> </separator>
        <size>3</size>
        <unmodifiable>0</unmodifiable>
        <classType>com.xpn.xwiki.objects.classes.LevelsClass</classType>
      </levels>
      <users>
        <cache>0</cache>
        <disabled>0</disabled>
        <displayType>input</displayType>
        <multiSelect>1</multiSelect>
        <name>users</name>
        <number>3</number>
        <picker>1</picker>
        <prettyName>Users</prettyName>
        <relationalStorage>0</relationalStorage>
        <separator> </separator>
        <size>5</size>
        <unmodifiable>0</unmodifiable>
        <classType>com.xpn.xwiki.objects.classes.UsersClass</classType>
      </users>
    </class>
    <property>
      <allow>1</allow>
    </property>
    <property>
      <groups>XWiki.XWikiAllGroup</groups>
    </property>
    <property>
      <levels>view</levels>
    </property>
    <property>
      <users>XWiki.XWikiGuest</users>
    </property>
  </object>
</xwikidoc>
