<?xml version="1.0" encoding="UTF-8"?>

<!--
 * See the NOTICE file distributed with this work for additional
 * information regarding copyright ownership.
 *
 * This is free software; you can redistribute it and/or modify it
 * under the terms of the GNU Lesser General Public License as
 * published by the Free Software Foundation; either version 2.1 of
 * the License, or (at your option) any later version.
 *
 * This software is distributed in the hope that it will be useful,
 * but WITHOUT ANY WARRANTY; without even the implied warranty of
 * MERCHANTABILITY or FITNESS FOR A PARTICULAR PURPOSE. See the GNU
 * Lesser General Public License for more details.
 *
 * You should have received a copy of the GNU Lesser General Public
 * License along with this software; if not, write to the Free
 * Software Foundation, Inc., 51 Franklin St, Fifth Floor, Boston, MA
 * 02110-1301 USA, or see the FSF site: http://www.fsf.org.
-->

<xwikidoc>
  <web>Main</web>
  <name>ActivityTranslations</name>
  <language>lv</language>
  <defaultLanguage>en</defaultLanguage>
  <translation>1</translation>
  <parent>Main.Activity</parent>
  <creator>xwiki:XWiki.Admin</creator>
  <author>xwiki:XWiki.Admin</author>
  <customClass/>
  <contentAuthor>xwiki:XWiki.Admin</contentAuthor>
  <creationDate>1390416042000</creationDate>
  <date>1390416053000</date>
  <contentUpdateDate>1390416047000</contentUpdateDate>
  <version>1.1</version>
  <title/>
  <template/>
  <defaultTemplate/>
  <validationScript/>
  <comment/>
  <minorEdit>false</minorEdit>
  <syntaxId>xwiki/2.0</syntaxId>
  <hidden>true</hidden>
  <content>## XWiki Translation for language lv generated from http://www.l10n.xwiki.org
activity.link.title=Atrodas {0} » {1} » {2}
activity.rss.feed.description=Dokumentu izmaiņu RSS barotne
activity.rss.feed.spaces.description=RSS barotne vietas dokumentiem ir "{0}"
activity.rss.feed.tags.description=RSS barotne dokumentiem  ar tagu ir "{0}"
activity.rss.feed.tagsAndSpaces.description=RSS barotne ar tagu "{0}" vietā(s) "{1}" 
activity.rss.pages.modified=Mainīto lapu RSS barotne
</content>
</xwikidoc>
