<?xml version="1.0" encoding="UTF-8"?>

<!--
 * See the NOTICE file distributed with this work for additional
 * information regarding copyright ownership.
 *
 * This is free software; you can redistribute it and/or modify it
 * under the terms of the GNU Lesser General Public License as
 * published by the Free Software Foundation; either version 2.1 of
 * the License, or (at your option) any later version.
 *
 * This software is distributed in the hope that it will be useful,
 * but WITHOUT ANY WARRANTY; without even the implied warranty of
 * MERCHANTABILITY or FITNESS FOR A PARTICULAR PURPOSE. See the GNU
 * Lesser General Public License for more details.
 *
 * You should have received a copy of the GNU Lesser General Public
 * License along with this software; if not, write to the Free
 * Software Foundation, Inc., 51 Franklin St, Fifth Floor, Boston, MA
 * 02110-1301 USA, or see the FSF site: http://www.fsf.org.
-->

<xwikidoc version="1.1">
  <web>Main</web>
  <name>WebRss</name>
  <language/>
  <defaultLanguage/>
  <translation>0</translation>
  <creator>xwiki:XWiki.Admin</creator>
  <creationDate>1385551030000</creationDate>
  <parent>Main.WebHome</parent>
  <author>xwiki:XWiki.Admin</author>
  <contentAuthor>xwiki:XWiki.Admin</contentAuthor>
  <date>1385642732000</date>
  <contentUpdateDate>1385642732000</contentUpdateDate>
  <version>1.1</version>
  <title>$services.localization.render('activity.rss.pages.modified')</title>
  <comment/>
  <minorEdit>false</minorEdit>
  <syntaxId>xwiki/2.0</syntaxId>
  <hidden>true</hidden>
  <content>{{velocity}}
## TODO: Rewrite this page completely so that it uses the same source as the Activity Stream Macro
## Backward compatibility redirect, if the RSS feed is called without the outputSyntax query argument, force it.
#if (("$!request.xpage" == 'plain' || "$!request.xpage" == 'rdf') &amp;&amp; "$!request.outputSyntax" != 'plain')
  $response.sendRedirect($xwiki.getURL($doc.fullName, 'view', 'xpage=plain&amp;outputSyntax=plain'))
#end
#if ("$!request.xpage" == 'plain' &amp;&amp; "$!request.outputSyntax" == 'plain')
  $response.setContentType('application/rss+xml')
  ## ======================
  ## Compute Query to find documents
  ## ======================
  #if("$!{request.tag}" != '')
    ## RSS feed for documents tagged with $request.tag
    #set ($query = 'from doc.object(XWiki.TagClass) as tag where (')
    #foreach ($tag in $request.getParameterValues('tag'))
      #set ($query = "$query :tag${foreach.count} member of tag.tags")
      #if ($foreach.hasNext)
        #set ($query = "$query OR ")
      #end
    #end
    #set ($query = "$query) AND ")
  #else
    #set ($query = 'where ')
  #end
  #if("$!{request.space}" == '')
    ## RSS feed for the whole wiki
    #set ($query = "$query 1=1")
  #else
    ## RSS feed for spaces
    #set ($query = "$query (")
    #foreach ($space in $request.getParameterValues('space'))
      #set ($query = "$query doc.space=:space${foreach.count}")
      #if ($foreach.hasNext)
        #set ($query = "$query OR ")
      #end
    #end
    #set ($query = "$query)")
  #end
  #set ($query = "$query order by doc.date desc")
  ## ==============
  ## Bind Query parameters
  ## ==============
  ## Bind query parameters depending on the passed query string parameters
  #set ($queryObject = $services.query.xwql($query).addFilter('currentlanguage').setLimit(20).setOffset(0))
  #if("$!{request.tag}" != '')
    #foreach ($tag in $request.getParameterValues('tag'))
      #set ($queryObject = $queryObject.bindValue("tag${foreach.count}", $tag))
    #end
  #end
  #if("$!{request.space}" != '')
    #foreach ($space in $request.getParameterValues('space'))
      #set ($queryObject = $queryObject.bindValue("space${foreach.count}", $space))
    #end
  #end
  ## ================
  ## Compute feed description
  ## ================
  ## 4 cases to handle: no spaces and tags specified, only spaces specified, only tags specified and spaces and tags specified
  #if ("$!{request.space}" != '')
    #if ("$!{request.tag}" != '')
      #set ($description = $services.localization.render('activity.rss.feed.tagsAndSpaces.description', [$stringtool.join($request.getParameterValues('tag'), ','), $stringtool.join($request.getParameterValues('space'), ',')]))
    #else
      #set ($description = $services.localization.render('activity.rss.feed.spaces.description', [$stringtool.join($request.getParameterValues('space'), ',')]))
    #end
  #else
    #if ("$!{request.tag}" != '')
      #set ($description = $services.localization.render('activity.rss.feed.tags.description', [$stringtool.join($request.getParameterValues('tag'), ',')]))
    #else
      #set ($description = $services.localization.render('activity.rss.feed.description'))
    #end
  #end
  ## =====================
  ## Execute query and generate feed
  ## =====================
  #set ($feed = $xwiki.feed.getWebFeed($queryObject.execute()))
  #set ($feedURI = $xwiki.getDocument('Main.WebHome').getExternalURL('view'))
  #set ($discard = $feed.setLink($feedURI))
  #set ($discard = $feed.setUri($feedURI))
  #set ($discard = $feed.setAuthor('XWiki'))
  #set ($discard = $feed.setTitle($services.localization.render('activity.rss.feed.description', [$text])))
  #set ($discard = $feed.setDescription($description))
  #set ($discard = $feed.setLanguage($xcontext.language))
  #set ($discard = $feed.setCopyright($xwiki.getXWikiPreference('copyright')))
  $xwiki.feed.getFeedOutput($feed, $xwiki.getXWikiPreference('feed_type', 'rss_2.0'))
#end
{{/velocity}}</content>
</xwikidoc>
