<?xml version="1.0" encoding="UTF-8"?>

<!--
 * See the NOTICE file distributed with this work for additional
 * information regarding copyright ownership.
 *
 * This is free software; you can redistribute it and/or modify it
 * under the terms of the GNU Lesser General Public License as
 * published by the Free Software Foundation; either version 2.1 of
 * the License, or (at your option) any later version.
 *
 * This software is distributed in the hope that it will be useful,
 * but WITHOUT ANY WARRANTY; without even the implied warranty of
 * MERCHANTABILITY or FITNESS FOR A PARTICULAR PURPOSE. See the GNU
 * Lesser General Public License for more details.
 *
 * You should have received a copy of the GNU Lesser General Public
 * License along with this software; if not, write to the Free
 * Software Foundation, Inc., 51 Franklin St, Fifth Floor, Boston, MA
 * 02110-1301 USA, or see the FSF site: http://www.fsf.org.
-->

<xwikidoc>
  <web>XApp</web>
  <name>WebPreferences</name>
  <language/>
  <defaultLanguage/>
  <translation>0</translation>
  <parent>XApp.WebHome</parent>
  <creator>xwiki:XWiki.Admin</creator>
  <author>xwiki:XWiki.Admin</author>
  <customClass/>
  <contentAuthor>xwiki:XWiki.Admin</contentAuthor>
  <creationDate>1204112360000</creationDate>
  <date>1204210545000</date>
  <contentUpdateDate>1205423816000</contentUpdateDate>
  <version>1.1</version>
  <title/>
  <template/>
  <defaultTemplate/>
  <validationScript/>
  <comment/>
  <minorEdit>false</minorEdit>
  <syntaxId>xwiki/1.0</syntaxId>
  <hidden>true</hidden>
  <object>
    <class>
      <name>XWiki.XWikiGlobalRights</name>
      <customClass/>
      <customMapping/>
      <defaultViewSheet/>
      <defaultEditSheet/>
      <defaultWeb/>
      <nameField/>
      <validationScript/>
      <allow>
        <defaultValue>1</defaultValue>
        <disabled>0</disabled>
        <displayFormType>select</displayFormType>
        <displayType>allow</displayType>
        <name>allow</name>
        <number>4</number>
        <prettyName>Allow/Deny</prettyName>
        <unmodifiable>0</unmodifiable>
        <classType>com.xpn.xwiki.objects.classes.BooleanClass</classType>
      </allow>
      <groups>
        <cache>0</cache>
        <disabled>0</disabled>
        <displayType>select</displayType>
        <multiSelect>1</multiSelect>
        <name>groups</name>
        <number>1</number>
        <prettyName>Groups</prettyName>
        <relationalStorage>0</relationalStorage>
        <separator> </separator>
        <size>5</size>
        <unmodifiable>0</unmodifiable>
        <usesList>1</usesList>
        <classType>com.xpn.xwiki.objects.classes.GroupsClass</classType>
      </groups>
      <levels>
        <cache>0</cache>
        <disabled>0</disabled>
        <displayType>select</displayType>
        <multiSelect>1</multiSelect>
        <name>levels</name>
        <number>2</number>
        <prettyName>Levels</prettyName>
        <relationalStorage>0</relationalStorage>
        <separator> </separator>
        <size>3</size>
        <unmodifiable>0</unmodifiable>
        <classType>com.xpn.xwiki.objects.classes.LevelsClass</classType>
      </levels>
      <users>
        <cache>0</cache>
        <disabled>0</disabled>
        <displayType>select</displayType>
        <multiSelect>1</multiSelect>
        <name>users</name>
        <number>3</number>
        <prettyName>Users</prettyName>
        <relationalStorage>0</relationalStorage>
        <separator> </separator>
        <size>5</size>
        <unmodifiable>0</unmodifiable>
        <usesList>1</usesList>
        <classType>com.xpn.xwiki.objects.classes.UsersClass</classType>
      </users>
    </class>
    <name>XApp.WebPreferences</name>
    <number>0</number>
    <className>XWiki.XWikiGlobalRights</className>
    <guid>7d02053a-aa13-4802-8ff6-d992c3209cf1</guid>
    <property>
      <allow>1</allow>
    </property>
    <property>
      <groups>XWiki.XWikiAdminGroup</groups>
    </property>
    <property>
      <levels>edit</levels>
    </property>
  </object>
  <content/>
</xwikidoc>
