<?xml version="1.0" encoding="UTF-8"?>

<!--
 * See the NOTICE file distributed with this work for additional
 * information regarding copyright ownership.
 *
 * This is free software; you can redistribute it and/or modify it
 * under the terms of the GNU Lesser General Public License as
 * published by the Free Software Foundation; either version 2.1 of
 * the License, or (at your option) any later version.
 *
 * This software is distributed in the hope that it will be useful,
 * but WITHOUT ANY WARRANTY; without even the implied warranty of
 * MERCHANTABILITY or FITNESS FOR A PARTICULAR PURPOSE. See the GNU
 * Lesser General Public License for more details.
 *
 * You should have received a copy of the GNU Lesser General Public
 * License along with this software; if not, write to the Free
 * Software Foundation, Inc., 51 Franklin St, Fifth Floor, Boston, MA
 * 02110-1301 USA, or see the FSF site: http://www.fsf.org.
-->

<xwikidoc version="1.1">
  <web>ActiveInstalls</web>
  <name>ActiveInstallsConfig</name>
  <language/>
  <defaultLanguage/>
  <translation>0</translation>
  <creator>xwiki:XWiki.Admin</creator>
  <creationDate>1399401352000</creationDate>
  <parent>ActiveInstalls.WebHome</parent>
  <author>xwiki:XWiki.Admin</author>
  <contentAuthor>xwiki:XWiki.Admin</contentAuthor>
  <date>1399404465000</date>
  <contentUpdateDate>1399404465000</contentUpdateDate>
  <version>1.1</version>
  <title>Active Installs Configuration</title>
  <comment/>
  <minorEdit>false</minorEdit>
  <syntaxId>xwiki/2.1</syntaxId>
  <hidden>true</hidden>
  <content>{{velocity}}
$response.sendRedirect($xwiki.getURL('XWiki.XWikiPreferences', 'admin', 'section=Active Installs'))
{{/velocity}}</content>
  <class>
    <name>ActiveInstalls.ActiveInstallsConfig</name>
    <customClass/>
    <customMapping/>
    <defaultViewSheet/>
    <defaultEditSheet/>
    <defaultWeb/>
    <nameField/>
    <validationScript/>
    <distributionId>
      <customDisplay/>
      <disabled>0</disabled>
      <name>distributionId</name>
      <number>2</number>
      <picker>0</picker>
      <prettyName>Distribution Id</prettyName>
      <size>30</size>
      <unmodifiable>0</unmodifiable>
      <validationMessage/>
      <validationRegExp/>
      <classType>com.xpn.xwiki.objects.classes.StringClass</classType>
    </distributionId>
    <snapshots>
      <customDisplay/>
      <defaultValue>0</defaultValue>
      <disabled>0</disabled>
      <displayFormType>select</displayFormType>
      <displayType/>
      <name>snapshots</name>
      <number>0</number>
      <prettyName>Display Snapshots</prettyName>
      <unmodifiable>0</unmodifiable>
      <validationMessage/>
      <validationRegExp/>
      <classType>com.xpn.xwiki.objects.classes.BooleanClass</classType>
    </snapshots>
  </class>
  <object>
    <name>ActiveInstalls.ActiveInstallsConfig</name>
    <number>0</number>
    <className>ActiveInstalls.ActiveInstallsConfig</className>
    <guid>c2be3d71-7e1a-4d43-920e-05ad1f6f6c4e</guid>
    <class>
      <name>ActiveInstalls.ActiveInstallsConfig</name>
      <customClass/>
      <customMapping/>
      <defaultViewSheet/>
      <defaultEditSheet/>
      <defaultWeb/>
      <nameField/>
      <validationScript/>
      <distributionId>
        <customDisplay/>
        <disabled>0</disabled>
        <name>distributionId</name>
        <number>2</number>
        <picker>0</picker>
        <prettyName>Distribution Id</prettyName>
        <size>30</size>
        <unmodifiable>0</unmodifiable>
        <validationMessage/>
        <validationRegExp/>
        <classType>com.xpn.xwiki.objects.classes.StringClass</classType>
      </distributionId>
      <snapshots>
        <customDisplay/>
        <defaultValue>0</defaultValue>
        <disabled>0</disabled>
        <displayFormType>select</displayFormType>
        <displayType/>
        <name>snapshots</name>
        <number>0</number>
        <prettyName>Display Snapshots</prettyName>
        <unmodifiable>0</unmodifiable>
        <validationMessage/>
        <validationRegExp/>
        <classType>com.xpn.xwiki.objects.classes.BooleanClass</classType>
      </snapshots>
    </class>
    <property>
      <distributionId>org.xwiki.enterprise:xwiki-enterprise-web</distributionId>
    </property>
    <property>
      <snapshots>0</snapshots>
    </property>
  </object>
  <object>
    <name>ActiveInstalls.ActiveInstallsConfig</name>
    <number>0</number>
    <className>XWiki.ConfigurableClass</className>
    <guid>5c717d0e-2108-4df9-8b53-ea1c40a37cba</guid>
    <class>
      <name>XWiki.ConfigurableClass</name>
      <customClass/>
      <customMapping/>
      <defaultViewSheet/>
      <defaultEditSheet/>
      <defaultWeb/>
      <nameField/>
      <validationScript/>
      <codeToExecute>
        <disabled>0</disabled>
        <editor>---</editor>
        <name>codeToExecute</name>
        <number>7</number>
        <picker>0</picker>
        <prettyName>codeToExecute</prettyName>
        <rows>5</rows>
        <size>40</size>
        <unmodifiable>0</unmodifiable>
        <validationMessage/>
        <validationRegExp/>
        <classType>com.xpn.xwiki.objects.classes.TextAreaClass</classType>
      </codeToExecute>
      <configurationClass>
        <disabled>0</disabled>
        <name>configurationClass</name>
        <number>3</number>
        <picker>0</picker>
        <prettyName>configurationClass</prettyName>
        <size>30</size>
        <unmodifiable>0</unmodifiable>
        <validationMessage/>
        <validationRegExp/>
        <classType>com.xpn.xwiki.objects.classes.StringClass</classType>
      </configurationClass>
      <configureGlobally>
        <defaultValue/>
        <disabled>0</disabled>
        <displayFormType>checkbox</displayFormType>
        <displayType/>
        <name>configureGlobally</name>
        <number>4</number>
        <prettyName>configureGlobally</prettyName>
        <unmodifiable>0</unmodifiable>
        <validationMessage/>
        <validationRegExp/>
        <classType>com.xpn.xwiki.objects.classes.BooleanClass</classType>
      </configureGlobally>
      <displayInSection>
        <disabled>0</disabled>
        <name>displayInSection</name>
        <number>1</number>
        <picker>0</picker>
        <prettyName>displayInSection</prettyName>
        <size>30</size>
        <unmodifiable>0</unmodifiable>
        <validationMessage/>
        <validationRegExp/>
        <classType>com.xpn.xwiki.objects.classes.StringClass</classType>
      </displayInSection>
      <heading>
        <disabled>0</disabled>
        <name>heading</name>
        <number>2</number>
        <picker>0</picker>
        <prettyName>heading</prettyName>
        <size>30</size>
        <unmodifiable>0</unmodifiable>
        <validationMessage/>
        <validationRegExp/>
        <classType>com.xpn.xwiki.objects.classes.StringClass</classType>
      </heading>
      <iconAttachment>
        <disabled>0</disabled>
        <name>iconAttachment</name>
        <number>8</number>
        <picker>0</picker>
        <prettyName>iconAttachment</prettyName>
        <size>30</size>
        <unmodifiable>0</unmodifiable>
        <validationMessage/>
        <validationRegExp/>
        <classType>com.xpn.xwiki.objects.classes.StringClass</classType>
      </iconAttachment>
      <linkPrefix>
        <disabled>0</disabled>
        <name>linkPrefix</name>
        <number>5</number>
        <picker>0</picker>
        <prettyName>linkPrefix</prettyName>
        <size>30</size>
        <unmodifiable>0</unmodifiable>
        <validationMessage/>
        <validationRegExp/>
        <classType>com.xpn.xwiki.objects.classes.StringClass</classType>
      </linkPrefix>
      <propertiesToShow>
        <cache>0</cache>
        <disabled>0</disabled>
        <displayType>input</displayType>
        <multiSelect>1</multiSelect>
        <name>propertiesToShow</name>
        <number>6</number>
        <picker>0</picker>
        <prettyName>propertiesToShow</prettyName>
        <relationalStorage>1</relationalStorage>
        <separator> </separator>
        <separators> ,|</separators>
        <size>20</size>
        <sort>none</sort>
        <unmodifiable>0</unmodifiable>
        <validationMessage/>
        <validationRegExp/>
        <values/>
        <classType>com.xpn.xwiki.objects.classes.StaticListClass</classType>
      </propertiesToShow>
    </class>
    <property>
      <codeToExecute/>
    </property>
    <property>
      <configurationClass>ActiveInstalls.ActiveInstallsConfig</configurationClass>
    </property>
    <property>
      <configureGlobally>1</configureGlobally>
    </property>
    <property>
      <displayInSection>Active Installs</displayInSection>
    </property>
    <property>
      <heading/>
    </property>
    <property>
      <iconAttachment/>
    </property>
    <property>
      <linkPrefix/>
    </property>
    <property>
      <propertiesToShow>
        <value>snapshots</value>
        <value>distributionId</value>
      </propertiesToShow>
    </property>
  </object>
</xwikidoc>
