<?xml version="1.0" encoding="UTF-8"?>

<!--
 * See the NOTICE file distributed with this work for additional
 * information regarding copyright ownership.
 *
 * This is free software; you can redistribute it and/or modify it
 * under the terms of the GNU Lesser General Public License as
 * published by the Free Software Foundation; either version 2.1 of
 * the License, or (at your option) any later version.
 *
 * This software is distributed in the hope that it will be useful,
 * but WITHOUT ANY WARRANTY; without even the implied warranty of
 * MERCHANTABILITY or FITNESS FOR A PARTICULAR PURPOSE. See the GNU
 * Lesser General Public License for more details.
 *
 * You should have received a copy of the GNU Lesser General Public
 * License along with this software; if not, write to the Free
 * Software Foundation, Inc., 51 Franklin St, Fifth Floor, Boston, MA
 * 02110-1301 USA, or see the FSF site: http://www.fsf.org.
-->

<xwikidoc>
  <web>AnnotationCode</web>
  <name>Translations</name>
  <language>de</language>
  <defaultLanguage>en</defaultLanguage>
  <translation>1</translation>
  <parent>AnnotationCode.WebHome</parent>
  <creator>xwiki:XWiki.Admin</creator>
  <author>xwiki:XWiki.Admin</author>
  <customClass/>
  <contentAuthor>xwiki:XWiki.Admin</contentAuthor>
  <creationDate>1264862667000</creationDate>
  <date>1271949711000</date>
  <contentUpdateDate>1271949711000</contentUpdateDate>
  <version>1.1</version>
  <title/>
  <template/>
  <defaultTemplate/>
  <validationScript/>
  <comment/>
  <minorEdit>false</minorEdit>
  <syntaxId>plain/1.0</syntaxId>
  <hidden>true</hidden>
  <content>## XWiki Translation for language de generated from http://www.l10n.xwiki.org
AnnotationCode.AnnotationConfig_activated=Anmerkungen sind aktiviert
AnnotationCode.AnnotationConfig_annotationClass=XWiki Klasse, welche zum Speichern der Anmerkungen verwendet wird
AnnotationCode.AnnotationConfig_displayHighlight=Anmerkungen standardmäßig im Text hervorheben
AnnotationCode.AnnotationConfig_displayed=Anmerkungen standardmäßig anzeigen
AnnotationCode.AnnotationConfig_exceptionSpaces=Außer für die folgenden Bereiche
admin.annotations=Anmerkungen
annotations.action.create.cancel.text=Abbrechen
annotations.action.create.error.notarget=Nicht spezifiziertes Ziel (Dokument) für das Erstellen von Anmerkungen.
annotations.action.create.error.unauthorized=Sie sind nicht berechtigt, Anmerkungen in diesem Dokument zu erstellen.
annotations.action.create.error.unauthorizedguest=Sie sind nicht berechtigt Anmerkungen in diesem Dokument zu erstellen. Bitte melden Sie sich an.
annotations.action.create.error.wrongsyntax=Anmerkungen werden in Dokumenten mit XWiki/1.0 Syntax nicht unterstützt.
annotations.action.create.form.loaderror=Fehlgeschlagen\:
annotations.action.create.helpmessage=Um eine Anmerkung einem Teil des Textes hinzuzufügen, markieren Sie ihn und drücken Sie {0}.
annotations.action.create.loaderror=Fehlgeschlagen\:
annotations.action.create.selection.invalid=Bitte wählen Sie einen nicht-leeren Text im Dokument aus.
annotations.action.create.submit.text=Anmerkung hinzufügen
annotations.action.create.success=Anmerkung wurde erfolgreich hinzufügt
annotations.action.delete.confirm=Sind Sie sicher, dass Sie diese Anmerkung löschen möchten?
annotations.action.delete.done=Anmerkung gelöscht
annotations.action.delete.failed=Löschen von Anmerkung fehlgeschlagen\:
annotations.action.delete.inProgress=Lösche Anmerkung...
annotations.action.delete.text=[Löschen]
annotations.action.delete.tooltip=Diese Anmerkung löschen
annotations.action.edit.cancel.text=Abbrechen
annotations.action.edit.error.notfound=Diese Anmerkung existiert nicht mehr. Bitte laden Sie die Seite erneut, um die Ansicht zu aktualisieren.
annotations.action.edit.loaderror=Fehlgeschlagen\:
annotations.action.edit.submit.text=Aktualisieren
annotations.action.edit.success=Anmerkung wurde erfolgreich aktualisiert.
annotations.action.edit.text=[Bearbeiten]
annotations.action.edit.tooltip=Diese Anmerkung bearbeiten
annotations.action.validate.loaderror=Fehlgeschlagen\:
annotations.action.validate.success=Anmerkung wurde erfolgreich überprüft.
annotations.action.validate.text=[Überprüfen]
annotations.action.validate.tooltip=Überprüfe das automatische Aktualisieren des markierten Textes für dieser Anmerkung
annotations.action.view.error.notfound=Diese Anmerkung existiert nicht mehr. Bitte laden Sie die Seite erneut, um die Ansicht zu aktualisieren.
annotations.action.view.form.loaderror=Fehlgeschlagen\:
annotations.action.view.hide.text=verbergen
annotations.action.view.thread=Diskussion lesen
annotations.altered.text=Diese Anmerkung konnte nicht angezeigt werden, da der Text mit der Anmerkung nicht gefunden wurde im Dokument\:
annotations.annotated.error.noannotatedelement=Anmerkungen konnten nicht geladen werden, da der Inhalt nicht verfügbar ist.
annotations.annotated.error.wrongsyntax=Anmerkungen werden in Dokumenten in XWiki/1.0 Syntax nicht unterstützt.
annotations.annotated.loaderror=Fehlgeschlagen\:
annotations.annotated.loaderror.wrongresponse=Falsch formatierte Serverantwort
annotations.annotated.loading=Lade Dokument mit Anmerkungen
annotations.config.activate.explanation=Die folgenden zwei Einstellungen erlauben es einzustellen, für welche Bereiche die Anmerkungen aktiviert werden. Die erste Einstellung legt die grundlegende Regel fest, während die zweite Liste festlegt in welchen Bereichen diese Regel nicht angewendet werden soll. Als Beispiel, wurde "ja" ausgewählt und Ausnahme-Bereiche sind "XWiki" und "Main" eingetragen. Dies, bedeutet, dass die Anmerkungen in allen Bereichen außer "XWiki" und "Main" eingeschaltet sind, während bei Auswahl von "nein" und Ausnahme-Bereiche "Dokumente" Anmerkungen nur in "Dokumente" eingeschaltet sein würden.
annotations.config.activate.title=Anmerkungen Aktivierungseinstellungen
annotations.config.display.title=Anmerkungen Anzeigeeinstellungen
annotations.config.title=Anmerkungen Einstellungsmenü
annotations.config.type.explanation=Füge Eigenschaft zu dieser Klasse hinzu wenn zusätzliche Eigenschaften für die Anmerkungen festgelegt werden sollen.
annotations.config.type.title=Anmerkungen Ausführungseinstellungen
annotations.filters.anyvalue=beliebiger Wert
annotations.filters.clearvalue=zurücksetzen
annotations.filters.nooption=Es sind keine Werte für das Filtern von "{0}" vorhanden
annotations.filters.show=Verfeinere die Anzeigekriterien
annotations.menu.loaderror=Fehlgeschlagen\:
annotations.menu.loading=Lade Anmerkungen Einstellungen
annotations.settings.display=Zeige Anmerkungen
annotations.settings.error.notarget=Kein Dokument, für das die Anmerkungseinstellungen abgerufen werden sollen, spezifiziert.
annotations.settings.error.wrongsyntax=Anmerkungen sind nicht verfügbar in Dokumenten in XWiki/1.0 Syntax.
annotations.tab.info.noannotations=Dieses Dokument enthält keine Anmerkungen
annotations.title=Anmerkungen
annotations.updated.text=Die Anmerkung wurde nach einem Update des Dokuments automatisch neu positioniert. Ursprünglich\:
</content>
</xwikidoc>
