<?xml version="1.0" encoding="UTF-8"?>

<!--
 * See the NOTICE file distributed with this work for additional
 * information regarding copyright ownership.
 *
 * This is free software; you can redistribute it and/or modify it
 * under the terms of the GNU Lesser General Public License as
 * published by the Free Software Foundation; either version 2.1 of
 * the License, or (at your option) any later version.
 *
 * This software is distributed in the hope that it will be useful,
 * but WITHOUT ANY WARRANTY; without even the implied warranty of
 * MERCHANTABILITY or FITNESS FOR A PARTICULAR PURPOSE. See the GNU
 * Lesser General Public License for more details.
 *
 * You should have received a copy of the GNU Lesser General Public
 * License along with this software; if not, write to the Free
 * Software Foundation, Inc., 51 Franklin St, Fifth Floor, Boston, MA
 * 02110-1301 USA, or see the FSF site: http://www.fsf.org.
-->

<xwikidoc version="1.1">
  <web>Blog</web>
  <name>BlogIntroduction</name>
  <language/>
  <defaultLanguage/>
  <translation>0</translation>
  <creator>xwiki:XWiki.Admin</creator>
  <creationDate>1236779890000</creationDate>
  <parent>Blog.WebHome</parent>
  <author>xwiki:XWiki.Admin</author>
  <contentAuthor>xwiki:XWiki.Admin</contentAuthor>
  <date>1236779890000</date>
  <contentUpdateDate>1236779890000</contentUpdateDate>
  <version>1.1</version>
  <title/>
  <comment/>
  <minorEdit>false</minorEdit>
  <syntaxId>xwiki/2.0</syntaxId>
  <hidden>false</hidden>
  <content/>
  <object>
    <name>Blog.BlogIntroduction</name>
    <number>0</number>
    <className>Blog.BlogPostClass</className>
    <guid>49ea4e6b-9a83-4f63-9ab9-7b596176bce8</guid>
    <class>
      <name>Blog.BlogPostClass</name>
      <customClass/>
      <customMapping/>
      <defaultViewSheet/>
      <defaultEditSheet/>
      <defaultWeb/>
      <nameField/>
      <validationScript/>
      <category>
        <cache>0</cache>
        <classname>Blog.CategoryClass</classname>
        <customDisplay/>
        <disabled>0</disabled>
        <displayType>checkbox</displayType>
        <idField>doc.fullName</idField>
        <multiSelect>1</multiSelect>
        <name>category</name>
        <number>4</number>
        <parentField>doc.parent</parentField>
        <picker>0</picker>
        <prettyName>Category</prettyName>
        <relationalStorage>1</relationalStorage>
        <separator>, </separator>
        <separators/>
        <size>1</size>
        <sort>value</sort>
        <sql/>
        <tooltip/>
        <unmodifiable>0</unmodifiable>
        <validationMessage/>
        <validationRegExp/>
        <valueField>name</valueField>
        <classType>com.xpn.xwiki.objects.classes.DBTreeListClass</classType>
      </category>
      <content>
        <contenttype>FullyRenderedText</contenttype>
        <customDisplay/>
        <disabled>0</disabled>
        <editor>---</editor>
        <name>content</name>
        <number>2</number>
        <picker>0</picker>
        <prettyName>Content</prettyName>
        <rows>20</rows>
        <size>80</size>
        <tooltip/>
        <unmodifiable>0</unmodifiable>
        <validationMessage/>
        <validationRegExp/>
        <classType>com.xpn.xwiki.objects.classes.TextAreaClass</classType>
      </content>
      <extract>
        <contenttype>FullyRenderedText</contenttype>
        <customDisplay/>
        <disabled>0</disabled>
        <editor>---</editor>
        <name>extract</name>
        <number>3</number>
        <picker>0</picker>
        <prettyName>Extract</prettyName>
        <rows>10</rows>
        <size>80</size>
        <tooltip/>
        <unmodifiable>0</unmodifiable>
        <validationMessage/>
        <validationRegExp/>
        <classType>com.xpn.xwiki.objects.classes.TextAreaClass</classType>
      </extract>
      <hidden>
        <customDisplay/>
        <defaultValue>0</defaultValue>
        <disabled>0</disabled>
        <displayFormType>checkbox</displayFormType>
        <displayType/>
        <name>hidden</name>
        <number>5</number>
        <prettyName>Is hidden</prettyName>
        <tooltip/>
        <unmodifiable>0</unmodifiable>
        <validationMessage/>
        <validationRegExp/>
        <classType>com.xpn.xwiki.objects.classes.BooleanClass</classType>
      </hidden>
      <publishDate>
        <customDisplay/>
        <dateFormat>dd/MM/yyyy HH:mm:ss</dateFormat>
        <disabled>0</disabled>
        <emptyIsToday>1</emptyIsToday>
        <name>publishDate</name>
        <number>7</number>
        <picker>1</picker>
        <prettyName>Publish date</prettyName>
        <size>20</size>
        <tooltip/>
        <unmodifiable>0</unmodifiable>
        <validationMessage/>
        <validationRegExp/>
        <classType>com.xpn.xwiki.objects.classes.DateClass</classType>
      </publishDate>
      <published>
        <customDisplay/>
        <defaultValue>0</defaultValue>
        <disabled>0</disabled>
        <displayFormType>checkbox</displayFormType>
        <displayType/>
        <name>published</name>
        <number>6</number>
        <prettyName>Is published</prettyName>
        <tooltip/>
        <unmodifiable>0</unmodifiable>
        <validationMessage/>
        <validationRegExp/>
        <classType>com.xpn.xwiki.objects.classes.BooleanClass</classType>
      </published>
      <title>
        <customDisplay/>
        <disabled>0</disabled>
        <name>title</name>
        <number>1</number>
        <picker>0</picker>
        <prettyName>Title</prettyName>
        <size>80</size>
        <tooltip/>
        <unmodifiable>0</unmodifiable>
        <validationMessage/>
        <validationRegExp/>
        <classType>com.xpn.xwiki.objects.classes.StringClass</classType>
      </title>
    </class>
    <property>
      <category>
        <value>Blog.News</value>
      </category>
    </property>
    <property>
      <content>This is your wiki's blog first post. Its goal is to provide a short description of your blog's main features.

* You can **create new blog posts** through the input field located on [[your Blog's homepage&gt;&gt;Blog.WebHome]]. The status of a blog post may be any one of the following:
** //Unpublished//: your post is still a draft. It can be seen by its creator and by administrators. Once you have clicked publish, you cannot unpublish a post. However, you can choose to hide it.
** //Published//: your post can be read by every user that has access to your blog.
** //Published &amp; hidden//: your post is published but only its creator and admins can see it. This is useful if you need to make modifications on a post that has already been published by mistake.

* Every blog article can be **tagged** and/or **categorized**:
** You will be able to browse posts by category using the panel located on the left of the page
** You can create new categories and subcategories when creating a new post
** The use of tags allows your article to be found by browsing your wiki's tags, along with any other wiki document

* **Blog-specific panels** are available on the left of your blog page:
** The //recent posts// lists the most recent entries to any visitor of the blog
** The //unpublished panel// lists the blog posts you created, but didn't yet publish
** The //categories panel// lets you browse blog posts listed by category and subcategory
** The //archive panel// lets you browse blog posts by publication date

Happy blogging!
</content>
    </property>
    <property>
      <extract/>
    </property>
    <property>
      <hidden>0</hidden>
    </property>
    <property>
      <publishDate>2009-06-01 12:00:00.0</publishDate>
    </property>
    <property>
      <published>1</published>
    </property>
    <property>
      <title>First blog post</title>
    </property>
  </object>
</xwikidoc>
