<?xml version="1.0" encoding="UTF-8"?>

<!--
 * See the NOTICE file distributed with this work for additional
 * information regarding copyright ownership.
 *
 * This is free software; you can redistribute it and/or modify it
 * under the terms of the GNU Lesser General Public License as
 * published by the Free Software Foundation; either version 2.1 of
 * the License, or (at your option) any later version.
 *
 * This software is distributed in the hope that it will be useful,
 * but WITHOUT ANY WARRANTY; without even the implied warranty of
 * MERCHANTABILITY or FITNESS FOR A PARTICULAR PURPOSE. See the GNU
 * Lesser General Public License for more details.
 *
 * You should have received a copy of the GNU Lesser General Public
 * License along with this software; if not, write to the Free
 * Software Foundation, Inc., 51 Franklin St, Fifth Floor, Boston, MA
 * 02110-1301 USA, or see the FSF site: http://www.fsf.org.
-->

<xwikidoc version="1.1">
  <web>Blog</web>
  <name>Management</name>
  <language/>
  <defaultLanguage/>
  <translation>0</translation>
  <creator>xwiki:XWiki.Admin</creator>
  <creationDate>1227677018000</creationDate>
  <parent>Blog.WebHome</parent>
  <author>xwiki:XWiki.Admin</author>
  <contentAuthor>xwiki:XWiki.Admin</contentAuthor>
  <date>1227680561000</date>
  <contentUpdateDate>1227680561000</contentUpdateDate>
  <version>1.1</version>
  <title>Manage blogs on this wiki</title>
  <comment/>
  <minorEdit>false</minorEdit>
  <syntaxId>xwiki/2.0</syntaxId>
  <hidden>true</hidden>
  <content>{{include reference="Blog.BlogCode"/}}

{{velocity filter="none"}}
{{html clean="false" wiki="true"}}
#if($hasAdmin)
##
##
## List existing blogs.
## TODO: Display the number of articles in each blog
## TODO: Provide some management links: delete, edit title, configure...
##
= $services.localization.render('xe.blog.manage.existing') =

#foreach($item in $xwiki.wrapDocs($services.query.hql(", BaseObject obj where obj.name = doc.fullName and obj.className = '$blogClassname' and doc.fullName &lt;&gt; '$blogTemplate' ").execute()))
  #getBlogTitle($item $title)
  #if($title != '')
    * [[$title&gt;&gt;$item.fullName]]
  #else
    * [[$item.displayTitle&gt;&gt;$item.fullName]]
&lt;p/&gt;
  #end
#end
##
##
## New blog
##

= $services.localization.render('xe.blog.manage.createnew') =

#set($title = "$!request.blogTitle")
#if($title != '')
  #set($space = "$!request.blogSpace")
  #if($space == '')
    #warning($services.localization.render('xe.blog.manage.nospace'))
  #else
    #if("$!request.blogType" == 'main')
      #set($blogDocName = "${space}.WebHome")
    #else
      #set($blogDocName = "${space}.Blog")
    #end
    #set($parent = $services.model.resolveDocument('', 'default', $doc.documentReference.extractReference('WIKI')))
    $response.sendRedirect($xwiki.getURL($blogDocName, 'save', "parent=${parent}&amp;title=${escapetool.url($title)}&amp;template=${blogTemplate}&amp;${blogClassname}_0_title=${escapetool.url($title)}&amp;form_token=$!{request.getParameter('form_token')}"))
  #end
#end
##
## Show the form
&lt;form action="${xwiki.getURL('Blog.Management')}" id="newBlog" method="post"&gt;
&lt;div&gt;
  &lt;input type="hidden" name="form_token" value="$!{services.csrf.getToken()}" /&gt;
&lt;dl&gt;
  &lt;dt&gt;&lt;label for="blogSpace"&gt;$services.localization.render('xe.blog.manage.space')&lt;/label&gt;&lt;/dt&gt;
  &lt;dd&gt;&lt;input type="text" name="blogSpace" id="blogSpace" value=""/&gt;&lt;/dd&gt;
  &lt;dt&gt;&lt;label for="blogTitle"&gt;$services.localization.render('xe.blog.manage.title')&lt;/label&gt;&lt;/dt&gt;
  &lt;dd&gt;&lt;input type="text" name="blogTitle" id="blogTitle" value="$services.localization.render('xe.blog.manage.blogtitle')"/&gt;&lt;/dd&gt;
  &lt;dt&gt;&lt;label for="blogType"&gt;$services.localization.render('xe.blog.manage.blogtype')&lt;/label&gt;&lt;/dt&gt;
  &lt;dd&gt;&lt;select name="blogType" id="blogType"&gt;
    &lt;option value="inner" selected="selected"&gt;$services.localization.render('xe.blog.manage.inside')&lt;/option&gt;
    &lt;option value="main"&gt;$services.localization.render('xe.blog.manage.main')&lt;/option&gt;
  &lt;/select&gt;&lt;/dd&gt;
&lt;/dl&gt;
  &lt;input class="button" type="submit" value="${escapetool.xml($services.localization.render('xe.blog.manage.create'))}"/&gt;
&lt;/div&gt;
&lt;/form&gt;
#else ## !hasAdmin
  #xwikimessageboxstart($services.localization.render('error') $services.localization.render('notallowed'))
  #xwikimessageboxend()
#end

{{/html}}
{{/velocity}}</content>
</xwikidoc>
