<?xml version="1.0" encoding="UTF-8"?>

<!--
 * See the NOTICE file distributed with this work for additional
 * information regarding copyright ownership.
 *
 * This is free software; you can redistribute it and/or modify it
 * under the terms of the GNU Lesser General Public License as
 * published by the Free Software Foundation; either version 2.1 of
 * the License, or (at your option) any later version.
 *
 * This software is distributed in the hope that it will be useful,
 * but WITHOUT ANY WARRANTY; without even the implied warranty of
 * MERCHANTABILITY or FITNESS FOR A PARTICULAR PURPOSE. See the GNU
 * Lesser General Public License for more details.
 *
 * You should have received a copy of the GNU Lesser General Public
 * License along with this software; if not, write to the Free
 * Software Foundation, Inc., 51 Franklin St, Fifth Floor, Boston, MA
 * 02110-1301 USA, or see the FSF site: http://www.fsf.org.
-->

<xwikidoc version="1.1">
  <web>AppWithinMinutes</web>
  <name>Date</name>
  <language/>
  <defaultLanguage/>
  <translation>0</translation>
  <creator>xwiki:XWiki.Admin</creator>
  <creationDate>1318181297000</creationDate>
  <parent>AppWithinMinutes.FormFieldClass</parent>
  <author>xwiki:XWiki.Admin</author>
  <contentAuthor>xwiki:XWiki.Admin</contentAuthor>
  <date>1319488378000</date>
  <contentUpdateDate>1319488378000</contentUpdateDate>
  <version>1.1</version>
  <title>$services.localization.render('platform.appwithinminutes.classEditorDateFieldName')</title>
  <comment/>
  <minorEdit>false</minorEdit>
  <syntaxId>xwiki/2.0</syntaxId>
  <hidden>true</hidden>
  <content>{{velocity}}
{{html clean="false"}}
##
## This is a custom displayer used by Date properties. Since 4.3M2 this is the default Date displayer so there is no
## need to use it on new Date properties. We have to keep it because there may be old Date properties that are still using it.
##
#set($field = $object.getxWikiClass().get($name))
#set($format = $field.getProperty('dateFormat').value)
#set($formattedValue = $escapetool.xml($datetool.format($format, $value)))
#if($type == 'edit')
  ## A simple date picker widget.
  #set($discard = $xwiki.ssfx.use('uicomponents/widgets/datepicker/calendarDateSelect.css', true))
  #set($discard = $xwiki.jsfx.use('uicomponents/widgets/datepicker/calendarDateSelect.js', true))
  ## Used to parse and serialize the selected date using the date format specified in the XClass.
  #set($discard = $xwiki.jsfx.use('uicomponents/widgets/datepicker/simpleDateFormat.js', true))
  ## A wrapper over the CalendarDateSelect widget that uses the SimpleDateFormat to parse/serialize the dates.
  #set($discard = $xwiki.jsfx.use('uicomponents/widgets/datepicker/dateTimePicker.js'))
  #set($id = $escapetool.xml("${prefix}${name}"))
  &lt;input type="text" id="$!id" name="$!id" class="datetime t$!value.time" value="$!formattedValue" title="$!escapetool.xml($format)"/&gt;
#else
  $!formattedValue
#end
{{/html}}
{{/velocity}}</content>
  <class>
    <name>AppWithinMinutes.Date</name>
    <customClass/>
    <customMapping/>
    <defaultViewSheet/>
    <defaultEditSheet/>
    <defaultWeb/>
    <nameField/>
    <validationScript/>
    <date>
      <customDisplay>{{include reference="AppWithinMinutes.DateDisplayer" /}}</customDisplay>
      <dateFormat>dd/MM/yyyy HH:mm:ss</dateFormat>
      <disabled>0</disabled>
      <emptyIsToday>1</emptyIsToday>
      <name>date</name>
      <number>1</number>
      <picker>1</picker>
      <prettyName>Date</prettyName>
      <size>20</size>
      <unmodifiable>0</unmodifiable>
      <validationMessage/>
      <validationRegExp/>
      <classType>com.xpn.xwiki.objects.classes.DateClass</classType>
    </date>
  </class>
  <object>
    <name>AppWithinMinutes.Date</name>
    <number>0</number>
    <className>AppWithinMinutes.FormFieldClass</className>
    <guid>d62ccf69-1aca-4675-bb43-16b8b78a3bd9</guid>
    <class>
      <name>AppWithinMinutes.FormFieldClass</name>
      <customClass/>
      <customMapping/>
      <defaultViewSheet/>
      <defaultEditSheet/>
      <defaultWeb/>
      <nameField/>
      <validationScript/>
      <category>
        <cache>0</cache>
        <classname>AppWithinMinutes.FormFieldCategoryClass</classname>
        <customDisplay/>
        <disabled>0</disabled>
        <displayType>select</displayType>
        <idField/>
        <multiSelect>0</multiSelect>
        <name>category</name>
        <number>2</number>
        <picker>0</picker>
        <prettyName>Category</prettyName>
        <relationalStorage>0</relationalStorage>
        <separator> </separator>
        <separators/>
        <size>1</size>
        <sort>none</sort>
        <sql/>
        <unmodifiable>0</unmodifiable>
        <validationMessage/>
        <validationRegExp/>
        <valueField/>
        <classType>com.xpn.xwiki.objects.classes.DBListClass</classType>
      </category>
      <icon>
        <customDisplay/>
        <disabled>0</disabled>
        <name>icon</name>
        <number>2</number>
        <picker>0</picker>
        <prettyName>Icon</prettyName>
        <size>30</size>
        <unmodifiable>0</unmodifiable>
        <validationMessage/>
        <validationRegExp/>
        <classType>com.xpn.xwiki.objects.classes.StringClass</classType>
      </icon>
      <priority>
        <customDisplay/>
        <disabled>0</disabled>
        <name>priority</name>
        <number>3</number>
        <numberType>long</numberType>
        <prettyName>Priority</prettyName>
        <size>30</size>
        <unmodifiable>0</unmodifiable>
        <validationMessage/>
        <validationRegExp/>
        <classType>com.xpn.xwiki.objects.classes.NumberClass</classType>
      </priority>
      <properties>
        <customDisplay/>
        <disabled>0</disabled>
        <name>properties</name>
        <number>5</number>
        <picker>0</picker>
        <prettyName>Properties</prettyName>
        <size>30</size>
        <unmodifiable>0</unmodifiable>
        <validationMessage/>
        <validationRegExp/>
        <classType>com.xpn.xwiki.objects.classes.StringClass</classType>
      </properties>
    </class>
    <property>
      <category>AppWithinMinutes.Pickers</category>
    </property>
    <property>
      <icon>icons/datamodel/calendar.png</icon>
    </property>
    <property>
      <priority>0</priority>
    </property>
    <property>
      <properties>emptyIsToday dateFormat</properties>
    </property>
  </object>
</xwikidoc>
