<?xml version="1.0" encoding="UTF-8"?>

<!--
 * See the NOTICE file distributed with this work for additional
 * information regarding copyright ownership.
 *
 * This is free software; you can redistribute it and/or modify it
 * under the terms of the GNU Lesser General Public License as
 * published by the Free Software Foundation; either version 2.1 of
 * the License, or (at your option) any later version.
 *
 * This software is distributed in the hope that it will be useful,
 * but WITHOUT ANY WARRANTY; without even the implied warranty of
 * MERCHANTABILITY or FITNESS FOR A PARTICULAR PURPOSE. See the GNU
 * Lesser General Public License for more details.
 *
 * You should have received a copy of the GNU Lesser General Public
 * License along with this software; if not, write to the Free
 * Software Foundation, Inc., 51 Franklin St, Fifth Floor, Boston, MA
 * 02110-1301 USA, or see the FSF site: http://www.fsf.org.
-->

<xwikidoc version="1.1">
  <web>AppWithinMinutes</web>
  <name>Groups</name>
  <language/>
  <defaultLanguage/>
  <translation>0</translation>
  <creator>xwiki:XWiki.Admin</creator>
  <creationDate>1319403311000</creationDate>
  <parent>AppWithinMinutes.FormFieldClass</parent>
  <author>xwiki:XWiki.Admin</author>
  <contentAuthor>xwiki:XWiki.Admin</contentAuthor>
  <date>1319488509000</date>
  <contentUpdateDate>1319488509000</contentUpdateDate>
  <version>1.1</version>
  <title>$services.localization.render('platform.appwithinminutes.classEditorGroupsFieldName')</title>
  <comment/>
  <minorEdit>false</minorEdit>
  <syntaxId>xwiki/2.0</syntaxId>
  <hidden>true</hidden>
  <content/>
  <class>
    <name>AppWithinMinutes.Groups</name>
    <customClass/>
    <customMapping/>
    <defaultViewSheet/>
    <defaultEditSheet/>
    <defaultWeb/>
    <nameField/>
    <validationScript/>
    <group>
      <cache>0</cache>
      <customDisplay/>
      <disabled>0</disabled>
      <displayType>select</displayType>
      <multiSelect>0</multiSelect>
      <name>group</name>
      <number>1</number>
      <picker>0</picker>
      <prettyName>Group</prettyName>
      <relationalStorage>0</relationalStorage>
      <separator> </separator>
      <separators/>
      <size>6</size>
      <sort>none</sort>
      <unmodifiable>0</unmodifiable>
      <usesList>1</usesList>
      <validationMessage/>
      <validationRegExp/>
      <classType>com.xpn.xwiki.objects.classes.GroupsClass</classType>
    </group>
  </class>
  <object>
    <name>AppWithinMinutes.Groups</name>
    <number>0</number>
    <className>AppWithinMinutes.FormFieldClass</className>
    <guid>4f69d668-42bd-4b29-9bd2-6e88bd6a675c</guid>
    <class>
      <name>AppWithinMinutes.FormFieldClass</name>
      <customClass/>
      <customMapping/>
      <defaultViewSheet/>
      <defaultEditSheet/>
      <defaultWeb/>
      <nameField/>
      <validationScript/>
      <category>
        <cache>0</cache>
        <classname>AppWithinMinutes.FormFieldCategoryClass</classname>
        <customDisplay/>
        <disabled>0</disabled>
        <displayType>select</displayType>
        <idField/>
        <multiSelect>0</multiSelect>
        <name>category</name>
        <number>2</number>
        <picker>0</picker>
        <prettyName>Category</prettyName>
        <relationalStorage>0</relationalStorage>
        <separator> </separator>
        <separators/>
        <size>1</size>
        <sort>none</sort>
        <sql/>
        <unmodifiable>0</unmodifiable>
        <validationMessage/>
        <validationRegExp/>
        <valueField/>
        <classType>com.xpn.xwiki.objects.classes.DBListClass</classType>
      </category>
      <icon>
        <customDisplay/>
        <disabled>0</disabled>
        <name>icon</name>
        <number>2</number>
        <picker>0</picker>
        <prettyName>Icon</prettyName>
        <size>30</size>
        <unmodifiable>0</unmodifiable>
        <validationMessage/>
        <validationRegExp/>
        <classType>com.xpn.xwiki.objects.classes.StringClass</classType>
      </icon>
      <priority>
        <customDisplay/>
        <disabled>0</disabled>
        <name>priority</name>
        <number>3</number>
        <numberType>long</numberType>
        <prettyName>Priority</prettyName>
        <size>30</size>
        <unmodifiable>0</unmodifiable>
        <validationMessage/>
        <validationRegExp/>
        <classType>com.xpn.xwiki.objects.classes.NumberClass</classType>
      </priority>
      <properties>
        <customDisplay/>
        <disabled>0</disabled>
        <name>properties</name>
        <number>5</number>
        <picker>0</picker>
        <prettyName>Properties</prettyName>
        <size>30</size>
        <unmodifiable>0</unmodifiable>
        <validationMessage/>
        <validationRegExp/>
        <classType>com.xpn.xwiki.objects.classes.StringClass</classType>
      </properties>
    </class>
    <property>
      <category>AppWithinMinutes.Pickers</category>
    </property>
    <property>
      <icon>icons/datamodel/groups.png</icon>
    </property>
    <property>
      <priority>2</priority>
    </property>
    <property>
      <properties>multiSelect</properties>
    </property>
  </object>
</xwikidoc>
