<?xml version="1.0" encoding="UTF-8"?>

<!--
 * See the NOTICE file distributed with this work for additional
 * information regarding copyright ownership.
 *
 * This is free software; you can redistribute it and/or modify it
 * under the terms of the GNU Lesser General Public License as
 * published by the Free Software Foundation; either version 2.1 of
 * the License, or (at your option) any later version.
 *
 * This software is distributed in the hope that it will be useful,
 * but WITHOUT ANY WARRANTY; without even the implied warranty of
 * MERCHANTABILITY or FITNESS FOR A PARTICULAR PURPOSE. See the GNU
 * Lesser General Public License for more details.
 *
 * You should have received a copy of the GNU Lesser General Public
 * License along with this software; if not, write to the Free
 * Software Foundation, Inc., 51 Franklin St, Fifth Floor, Boston, MA
 * 02110-1301 USA, or see the FSF site: http://www.fsf.org.
-->

<xwikidoc>
  <web>XAppCode</web>
  <name>ImportAppCode</name>
  <language/>
  <defaultLanguage/>
  <translation>0</translation>
  <parent>XAppCode.WebHome</parent>
  <creator>xwiki:XWiki.Admin</creator>
  <author>xwiki:XWiki.Admin</author>
  <customClass/>
  <contentAuthor>xwiki:XWiki.Admin</contentAuthor>
  <creationDate>1192218584000</creationDate>
  <date>1204111366000</date>
  <contentUpdateDate>1205423816000</contentUpdateDate>
  <version>1.1</version>
  <title/>
  <template/>
  <defaultTemplate/>
  <validationScript/>
  <comment/>
  <minorEdit>false</minorEdit>
  <syntaxId>xwiki/1.0</syntaxId>
  <hidden>true</hidden>
  <content>#if($action &amp;&amp; $action == "import")
  #set($result = $AppManager.importApplication($packagename))
  #if ($result == $Exception.ERROR_NOERROR)
    #info($services.localization.render('xapp.successimportapp', [$packagename]))
  #elseif ($result == $Exception.ERROR_XWIKI_ACCESS_DENIED)
    #error($services.localization.render('notallowed'))
  #else
    #error($services.localization.render('xapp.errorimportapp', [$packagename, $result]))
  #end
#end
</content>
</xwikidoc>
