<?xml version="1.0" encoding="UTF-8"?>

<!--
 * See the NOTICE file distributed with this work for additional
 * information regarding copyright ownership.
 *
 * This is free software; you can redistribute it and/or modify it
 * under the terms of the GNU Lesser General Public License as
 * published by the Free Software Foundation; either version 2.1 of
 * the License, or (at your option) any later version.
 *
 * This software is distributed in the hope that it will be useful,
 * but WITHOUT ANY WARRANTY; without even the implied warranty of
 * MERCHANTABILITY or FITNESS FOR A PARTICULAR PURPOSE. See the GNU
 * Lesser General Public License for more details.
 *
 * You should have received a copy of the GNU Lesser General Public
 * License along with this software; if not, write to the Free
 * Software Foundation, Inc., 51 Franklin St, Fifth Floor, Boston, MA
 * 02110-1301 USA, or see the FSF site: http://www.fsf.org.
-->

<xwikidoc>
  <web>XAppResources</web>
  <name>Translations</name>
  <language>es</language>
  <defaultLanguage>en</defaultLanguage>
  <translation>1</translation>
  <parent>XAppResources.WebHome</parent>
  <creator>xwiki:XWiki.Admin</creator>
  <author>xwiki:XWiki.Admin</author>
  <customClass/>
  <contentAuthor>xwiki:XWiki.Admin</contentAuthor>
  <creationDate>1192218584000</creationDate>
  <date>1357298547000</date>
  <contentUpdateDate>1357298544000</contentUpdateDate>
  <version>1.1</version>
  <title/>
  <template/>
  <defaultTemplate/>
  <validationScript/>
  <comment/>
  <minorEdit>false</minorEdit>
  <syntaxId>plain/1.0</syntaxId>
  <hidden>true</hidden>
  <content>## XWiki Translation for language es generated from http://www.l10n.xwiki.org
xapp.action.exportnonrecurse=Exportar (no recursivo)
xapp.action.exportrecurse=Exportar
xapp.action.reloadapp=Recargar
xapp.answer.deleteapp.msg=¿Está seguro(a) que quiere borrar la apliación "{0}"?
xapp.answer.deleteapp.title=Borrar aplicación "{0}"
xapp.answer.exportapp.recursive=Recursiva
xapp.answer.exportapp.title=Exportar aplicación "{0}"
xapp.answer.exportapp.withdetails=Con historial
xapp.appmanager=Administrador de aplicaciones
xapp.appname=Nombre de aplicación
xapp.availablefilestoimport=Ficheros disponibles para importar
xapp.createapplication=Crear nueva aplicación
xapp.description=Descripción
xapp.docname=Nombre del documento
xapp.errorcreateapp=Se ha producido un error creando la aplicación "{0}" (código "{1}").
xapp.errorcreateapp.ERROR_AM_APPDOCALREADYEXISTS=Ya existe la aplicación "{0}". Escoja otro nombre.
xapp.errordeleteapp=Se ha producido un error borrando la aplicación "{0}" (código "{1}").
xapp.errorexportapp=Se ha producido un error exportando la aplicación "{0}" (código "{1}").
xapp.errorimportapp=Se ha producido un error importando el paquete de aplicación "{0}" (código "{1}").
xapp.errorreloadapp=Se ha producido un error recargando la aplicación "{0}" (código "{1}").
xapp.legend.application=Aplicación
xapp.legend.validate=Validar
xapp.pluginnotenabled=El plugin APplication Manager no esta habilitado. Asegurese que &lt;tt&gt;com.xpn.xwiki.plugin.applicationmanager.ApplicationManagerPlugin&lt;/tt&gt; aparece en la lista de &lt;tt&gt;xwiki.plugins&lt;/tt&gt; en el fichero 
xapp.successcreateapp=Creada la aplicación "{0}". Puede acceder a ella en [{1}].
xapp.successdeleteapp=Se ha borrado la aplicación "{0}" con éxito.
xapp.successexportapp=Se ha exportado la aplicación "{0}" con éxito.
xapp.successimportapp=Se ha importado el paquete de aplicación "{0}" con éxito.
xapp.successreloadapp=Se ha recargado la aplicación "{0}" con éxito.
xapp.totalnumberofapp=Número total de aplicaciones
</content>
</xwikidoc>
