<?xml version="1.0" encoding="UTF-8"?>

<!--
 * See the NOTICE file distributed with this work for additional
 * information regarding copyright ownership.
 *
 * This is free software; you can redistribute it and/or modify it
 * under the terms of the GNU Lesser General Public License as
 * published by the Free Software Foundation; either version 2.1 of
 * the License, or (at your option) any later version.
 *
 * This software is distributed in the hope that it will be useful,
 * but WITHOUT ANY WARRANTY; without even the implied warranty of
 * MERCHANTABILITY or FITNESS FOR A PARTICULAR PURPOSE. See the GNU
 * Lesser General Public License for more details.
 *
 * You should have received a copy of the GNU Lesser General Public
 * License along with this software; if not, write to the Free
 * Software Foundation, Inc., 51 Franklin St, Fifth Floor, Boston, MA
 * 02110-1301 USA, or see the FSF site: http://www.fsf.org.
-->

<xwikidoc version="1.2" reference="XWiki.TemplateProviderSheet" locale="">
  <web>XWiki</web>
  <name>TemplateProviderSheet</name>
  <language/>
  <defaultLanguage/>
  <translation>0</translation>
  <creator>xwiki:XWiki.Admin</creator>
  <creationDate>1377515110000</creationDate>
  <parent>XWiki.TemplateProviderClass</parent>
  <author>xwiki:XWiki.Admin</author>
  <contentAuthor>xwiki:XWiki.Admin</contentAuthor>
  <date>1378402239000</date>
  <contentUpdateDate>1378401463000</contentUpdateDate>
  <version>1.1</version>
  <title/>
  <comment/>
  <minorEdit>false</minorEdit>
  <syntaxId>xwiki/2.1</syntaxId>
  <hidden>true</hidden>
  <content>{{include reference="XWiki.TemplateProviderMacros" /}}

{{velocity output="false"}}
#macro (initializeTemplateProvider)
  #if ($doc.name.endsWith('Provider'))
    #set ($discard = $doc.set('template', $stringtool.removeEnd($doc.fullName, 'Provider').trim()))
    #set ($templateName = $stringtool.removeEnd($doc.name, 'Provider').trim())
    #set ($templateName = $stringtool.join($stringtool.splitByCharacterTypeCamelCase($templateName), ' '))
    #set ($templateName = $templateName.replaceAll('\s+', ' '))
    #set ($discard = $doc.set('name', $templateName))
  #end
#end
{{/velocity}}

{{velocity}}
{{html clean="false"}}
#set ($discard = $xwiki.ssx.use('XWiki.TemplateProviderMacros'))
#set ($discard = $xwiki.jsx.use('XWiki.TemplateProviderMacros'))
#set ($discard = $doc.use('XWiki.TemplateProviderClass'))
#if ($doc.isNew())
  #initializeTemplateProvider
#end
&lt;div class="xform row templateProviderSheet"&gt;
  ##
  ## Left side
  ##
  &lt;div class="col-xs-12 col-md-6"&gt;
    &lt;dl&gt;
      ##
      ## Template Provider Title
      ##
      #if ($isEditing)
        &lt;dt&gt;
          &lt;label for="title"&gt;
            $escapetool.xml($services.localization.render('xe.templateprovider.name'))
          &lt;/label&gt;
        &lt;/dt&gt;
        &lt;dd&gt;
          &lt;input type="text" value="$!escapetool.xml($doc.title)" name="title" id="title" /&gt;
        &lt;/dd&gt;
      #end
      ##
      ## Template Name
      ##
      &lt;dt&gt;
        &lt;label#if ($isEditing) for="XWiki.TemplateProviderClass_0_name"#end&gt;
          $escapetool.xml($services.localization.render('xe.templateprovider.templatename'))
        &lt;/label&gt;
        #if ($isEditing)
          &lt;span class="xHint"&gt;
            $escapetool.xml($services.localization.render('xe.templateprovider.templatename.info'))
          &lt;/span&gt;
        #end
      &lt;/dt&gt;
      &lt;dd&gt;
        #if ($isEditing)
          #displayPropertyValue('name')
        #else
          $!escapetool.xml($services.localization.render($doc.getValue('name')))
        #end
      &lt;/dd&gt;
      ##
      ## Template Description
      ##
      &lt;dt&gt;
        &lt;label#if ($isEditing) for="XWiki.TemplateProviderClass_0_description"#end&gt;
          $escapetool.xml($services.localization.render('administration.templateProvider.description'))
        &lt;/label&gt;
        #if ($isEditing)
          &lt;span class="xHint"&gt;
            $services.localization.render('administration.templateProvider.description.hint')
          &lt;/span&gt;
        #end
      &lt;/dt&gt;
      &lt;dd&gt;
        #if ($isEditing)
          #displayPropertyValue('description')
        #else
          $!escapetool.xml($services.localization.render($doc.getValue('description')))
        #end
      &lt;/dd&gt;
      ##
      ## Template Icon
      ##
      &lt;dt&gt;
        &lt;label#if($isEditing) for="XWiki.TemplateProviderClass_0_icon"#end&gt;
          $escapetool.xml($services.localization.render('administration.templateProvider.icon'))
        &lt;/label&gt;
        #if ($isEditing)
          &lt;span class="xHint"&gt;
            $services.localization.render('administration.templateProvider.icon.hint', ['', ''])
          &lt;/span&gt;
        #end
      &lt;/dt&gt;
      &lt;dd&gt;
        #if ($isEditing)
          #displayPropertyValue('icon')
        #else
          $!services.icon.renderHTML($doc.getValue('icon'))
        #end
      &lt;/dd&gt;
      ##
      ## Visibility Restrictions
      ##
      &lt;dt&gt;
        &lt;label&gt;$escapetool.xml($services.localization.render('xe.templateprovider.spaces'))&lt;/label&gt;
        #if ($isEditing)
          &lt;span class="xHint"&gt;
            $escapetool.xml($services.localization.render('xe.templateprovider.spaces.info'))
          &lt;/span&gt;
        #end
      &lt;/dt&gt;
      &lt;dd&gt;
        #set ($visibilityRestrictions = $doc.getValue('visibilityRestrictions'))
        #if ($isEditing || ($visibilityRestrictions &amp;&amp; $visibilityRestrictions.size() &gt; 0))
          #displayPathsPropertyValue('visibilityRestrictions')
        #else
          $escapetool.xml($services.localization.render('xe.templateprovider.spaces.all'))
        #end
      &lt;/dd&gt;
    &lt;/dl&gt;
  &lt;/div&gt;
  ##
  ## Right side
  ##
  &lt;div class="col-xs-12 col-md-6"&gt;
    &lt;dl&gt;
      ##
      ## Template Reference
      ##
      &lt;dt&gt;
        &lt;label#if ($isEditing) for="XWiki.TemplateProviderClass_0_template"#end&gt;
          $escapetool.xml($services.localization.render('xe.templateprovider.template'))
        &lt;/label&gt;
      &lt;/dt&gt;
      &lt;dd&gt;
        #set ($template = $doc.getValue('template'))
        #if ($isEditing)
          &lt;input type="text" id="XWiki.TemplateProviderClass_0_template" name="XWiki.TemplateProviderClass_0_template"
            class="suggestDocuments" autocomplete="off" value="$!escapetool.xml($template)" /&gt;
        #elseif ("$!template" != '')
          #set ($templateReference = $services.model.resolveDocument($template))
          #hierarchy($templateReference {
            'local': true,
            'selfIsActive': false
          })
        #end
      &lt;/dd&gt;
      ##
      ## Creation Restrictions
      ##
      &lt;dt&gt;
        &lt;label&gt;
          $escapetool.xml($services.localization.render('administration.templateProvider.creationRestrictions'))
        &lt;/label&gt;
        #if ($isEditing)
          &lt;span class="xHint"&gt;
            $services.localization.render('administration.templateProvider.creationRestrictions.hint')
          &lt;/span&gt;
        #end
      &lt;/dt&gt;
      &lt;dd&gt;
        #set ($creationRestrictions = $doc.getValue('creationRestrictions'))
        #if ($isEditing || ($creationRestrictions &amp;&amp; $creationRestrictions.size() &gt; 0))
          #displayPathsPropertyValue('creationRestrictions')
        #else
          $escapetool.xml($services.localization.render('administration.templateProvider.creationRestrictions.none'))
        #end
      &lt;/dd&gt;
      ##
      ## Creation Restrictions As Suggestions
      ##
      &lt;dt&gt;
        &lt;label&gt;
          #if ($isEditing)
            #displayPropertyValue('creationRestrictionsAreSuggestions')
          #end
          $escapetool.xml($services.localization.render('administration.templateProvider.creationRestrictionsAreSuggestions'))
        &lt;/label&gt;
        #if ($isEditing)
          &lt;span class="xHint"&gt;
            $services.localization.render('administration.templateProvider.creationRestrictionsAreSuggestions.hint')
          &lt;/span&gt;
        #end
      &lt;/dt&gt;
      &lt;dd&gt;
        #if (!$isEditing)
          #displayPropertyValue('creationRestrictionsAreSuggestions')
        #end
      &lt;/dd&gt;
      ##
      ## Terminal page creation - Advanced user (both view and edit mode)
      ##
      #if ($isAdvancedUser || $isSuperAdmin)
        &lt;dt&gt;
          &lt;label#if ($isEditing) for="XWiki.TemplateProviderClass_0_terminal"#end&gt;
            $escapetool.xml($services.localization.render('xe.templateprovider.terminal'))
          &lt;/label&gt;
          #if ($isEditing)
            &lt;span class="xHint"&gt;
              $escapetool.xml($services.localization.render('xe.templateprovider.terminal.hint'))
            &lt;/span&gt;
          #end
        &lt;/dt&gt;
        &lt;dd&gt;#displayPropertyValue('terminal')&lt;/dd&gt;
      #else
        &lt;dd&gt;#displayPropertyValue('terminal' 'hidden')&lt;/dd&gt;
      #end
      ##
      ## Action
      ##
      &lt;dt&gt;
        &lt;label#if ($isEditing) for="XWiki.TemplateProviderClass_0_action"#end&gt;
          $escapetool.xml($services.localization.render('xe.templateprovider.action'))
        &lt;/label&gt;
        #if ($isEditing)
          &lt;span class="xHint"&gt;
            $escapetool.xml($services.localization.render('xe.templateprovider.action.info'))
          &lt;/span&gt;
        #end
      &lt;/dt&gt;
      &lt;dd&gt;#displayPropertyValue('action')&lt;/dd&gt;
    &lt;/dl&gt;
  &lt;/div&gt;
  #locationPickerModal
&lt;/div&gt;
{{/html}}

{{iconPicker id="XWiki\\.TemplateProviderClass_0_icon" prefix="" /}}

##
## Go back to the administration
##
#if (!$isEditing)
  (% class="buttonwrapper" %)
  [[{{translation key="xe.templateprovider.backtoadmin"/}}&gt;&gt;path:$xwiki.getURL($services.model.createDocumentReference('', 'XWiki', 'XWikiPreferences'), 'admin', 'section=Templates')]]
#end
{{/velocity}}</content>
</xwikidoc>
