<?xml version="1.0" encoding="UTF-8"?>

<!--
 * See the NOTICE file distributed with this work for additional
 * information regarding copyright ownership.
 *
 * This is free software; you can redistribute it and/or modify it
 * under the terms of the GNU Lesser General Public License as
 * published by the Free Software Foundation; either version 2.1 of
 * the License, or (at your option) any later version.
 *
 * This software is distributed in the hope that it will be useful,
 * but WITHOUT ANY WARRANTY; without even the implied warranty of
 * MERCHANTABILITY or FITNESS FOR A PARTICULAR PURPOSE. See the GNU
 * Lesser General Public License for more details.
 *
 * You should have received a copy of the GNU Lesser General Public
 * License along with this software; if not, write to the Free
 * Software Foundation, Inc., 51 Franklin St, Fifth Floor, Boston, MA
 * 02110-1301 USA, or see the FSF site: http://www.fsf.org.
-->

<xwikidoc version="1.1">
  <web>Blog</web>
  <name>BlogPostClass</name>
  <language/>
  <defaultLanguage/>
  <translation>0</translation>
  <creator>xwiki:XWiki.Admin</creator>
  <creationDate>1226012252000</creationDate>
  <parent>Blog.WebHome</parent>
  <author>xwiki:XWiki.Admin</author>
  <contentAuthor>xwiki:XWiki.Admin</contentAuthor>
  <date>1226817866000</date>
  <contentUpdateDate>1226817866000</contentUpdateDate>
  <version>1.1</version>
  <title>XClass representing a blog entry</title>
  <comment/>
  <minorEdit>false</minorEdit>
  <syntaxId>xwiki/2.0</syntaxId>
  <hidden>true</hidden>
  <content/>
  <class>
    <name>Blog.BlogPostClass</name>
    <customClass/>
    <customMapping/>
    <defaultViewSheet/>
    <defaultEditSheet/>
    <defaultWeb/>
    <nameField/>
    <validationScript/>
    <category>
      <cache>0</cache>
      <classname>Blog.CategoryClass</classname>
      <customDisplay/>
      <disabled>0</disabled>
      <displayType>checkbox</displayType>
      <idField>doc.fullName</idField>
      <multiSelect>1</multiSelect>
      <name>category</name>
      <number>4</number>
      <parentField>doc.parent</parentField>
      <picker>0</picker>
      <prettyName>Category</prettyName>
      <relationalStorage>1</relationalStorage>
      <separator>, </separator>
      <separators/>
      <size>1</size>
      <sort>value</sort>
      <sql>select doc.name from XWikiDocument doc, BaseObject as obj where doc.fullName = obj.name and obj.className = 'Blog.CategoryClass' and  doc.fullName not in ('Blog.CategoryTemplate', 'Blog.Categories')</sql>
      <tooltip/>
      <unmodifiable>0</unmodifiable>
      <validationMessage/>
      <validationRegExp/>
      <valueField>name</valueField>
      <classType>com.xpn.xwiki.objects.classes.DBTreeListClass</classType>
    </category>
    <content>
      <contenttype>FullyRenderedText</contenttype>
      <customDisplay/>
      <disabled>0</disabled>
      <editor>---</editor>
      <name>content</name>
      <number>2</number>
      <picker>0</picker>
      <prettyName>Content</prettyName>
      <rows>20</rows>
      <size>80</size>
      <tooltip/>
      <unmodifiable>0</unmodifiable>
      <validationMessage/>
      <validationRegExp/>
      <classType>com.xpn.xwiki.objects.classes.TextAreaClass</classType>
    </content>
    <extract>
      <contenttype>FullyRenderedText</contenttype>
      <customDisplay/>
      <disabled>0</disabled>
      <editor>---</editor>
      <name>extract</name>
      <number>3</number>
      <picker>0</picker>
      <prettyName>Extract</prettyName>
      <rows>10</rows>
      <size>80</size>
      <tooltip/>
      <unmodifiable>0</unmodifiable>
      <validationMessage/>
      <validationRegExp/>
      <classType>com.xpn.xwiki.objects.classes.TextAreaClass</classType>
    </extract>
    <hidden>
      <customDisplay/>
      <defaultValue>0</defaultValue>
      <disabled>0</disabled>
      <displayFormType>checkbox</displayFormType>
      <displayType/>
      <name>hidden</name>
      <number>5</number>
      <prettyName>Is hidden</prettyName>
      <tooltip/>
      <unmodifiable>0</unmodifiable>
      <validationMessage/>
      <validationRegExp/>
      <classType>com.xpn.xwiki.objects.classes.BooleanClass</classType>
    </hidden>
    <publishDate>
      <customDisplay/>
      <dateFormat>dd/MM/yyyy HH:mm:ss</dateFormat>
      <disabled>0</disabled>
      <emptyIsToday>1</emptyIsToday>
      <name>publishDate</name>
      <number>7</number>
      <picker>1</picker>
      <prettyName>Publish date</prettyName>
      <size>20</size>
      <tooltip/>
      <unmodifiable>0</unmodifiable>
      <validationMessage/>
      <validationRegExp/>
      <classType>com.xpn.xwiki.objects.classes.DateClass</classType>
    </publishDate>
    <published>
      <customDisplay/>
      <defaultValue>0</defaultValue>
      <disabled>0</disabled>
      <displayFormType>checkbox</displayFormType>
      <displayType/>
      <name>published</name>
      <number>6</number>
      <prettyName>Is published</prettyName>
      <tooltip/>
      <unmodifiable>0</unmodifiable>
      <validationMessage/>
      <validationRegExp/>
      <classType>com.xpn.xwiki.objects.classes.BooleanClass</classType>
    </published>
    <title>
      <customDisplay/>
      <disabled>0</disabled>
      <name>title</name>
      <number>1</number>
      <picker>0</picker>
      <prettyName>Title</prettyName>
      <size>80</size>
      <tooltip/>
      <unmodifiable>0</unmodifiable>
      <validationMessage/>
      <validationRegExp/>
      <classType>com.xpn.xwiki.objects.classes.StringClass</classType>
    </title>
  </class>
  <object>
    <name>Blog.BlogPostClass</name>
    <number>0</number>
    <className>XWiki.ClassSheetBinding</className>
    <guid>5795f13f-bb79-4538-8738-0aa26ecd3ba8</guid>
    <class>
      <name>XWiki.ClassSheetBinding</name>
      <customClass/>
      <customMapping/>
      <defaultViewSheet/>
      <defaultEditSheet/>
      <defaultWeb/>
      <nameField/>
      <validationScript/>
      <sheet>
        <customDisplay/>
        <disabled>0</disabled>
        <name>sheet</name>
        <number>1</number>
        <picker>0</picker>
        <prettyName>Sheet</prettyName>
        <size>30</size>
        <unmodifiable>0</unmodifiable>
        <validationMessage/>
        <validationRegExp/>
        <classType>com.xpn.xwiki.objects.classes.StringClass</classType>
      </sheet>
    </class>
    <property>
      <sheet>BlogPostSheet</sheet>
    </property>
  </object>
  <object>
    <name>Blog.BlogPostClass</name>
    <number>0</number>
    <className>XWiki.DocumentSheetBinding</className>
    <guid>b34d1716-ddb7-4be5-bf98-04b0c729f3c6</guid>
    <class>
      <name>XWiki.DocumentSheetBinding</name>
      <customClass/>
      <customMapping/>
      <defaultViewSheet/>
      <defaultEditSheet/>
      <defaultWeb/>
      <nameField/>
      <validationScript/>
      <sheet>
        <customDisplay/>
        <disabled>0</disabled>
        <name>sheet</name>
        <number>1</number>
        <picker>0</picker>
        <prettyName>Sheet</prettyName>
        <size>30</size>
        <unmodifiable>0</unmodifiable>
        <validationMessage/>
        <validationRegExp/>
        <classType>com.xpn.xwiki.objects.classes.StringClass</classType>
      </sheet>
    </class>
    <property>
      <sheet>XWiki.ClassSheet</sheet>
    </property>
  </object>
</xwikidoc>
