<?xml version="1.0" encoding="UTF-8"?>

<!--
 * See the NOTICE file distributed with this work for additional
 * information regarding copyright ownership.
 *
 * This is free software; you can redistribute it and/or modify it
 * under the terms of the GNU Lesser General Public License as
 * published by the Free Software Foundation; either version 2.1 of
 * the License, or (at your option) any later version.
 *
 * This software is distributed in the hope that it will be useful,
 * but WITHOUT ANY WARRANTY; without even the implied warranty of
 * MERCHANTABILITY or FITNESS FOR A PARTICULAR PURPOSE. See the GNU
 * Lesser General Public License for more details.
 *
 * You should have received a copy of the GNU Lesser General Public
 * License along with this software; if not, write to the Free
 * Software Foundation, Inc., 51 Franklin St, Fifth Floor, Boston, MA
 * 02110-1301 USA, or see the FSF site: http://www.fsf.org.
-->

<xwikidoc>
  <web>AnnotationCode</web>
  <name>Translations</name>
  <language>fr</language>
  <defaultLanguage>en</defaultLanguage>
  <translation>1</translation>
  <parent>AnnotationCode.WebHome</parent>
  <creator>xwiki:XWiki.Admin</creator>
  <author>xwiki:XWiki.Admin</author>
  <customClass/>
  <contentAuthor>xwiki:XWiki.Admin</contentAuthor>
  <creationDate>1264862667000</creationDate>
  <date>1271949711000</date>
  <contentUpdateDate>1271949711000</contentUpdateDate>
  <version>1.1</version>
  <title/>
  <template/>
  <defaultTemplate/>
  <validationScript/>
  <comment/>
  <minorEdit>false</minorEdit>
  <syntaxId>plain/1.0</syntaxId>
  <hidden>true</hidden>
  <content>## XWiki Translation for language fr generated from http://www.l10n.xwiki.org
AnnotationCode.AnnotationConfig_activated=Les annotations sont activées
AnnotationCode.AnnotationConfig_annotationClass=Classe XWiki définissant la structure des annotations
AnnotationCode.AnnotationConfig_displayHighlight=Par défaut, surligner le texte annoté
AnnotationCode.AnnotationConfig_displayed=Par défaut, afficher les annotations
AnnotationCode.AnnotationConfig_exceptionSpaces=Sauf pour les espaces suivants
admin.annotations=Annotations
annotations.action.create.cancel.text=Annuler
annotations.action.create.error.notarget=L'annotation n'est associée à aucun document.
annotations.action.create.error.unauthorized=Vous n'êtes pas autorisés à annoter ce document.
annotations.action.create.error.unauthorizedguest=Vous n'êtes pas autorisés à annoter ce document. Commencez par vous identifier.
annotations.action.create.error.wrongsyntax=Les annotations ne sont pas disponibles pour les documents rédigés en syntaxe XWiki 1.0.
annotations.action.create.form.loaderror=Erreur \:
annotations.action.create.helpmessage=Pour annoter une portion de texte, sélectionnez-la puis appuyez sur {0}.
annotations.action.create.loaderror=Erreur \:
annotations.action.create.selection.invalid=Merci de sélectionner du texte dans le corps du document.
annotations.action.create.submit.text=Ajouter l'annotation
annotations.action.create.success=L'annotation a été ajoutée avec succès
annotations.action.delete.confirm=Etes-vous certain de vouloir supprimer cette annotation ?
annotations.action.delete.done=Annotation supprimée
annotations.action.delete.failed=Impossible de supprimer l'annotation \:
annotations.action.delete.inProgress=Suppression de l'annotation...
annotations.action.delete.text=[Supprimer]
annotations.action.delete.tooltip=Supprimer l'annotation
annotations.action.edit.cancel.text=Annuler
annotations.action.edit.error.notfound=Cette annotation n'existe plus. Merci de recharger la page.
annotations.action.edit.loaderror=Erreur \:
annotations.action.edit.submit.text=Enregistrer
annotations.action.edit.success=L'annotation a été mise à jour
annotations.action.edit.text=[Modifier]
annotations.action.edit.tooltip=Modifier cette annotation
annotations.action.validate.loaderror=Erreur \:
annotations.action.validate.success=L'annotation a été enregistrée
annotations.action.validate.text=[Enregistrer]
annotations.action.validate.tooltip=Valider la mise à jour automatique du texte sélectionné pour cette annotation
annotations.action.view.error.notfound=Cette annotation n'existe plus. Merci de recharger la page.
annotations.action.view.form.loaderror=Erreur \:
annotations.action.view.hide.text=Masquer
annotations.action.view.thread=Afficher la discussion
annotations.altered.text=Cette annotation ne peut être affichée car le texte annoté n'existe plus dans le document.
annotations.annotated.error.noannotatedelement=Impossible de charger les annotations \: leur contenu n'est pas disponible.
annotations.annotated.error.wrongsyntax=Les annotations ne sont pas disponibles pour les documents rédigés en syntaxe XWiki 1.0.
annotations.annotated.loaderror=Erreur \:
annotations.annotated.loaderror.wrongresponse=Réponse serveur mal formatée
annotations.annotated.loading=Chargement des annotations
annotations.config.activate.explanation=Les deux paramètres suivants vous permettent de configurer les espaces pour lesquels les annotations sont activées. Le premier paramètre spécifie la règle générale tandis que le second spécifie pour quels espaces la règle ne doit pas être appliquée. Par exemple, activé sur "Oui" et exception sur les espaces "XWiki" et "Main" signifie que les annotations seront actives sur tous les espaces sauf "XWiki" et "Main". A l'inverse, activé sur "Non" et exception sur l'espace "Documents" signifie que les annotations ne seront actives que dans l'espace "Documents".
annotations.config.activate.title=Paramètres d'activation des annotations
annotations.config.display.title=Paramètres d'affichage des annotations
annotations.config.title=Panneau de configuration des Annotations
annotations.config.type.explanation=Ajouter des propriétés à cette classe si vous souhaitez avoir des propriétés supplémentaires pour vos annotations.
annotations.config.type.title=Paramétrage du type d'annotation
annotations.filters.anyvalue=Toutes les valeurs
annotations.filters.clearvalue=Effacer
annotations.filters.nooption=Il n''y a aucun résultat pour le filtre "{0}"
annotations.filters.show=Affiner le critère d'affichage
annotations.menu.loaderror=Erreur \:
annotations.menu.loading=Chargement des paramètres pour les annotations
annotations.settings.display=Afficher les annotations
annotations.settings.error.notarget=Aucun document de paramétrage pour les annotations.
annotations.settings.error.wrongsyntax=Les annotations ne sont pas disponibles pour les documents en syntaxe XWiki 1.0.
annotations.tab.info.noannotations=Aucune annotation pour ce document
annotations.title=Annotations
annotations.updated.text=Cette annotation a été déplacée automatiquement en raison d'une mise à jour du document. Initialement \:
</content>
</xwikidoc>
