<?xml version="1.0" encoding="UTF-8"?>

<!--
 * See the NOTICE file distributed with this work for additional
 * information regarding copyright ownership.
 *
 * This is free software; you can redistribute it and/or modify it
 * under the terms of the GNU Lesser General Public License as
 * published by the Free Software Foundation; either version 2.1 of
 * the License, or (at your option) any later version.
 *
 * This software is distributed in the hope that it will be useful,
 * but WITHOUT ANY WARRANTY; without even the implied warranty of
 * MERCHANTABILITY or FITNESS FOR A PARTICULAR PURPOSE. See the GNU
 * Lesser General Public License for more details.
 *
 * You should have received a copy of the GNU Lesser General Public
 * License along with this software; if not, write to the Free
 * Software Foundation, Inc., 51 Franklin St, Fifth Floor, Boston, MA
 * 02110-1301 USA, or see the FSF site: http://www.fsf.org.
-->

<xwikidoc version="1.1">
  <web>Blog</web>
  <name>CategoryTemplate</name>
  <language/>
  <defaultLanguage/>
  <translation>0</translation>
  <creator>xwiki:XWiki.Admin</creator>
  <creationDate>1220442193000</creationDate>
  <parent>Blog.CategoryClass</parent>
  <author>xwiki:XWiki.Admin</author>
  <contentAuthor>xwiki:XWiki.Admin</contentAuthor>
  <date>1226817947000</date>
  <contentUpdateDate>1226817947000</contentUpdateDate>
  <version>1.1</version>
  <title>Template for blog categories</title>
  <comment/>
  <minorEdit>false</minorEdit>
  <syntaxId>xwiki/2.1</syntaxId>
  <hidden>true</hidden>
  <content/>
  <object>
    <name>Blog.CategoryTemplate</name>
    <number>0</number>
    <className>Blog.CategoryClass</className>
    <guid>bbda1bac-f20a-4599-91ad-b5395b5e4efd</guid>
    <class>
      <name>Blog.CategoryClass</name>
      <customClass/>
      <customMapping/>
      <defaultViewSheet/>
      <defaultEditSheet/>
      <defaultWeb/>
      <nameField/>
      <validationScript/>
      <description>
        <contenttype>FullyRenderedText</contenttype>
        <customDisplay/>
        <disabled>0</disabled>
        <editor>---</editor>
        <name>description</name>
        <number>2</number>
        <picker>0</picker>
        <prettyName>Description</prettyName>
        <rows>5</rows>
        <size>40</size>
        <tooltip/>
        <unmodifiable>0</unmodifiable>
        <validationMessage/>
        <validationRegExp/>
        <classType>com.xpn.xwiki.objects.classes.TextAreaClass</classType>
      </description>
      <name>
        <customDisplay/>
        <disabled>0</disabled>
        <name>name</name>
        <number>1</number>
        <picker>0</picker>
        <prettyName>Name</prettyName>
        <size>40</size>
        <tooltip/>
        <unmodifiable>0</unmodifiable>
        <validationMessage/>
        <validationRegExp/>
        <classType>com.xpn.xwiki.objects.classes.StringClass</classType>
      </name>
    </class>
    <property>
      <description>Category description</description>
    </property>
    <property>
      <name>CategoryName</name>
    </property>
  </object>
</xwikidoc>
