<?xml version="1.0" encoding="UTF-8"?>

<!--
 * See the NOTICE file distributed with this work for additional
 * information regarding copyright ownership.
 *
 * This is free software; you can redistribute it and/or modify it
 * under the terms of the GNU Lesser General Public License as
 * published by the Free Software Foundation; either version 2.1 of
 * the License, or (at your option) any later version.
 *
 * This software is distributed in the hope that it will be useful,
 * but WITHOUT ANY WARRANTY; without even the implied warranty of
 * MERCHANTABILITY or FITNESS FOR A PARTICULAR PURPOSE. See the GNU
 * Lesser General Public License for more details.
 *
 * You should have received a copy of the GNU Lesser General Public
 * License along with this software; if not, write to the Free
 * Software Foundation, Inc., 51 Franklin St, Fifth Floor, Boston, MA
 * 02110-1301 USA, or see the FSF site: http://www.fsf.org.
-->

<xwikidoc version="1.1">
  <web>Blog</web>
  <name>CategoryClass</name>
  <language/>
  <defaultLanguage/>
  <translation>0</translation>
  <creator>xwiki:XWiki.Admin</creator>
  <creationDate>1220440219000</creationDate>
  <parent>Blog.WebHome</parent>
  <author>xwiki:XWiki.Admin</author>
  <contentAuthor>xwiki:XWiki.Admin</contentAuthor>
  <date>1226817929000</date>
  <contentUpdateDate>1226817929000</contentUpdateDate>
  <version>1.1</version>
  <title>Blog Category class</title>
  <comment/>
  <minorEdit>false</minorEdit>
  <syntaxId>xwiki/2.0</syntaxId>
  <hidden>true</hidden>
  <content/>
  <class>
    <name>Blog.CategoryClass</name>
    <customClass/>
    <customMapping/>
    <defaultViewSheet/>
    <defaultEditSheet/>
    <defaultWeb/>
    <nameField/>
    <validationScript/>
    <description>
      <contenttype>FullyRenderedText</contenttype>
      <customDisplay/>
      <disabled>0</disabled>
      <editor>---</editor>
      <name>description</name>
      <number>2</number>
      <picker>0</picker>
      <prettyName>Description</prettyName>
      <rows>5</rows>
      <size>40</size>
      <tooltip/>
      <unmodifiable>0</unmodifiable>
      <validationMessage/>
      <validationRegExp/>
      <classType>com.xpn.xwiki.objects.classes.TextAreaClass</classType>
    </description>
    <name>
      <customDisplay/>
      <disabled>0</disabled>
      <name>name</name>
      <number>1</number>
      <picker>0</picker>
      <prettyName>Name</prettyName>
      <size>40</size>
      <tooltip/>
      <unmodifiable>0</unmodifiable>
      <validationMessage/>
      <validationRegExp/>
      <classType>com.xpn.xwiki.objects.classes.StringClass</classType>
    </name>
  </class>
  <object>
    <name>Blog.CategoryClass</name>
    <number>0</number>
    <className>XWiki.ClassSheetBinding</className>
    <guid>4af6b21b-c527-4975-ac65-91b29f5fe57b</guid>
    <class>
      <name>XWiki.ClassSheetBinding</name>
      <customClass/>
      <customMapping/>
      <defaultViewSheet/>
      <defaultEditSheet/>
      <defaultWeb/>
      <nameField/>
      <validationScript/>
      <sheet>
        <customDisplay/>
        <disabled>0</disabled>
        <name>sheet</name>
        <number>1</number>
        <picker>0</picker>
        <prettyName>Sheet</prettyName>
        <size>30</size>
        <unmodifiable>0</unmodifiable>
        <validationMessage/>
        <validationRegExp/>
        <classType>com.xpn.xwiki.objects.classes.StringClass</classType>
      </sheet>
    </class>
    <property>
      <sheet>CategorySheet</sheet>
    </property>
  </object>
  <object>
    <name>Blog.CategoryClass</name>
    <number>0</number>
    <className>XWiki.DocumentSheetBinding</className>
    <guid>06252eef-a9a8-48db-b285-8ff0c6a35e0b</guid>
    <class>
      <name>XWiki.DocumentSheetBinding</name>
      <customClass/>
      <customMapping/>
      <defaultViewSheet/>
      <defaultEditSheet/>
      <defaultWeb/>
      <nameField/>
      <validationScript/>
      <sheet>
        <customDisplay/>
        <disabled>0</disabled>
        <name>sheet</name>
        <number>1</number>
        <picker>0</picker>
        <prettyName>Sheet</prettyName>
        <size>30</size>
        <unmodifiable>0</unmodifiable>
        <validationMessage/>
        <validationRegExp/>
        <classType>com.xpn.xwiki.objects.classes.StringClass</classType>
      </sheet>
    </class>
    <property>
      <sheet>XWiki.ClassSheet</sheet>
    </property>
  </object>
</xwikidoc>
