<?xml version="1.0" encoding="UTF-8"?>

<!--
 * See the NOTICE file distributed with this work for additional
 * information regarding copyright ownership.
 *
 * This is free software; you can redistribute it and/or modify it
 * under the terms of the GNU Lesser General Public License as
 * published by the Free Software Foundation; either version 2.1 of
 * the License, or (at your option) any later version.
 *
 * This software is distributed in the hope that it will be useful,
 * but WITHOUT ANY WARRANTY; without even the implied warranty of
 * MERCHANTABILITY or FITNESS FOR A PARTICULAR PURPOSE. See the GNU
 * Lesser General Public License for more details.
 *
 * You should have received a copy of the GNU Lesser General Public
 * License along with this software; if not, write to the Free
 * Software Foundation, Inc., 51 Franklin St, Fifth Floor, Boston, MA
 * 02110-1301 USA, or see the FSF site: http://www.fsf.org.
-->

<xwikidoc version="1.1">
  <web>Blog</web>
  <name>ManageCategories</name>
  <language/>
  <defaultLanguage/>
  <translation>0</translation>
  <creator>xwiki:XWiki.Admin</creator>
  <creationDate>1220503150000</creationDate>
  <parent>Blog.Categories</parent>
  <author>xwiki:XWiki.Admin</author>
  <contentAuthor>xwiki:XWiki.Admin</contentAuthor>
  <date>1304081827000</date>
  <contentUpdateDate>1304081827000</contentUpdateDate>
  <version>1.1</version>
  <title>$services.localization.render('xe.blog.manageCategories.title')</title>
  <comment/>
  <minorEdit>false</minorEdit>
  <syntaxId>xwiki/2.1</syntaxId>
  <hidden>true</hidden>
  <content>{{include reference="Blog.CategoriesCode"/}}

{{velocity filter="none"}}
{{html clean="false" wiki="true"}}
#set($space = "$!request.space")
##
##
######################################################
## Execute actions
######################################################
#if ("$!request.xaction" == 'delete')
  #foreach($item in $request.getParameterValues('category'))
    #deleteCategory($item)
  #end
#elseif("$!request.xaction" == 'rename')
  #set ($newFullName = "$!{request.newCategoryName}")
  #if($newFullName.trim().equals(''))
    #blog__actionResponseError(400, 'xe.blog.manageCategories.create.error.emptyName', [])
  #elseif(!$xwiki.exists($request.category))
    #blog__actionResponseError(404, 'thispagedoesnotexist', [])
  #elseif($xwiki.exists($newFullName))
    #blog__actionResponseError(409, 'core.rename.alreadyExists', [$newFullName, $xwiki.getURL($newFullName)])
  #elseif(!$xwiki.hasAccessLevel('edit', $xcontext.user, $newFullName))
    #blog__actionResponseError(403, 'core.rename.targetNotWritable', [$newFullName])
  #else
    #renameCategory($request.category, $newFullName)
  #end
#elseif("$!request.xaction" == 'create')
  #set($title = "$!{request.newCategoryName}")
  #set($name = "${doc.space}.${title}")
  #if ($title.trim().equals(''))
    #blog__actionResponseError(400, 'xe.blog.manageCategories.create.error.emptyName', [])
  #elseif (!$xwiki.getDocument($name).isNew())
    #blog__actionResponseError(409, 'xe.blog.manageCategories.create.error.alreadyExists', [])
  #else
    #set($title = $escapetool.url($title))
    #set($newCategoryParent = $escapetool.url($request.newCategoryParent))
    #if($request.ajax)
      #if("$!{request.mode}" == 'select')
        #set($xredirect = $doc.getURL('view', "xpage=plain&amp;display=list&amp;listType=selectable&amp;root=${newCategoryParent}&amp;entry=$!{request.entry}&amp;entryObjNb=$!{request.entryObjNb}"))
      #else
        #set($xredirect = $doc.getURL('view', "xpage=plain&amp;display=list&amp;root=${newCategoryParent}&amp;entry=$!{request.entry}&amp;entryObjNb=$!{request.entryObjNb}"))
      #end      
    #else ## request.ajax
      #set($xredirect = $doc.getURL('view', "entry=$!{request.entry}&amp;entryObjNb=$!{request.entryObjNb}"))
    #end
    $response.sendRedirect($xwiki.getURL($name, 'save', "template=${blogCategoryTemplate}&amp;parent=${newCategoryParent}&amp;${blogCategoryClassname}_0_name=${title}&amp;${blogCategoryClassname}_0_description=&amp;xredirect=${escapetool.url($xredirect)}&amp;xhidden=1&amp;form_token=$!{services.csrf.getToken()}"))
  #end ## empty title
#end
#####################################################
## Action execution done
#####################################################
#if ("$!request.display" == 'list')
  #set($displayType = "$!{request.listType}")
  #if($displayType == '')
    #set($displayType = 'editable')
  #end
  #displayCategoryManagementTree('' $displayType)
#elseif ("$!request.display" == 'addForm')
  #getCategoriesHierarchy('' $tree)
  #addCategoryForm()
#elseif ("$!request.display" == 'renameForm')
  #renameCategoryForm()
#elseif (!$request.ajax)
##
$xwiki.ssx.use('Blog.ManageCategories')##
$xwiki.jsx.use('Blog.ManageCategories', {'minify':false})##
##
#displayCategoryManagementTree('' 'editable')
#end
{{/html}}
{{/velocity}}</content>
  <object>
    <name>Blog.ManageCategories</name>
    <number>0</number>
    <className>XWiki.JavaScriptExtension</className>
    <guid>c013b1cc-0ac3-44b5-b309-ccebd5cf86ba</guid>
    <class>
      <name>XWiki.JavaScriptExtension</name>
      <customClass/>
      <customMapping/>
      <defaultViewSheet/>
      <defaultEditSheet/>
      <defaultWeb/>
      <nameField/>
      <validationScript/>
      <cache>
        <cache>0</cache>
        <disabled>0</disabled>
        <displayType>select</displayType>
        <multiSelect>0</multiSelect>
        <name>cache</name>
        <number>5</number>
        <prettyName>Caching policy</prettyName>
        <relationalStorage>0</relationalStorage>
        <separator> </separator>
        <separators>|, </separators>
        <size>1</size>
        <unmodifiable>0</unmodifiable>
        <values>long|short|default|forbid</values>
        <classType>com.xpn.xwiki.objects.classes.StaticListClass</classType>
      </cache>
      <code>
        <disabled>0</disabled>
        <name>code</name>
        <number>2</number>
        <prettyName>Code</prettyName>
        <rows>20</rows>
        <size>50</size>
        <unmodifiable>0</unmodifiable>
        <classType>com.xpn.xwiki.objects.classes.TextAreaClass</classType>
      </code>
      <name>
        <disabled>0</disabled>
        <name>name</name>
        <number>1</number>
        <prettyName>Name</prettyName>
        <size>30</size>
        <unmodifiable>0</unmodifiable>
        <classType>com.xpn.xwiki.objects.classes.StringClass</classType>
      </name>
      <parse>
        <disabled>0</disabled>
        <displayFormType>select</displayFormType>
        <displayType>yesno</displayType>
        <name>parse</name>
        <number>4</number>
        <prettyName>Parse content</prettyName>
        <unmodifiable>0</unmodifiable>
        <classType>com.xpn.xwiki.objects.classes.BooleanClass</classType>
      </parse>
      <use>
        <cache>0</cache>
        <disabled>0</disabled>
        <displayType>select</displayType>
        <multiSelect>0</multiSelect>
        <name>use</name>
        <number>3</number>
        <prettyName>Use this extension</prettyName>
        <relationalStorage>0</relationalStorage>
        <separator> </separator>
        <separators>|, </separators>
        <size>1</size>
        <unmodifiable>0</unmodifiable>
        <values>currentPage|onDemand|always</values>
        <classType>com.xpn.xwiki.objects.classes.StaticListClass</classType>
      </use>
    </class>
    <property>
      <cache>long</cache>
    </property>
    <property>
      <code>// Make sure the XWiki 'namespace' exists.

if (typeof(XWiki) == 'undefined') {
  XWiki = new Object();
}
// Make sure the XWiki.blog 'namespace' exists.
if (typeof(XWiki.blog) == 'undefined') {
  XWiki.blog = new Object();
}

/**
 * Javascript enhancements for the blog categories management.
 */
XWiki.blog.Categories = Class.create({
  categoriesSelector : ".blog-category-level",
  activeForm: false,
  /** Constructor. Adds all the JS improvements of the categories tree. */
  initialize : function() {
    if ($$(".blog-categories-list")) {
      this.addDeleteListener();
      this.addAddSubcategoryListener();
      this.addAddCategoryListener();
      this.addRenameListener();
    }
  },
  activateForm : function(form) {
    if (this.activeForm) {
      this.activeForm.hide();
    }
    form.show();
    this.activeForm = form;
    form.down('input[type=text]').focus();
  },
  /**
   * Ajax category rename.
   * For all buttons, listen to "click", and make ajax request to rename the category.
   */
  addRenameListener : function() {
    $$(".blog-category-level").each(function(item) {
      // Prototype bug in Opera: $$(".blog-category-level a.rename") returns only the first result.
      // Quick fix until Prototype 1.6.1 is integrated.
      item = item.down('a.rename');
      if (!item) {
        return;
      }
      item.observe('click', function(event) {
        item.blur();
        event.stop();
        if (item.disabled) {
          // Do nothing if the button was already clicked and it's waiting for a response from the server.
          return;
        } else {
          this.createRenameForm(item);
        }
      }.bindAsEventListener(this));
    }.bind(this));
  },
  createRenameForm : function (item) {
    var parent = item.up('.blog-categories-list');
    if (!parent._x_rename_form) {
      if (!parent.disabled) {
        new Ajax.Request(
          "$doc.getURL('view', 'xpage=plain&amp;display=renameForm&amp;ajax=1')",
          {
            onCreate : function () {
              // ignore "cascade" clicks
              parent.disabled = true;
              parent.notification = new XWiki.widgets.Notification("$services.localization.render('xe.blog.manageCategories.js.fetchingForm')", "inprogress");
            },
            onSuccess : function (response) {
              var container = new Element("div");
              container.update(response.responseText);
              parent._x_rename_form = container.down('form');
              this.ajaxifyRenameForm(parent._x_rename_form);
              this.insertRenameForm(item, parent._x_rename_form);
            }.bind(this),
            onFailure : function (response) {
              new XWiki.widgets.Notification(response.responseText || "$services.localization.render('core.widgets.ajaxRequest.error.noServer')", "error");
            },
            // 0 is returned for network failures, except on IE where a strange large number (12031) is returned.
            on0 : function(response) {
              response.request.options.onFailure(response);
            },
            onComplete : function () {
              parent.disabled = false;
              parent.notification.hide();
            }
          }
        );
      }
    } else {
      this.insertRenameForm(item, parent._x_rename_form);
    }
  },
  insertRenameForm : function(item, form) {
    form._x_item = item;
    item.up('.blog-category-tools').insert({after : form});
    var category = form.down('input[name=category]');
    category.value = decodeURIComponent(item.href.substring(item.href.indexOf('category=') + 9).replace(/\+/g, ' '));
    this.activateForm(form);
  },
  ajaxifyRenameForm : function(form) {
    form.setAttribute('autocomplete', 'off');
    form.down('input[type=text]').setAttribute('autocomplete', 'off');
    form.down('input[type=text]').setAttribute('autocomplete', 'off');
    form.observe('submit', function(event) {
      event.stop();
      form.down('input[type=text]').focus();
      if (form.newCategoryName.value != '') {
        new Ajax.Request(
          form.action + '?ajax=1&amp;xpage=plain&amp;display=list&amp;' + form.serialize(),
          {
            onCreate : function () {
              // ignore "cascade" clicks
              form.disable();
              form.notification = new XWiki.widgets.Notification("$services.localization.render('xe.blog.manageCategories.js.rename.inProgress')", "inprogress");
            },
            onSuccess : function (response) {
              $$(".blog-categories-list").first().replace(response.responseText);
              this.initialize();
              form.reset();
            }.bind(this),
            onFailure : function (response) {
              new XWiki.widgets.Notification(response.responseText || "$services.localization.render('core.widgets.ajaxRequest.error.noServer')", "error");
            },
            onComplete : function () {
              form.enable();
              form.notification.hide();
            },
            on403 : function(response) {
              new XWiki.widgets.Notification("$services.localization.render('xe.blog.manageCategories.js.rename.error.403')", "error");
            },
            on404 : function(response) {
              new XWiki.widgets.Notification("$services.localization.render('xe.blog.manageCategories.js.rename.error.404')", "error");
            },
            on409 : function(response) {
              new XWiki.widgets.Notification("$services.localization.render('xe.blog.manageCategories.js.rename.error.409')", "error");
            },
            // 0 is returned for network failures, except on IE where a strange large number (12031) is returned.
            on0 : function(response) {
              response.request.options.onFailure(response);
            }
          }
        );
      }
    }.bindAsEventListener(this));
    form.down('a').observe('click', function(event) {
      this.reset();
      event.stop();
    }.bindAsEventListener(form));
    form.observe('reset', function() {
      form.hide();
    });
  },
  /**
   * Ajax category creation.
   * For all buttons, listen to "click", and make ajax request to add the category.
   */
  addAddSubcategoryListener : function() {
    $$(".blog-category-level").each(function(item) {
      // Prototype bug in Opera: $$(".blog-category-level a.add-subcategory") returns only the first result.
      // Quick fix until Prototype 1.6.1 is integrated.
      item = item.down('a.add-subcategory');
      if (!item) {
        return;
      }
      item.observe('click', function(event) {
        item.blur();
        event.stop();
        if (item.disabled) {
          // Do nothing if the button was already clicked and it's waiting for a response from the server.
          return;
        } else {
          this.createAddSubcategoryForm(item);
        }
      }.bindAsEventListener(this));
    }.bind(this));
  },
  addAddCategoryListener : function() {
    $$(".blog-add-category-label a").each(function(item) {
      item.observe('click', function(event) {
        item.blur();
        event.stop();
        this.createAddSubcategoryForm(item);
      }.bindAsEventListener(this));
    }.bind(this));
  },
  createAddSubcategoryForm : function (item) {
    var parent = item.up('.blog-categories-list');
    var ajaxParams = {};
    var urlParams = item.getAttribute('href').toQueryParams();
    var entry = urlParams.entry;
    if(entry &amp;&amp; entry != '') {
      ajaxParams['entry'] = entry;
    }
    var entryObjNb = urlParams.entryObjNb;
    if(entryObjNb &amp;&amp; entryObjNb != '') {
      ajaxParams['entryObjNb'] = entryObjNb;
    }
    if (!parent._x_add_form) {
      if (!parent.disabled) {
        new Ajax.Request(
          "$doc.getURL('view', 'xpage=plain&amp;display=addForm&amp;ajax=1')",
          {
            parameters : ajaxParams,
            onCreate : function () {
              // ignore "cascade" clicks
              parent.disabled = true;
              parent.notification = new XWiki.widgets.Notification("$services.localization.render('xe.blog.manageCategories.js.fetchingForm')", "inprogress");
            },
            onSuccess : function (response) {
              var container = new Element("div");
              container.update(response.responseText);
              parent._x_add_form = container.down('form');
              this.ajaxifyAddForm(parent._x_add_form);
              this.insertAddForm(item, parent._x_add_form);
            }.bind(this),
            onFailure : function (response) {
              new XWiki.widgets.Notification(response.responseText || "$services.localization.render('core.widgets.ajaxRequest.error.noServer')", "error");
            },
            // 0 is returned for network failures, except on IE where a strange large number (12031) is returned.
            on0 : function(response) {
              response.request.options.onFailure(response);
            },
            onComplete : function () {
              parent.disabled = false;
              parent.notification.hide();
            }
          }
        );
      }
    } else {
      this.insertAddForm(item, parent._x_add_form);
    }
  },
  insertAddForm : function(item, form) {
    form._x_item = item;
    var select = form.down('select');
    select.selectedIndex = 0;
    if (item.hasClassName('tool')) {
      var selector = 'option[value=\'' + decodeURIComponent(item.href.substring(item.href.indexOf('parentCategory=') + 15).replace(/\+/g, ' ')).replace(/\\/g, "\\\\").replace(/'/g, "\\'") + '\']';
      var option = select.down(selector);
      if (option) {
        select.selectedIndex = option.index;
      }
      select.up('label').hide();
      item.up('.blog-category-tools').insert({after : form});
    } else {
      item.up('ul').insert({after : form});
      select.up('label').show();
    }
    this.activateForm(form);
  },
  ajaxifyAddForm : function(form) {
    var params = 'ajax=1&amp;xpage=plain&amp;';
    var separator = '?';
    if(form.action.toQueryParams().entry)
      separator = '&amp;';
    params = separator + params;
    form.setAttribute('autocomplete', 'off');
    form.down('input[type=text]').setAttribute('autocomplete', 'off');
    form.down('input[type=text]').setAttribute('autocomplete', 'off');
    form.observe('submit', function(event) {
      event.stop();
      form.down('input[type=text]').focus();
      if (form.newCategoryName.value != '') {
        new Ajax.Request(
          #if("$!{request.mode}" == 'select')
            form.action + params + 'mode=select&amp;' + form.serialize(),
          #else
            form.action + params + form.serialize(),
          #end
          {
            onCreate : function () {
              // ignore "cascade" clicks
              form.disable();
              form.notification = new XWiki.widgets.Notification("$services.localization.render('xe.blog.manageCategories.js.add.inProgress')", "inprogress");
            },
            onSuccess : function (response) {
              /* var reference = form._x_item.up('.blog-category-level');
              if (reference) {
                reference.nextSiblings().each(Element.remove);
                reference.insert({after : response.responseText});
                this.initialize();
              }*/
              var checkedCategories = [];
                $$(".blog-categories-list").each(function(item){
                  item.select('input[type=checkbox]').each(function(input){
                    if(input.checked){
                      checkedCategories.push(input.value);
                    }
                });
              });
              $$(".blog-categories-list").first().replace(response.responseText);
              this.initialize();
              form.reset();
              $$(".blog-categories-list").each(function(item){
                item.select('input[type=checkbox]').each(function(input){
                  input.checked = false;
                  if(!input.checked &amp;&amp; checkedCategories.contains(input.value)){
                    input.checked = true;
                  }
                });
              });
            }.bind(this),
            onFailure : function (response) {
              new XWiki.widgets.Notification(response.responseText || "$services.localization.render('core.widgets.ajaxRequest.error.noServer')", "error");
            },
            onComplete : function () {
              form.enable();
              form.notification.hide();
            },
            on401 : function(response) {
              new XWiki.widgets.Notification("$services.localization.render('xe.blog.manageCategories.js.add.error.401')", "error");
            },
            on403 : function(response) {
              new XWiki.widgets.Notification("$services.localization.render('xe.blog.manageCategories.js.add.error.403')", "error");
            },
            on409 : function(response) {
              new XWiki.widgets.Notification("$services.localization.render('xe.blog.manageCategories.js.add.error.409')", "error");
            },
            // 0 is returned for network failures, except on IE where a strange large number (12031) is returned.
            on0 : function(response) {
              response.request.options.onFailure(response);
            }
          }
        );
      }
    }.bindAsEventListener(this));
    form.down('a').observe('click', function(event) {
      this.reset();
      event.stop();
    }.bindAsEventListener(form));
    form.observe('reset', function() {
      form.hide();
    });
  },
  /**
   * Ajax category deletion.
   * For all delete buttons, listen to "click", and make ajax request to remove the category. Remove the corresponding
   * HTML element on success (replace it with a small notification message). Display error message (alert) on failure.
   */
  addDeleteListener : function() {
    $$(".blog-category-level").each(function(item) {
      // Prototype bug in Opera: $$(".blog-category-level a.delete") returns only the first result.
      // Quick fix until Prototype 1.6.1 is integrated.
      item = item.down('a.delete');
      if (!item) {
        return;
      }
      item.observe('click', function(event) {
        item.blur();
        event.stop();
        if (item.disabled) {
          // Do nothing if the button was already clicked and it's waiting for a response from the server.
          return;
        } else {
          new XWiki.widgets.ConfirmedAjaxRequest(
            /* Ajax request URL */
            item.href + "&amp;display=list&amp;xpage=plain&amp;ajax=1",
            /* Ajax request parameters */
            {
              onCreate : function() {
                // Disable the button, to avoid a cascade of clicks from impatient users
                item.disabled = true;
              },
              onSuccess : function(response) {
                // Reload the category tree, since the subcategories of the deleted one must go up one level.
                $$(".blog-categories-list").first().replace(response.responseText);
                this.initialize();
              }.bind(this),
              onComplete : function() {
                // In the end: re-enable the button
                item.disabled = false;
              }
            },
            /* Interaction parameters */
            {
               confirmationText: "$services.localization.render('xe.blog.manageCategories.js.delete.confirm')",
               progressMessageText : "$services.localization.render('xe.blog.manageCategories.js.delete.inProgress')",
               successMessageText : "$services.localization.render('xe.blog.manageCategories.js.delete.done')",
               failureMessageText : "$services.localization.render('xe.blog.manageCategories.js.delete.failed')"
            }
          );
        }
      }.bindAsEventListener(this));
    }.bind(this));
  }
});
// ======================================
document.observe('xwiki:dom:loaded', function() {
  new XWiki.blog.Categories();
  $$(".blog-categories-list.subcategories").each(function(item) {
    var toggler = new Element("a", {style : "display: block; cursor: pointer; float: right; font-style: italic;"}).update("show »");
    var list = item.down("div", 1);
    toggler.observe("click", function() {
      list.toggle();
      toggler.update(list.visible() ? "« hide" : "show »");
    });
    item.down("strong").insert({after : toggler});
    item.down("strong").insert({after : "&amp;nbsp;&amp;nbsp;"});
    list.toggle();
  });
});</code>
    </property>
    <property>
      <name>Category management scripts</name>
    </property>
    <property>
      <parse>1</parse>
    </property>
    <property>
      <use>onDemand</use>
    </property>
  </object>
  <object>
    <name>Blog.ManageCategories</name>
    <number>0</number>
    <className>XWiki.StyleSheetExtension</className>
    <guid>fd160bce-cab7-4830-a18e-2632cd47fc00</guid>
    <class>
      <name>XWiki.StyleSheetExtension</name>
      <customClass/>
      <customMapping/>
      <defaultViewSheet/>
      <defaultEditSheet/>
      <defaultWeb/>
      <nameField/>
      <validationScript/>
      <cache>
        <cache>0</cache>
        <disabled>0</disabled>
        <displayType>select</displayType>
        <multiSelect>0</multiSelect>
        <name>cache</name>
        <number>5</number>
        <prettyName>Caching policy</prettyName>
        <relationalStorage>0</relationalStorage>
        <separator> </separator>
        <separators>|, </separators>
        <size>1</size>
        <unmodifiable>0</unmodifiable>
        <values>long|short|default|forbid</values>
        <classType>com.xpn.xwiki.objects.classes.StaticListClass</classType>
      </cache>
      <code>
        <disabled>0</disabled>
        <name>code</name>
        <number>2</number>
        <prettyName>Code</prettyName>
        <rows>20</rows>
        <size>50</size>
        <unmodifiable>0</unmodifiable>
        <classType>com.xpn.xwiki.objects.classes.TextAreaClass</classType>
      </code>
      <contentType>
        <cache>0</cache>
        <disabled>0</disabled>
        <displayType>select</displayType>
        <multiSelect>0</multiSelect>
        <name>contentType</name>
        <number>6</number>
        <prettyName>Content Type</prettyName>
        <relationalStorage>0</relationalStorage>
        <separator> </separator>
        <separators>|, </separators>
        <size>1</size>
        <unmodifiable>0</unmodifiable>
        <values>CSS|LESS</values>
        <classType>com.xpn.xwiki.objects.classes.StaticListClass</classType>
      </contentType>
      <name>
        <disabled>0</disabled>
        <name>name</name>
        <number>1</number>
        <prettyName>Name</prettyName>
        <size>30</size>
        <unmodifiable>0</unmodifiable>
        <classType>com.xpn.xwiki.objects.classes.StringClass</classType>
      </name>
      <parse>
        <disabled>0</disabled>
        <displayFormType>select</displayFormType>
        <displayType>yesno</displayType>
        <name>parse</name>
        <number>4</number>
        <prettyName>Parse content</prettyName>
        <unmodifiable>0</unmodifiable>
        <classType>com.xpn.xwiki.objects.classes.BooleanClass</classType>
      </parse>
      <use>
        <cache>0</cache>
        <disabled>0</disabled>
        <displayType>select</displayType>
        <multiSelect>0</multiSelect>
        <name>use</name>
        <number>3</number>
        <prettyName>Use this extension</prettyName>
        <relationalStorage>0</relationalStorage>
        <separator> </separator>
        <separators>|, </separators>
        <size>1</size>
        <unmodifiable>0</unmodifiable>
        <values>currentPage|onDemand|always</values>
        <classType>com.xpn.xwiki.objects.classes.StaticListClass</classType>
      </use>
    </class>
    <property>
      <cache>long</cache>
    </property>
    <property>
      <code>#template('colorThemeInit.vm')

.blog-categories-list {
  float: left;
  padding: 8px 0;
}
.blog-categories-list .subcategories {
  background: $theme.backgroundSecondaryColor;
  margin-top: 1.4em;
  padding-right: 15px;
  padding-left: 15px;
}
.blog-categories-list ul {
  list-style-type: none !important;
}
.blog-categories-list .blog-category-level {
  padding: 1px 2px 3px;
  display: block;
  position: relative;
}
.blog-categories-list .blog-category-level:hover {
  background: $theme.highlightColor;
  padding-bottom: 2px;
  border-bottom: 1px solid $theme.borderColor; 
}
.blog-categories-list .blog-category-level img {
  vertical-align: middle;
}
.blog-categories-list .blog-category {
  margin-right: 80px;
  display: block;
}
.blog-category-tools {
  visibility: hidden;
  position: absolute;
  top: 0; right: 0;
  display: inline;
}
.blog-category-level:hover .blog-category-tools {
  visibility: visible;
}
.blog-add-category-label {
  font-style: italic;
  padding-left: 20px;
  background: transparent url("$xwiki.getSkinFile('icons/silk/bullet_add.png')") 2px center no-repeat;
}

.blog-add-category-label a {
  color: $theme.textSecondaryColor;
}

.category-add-form, .category-rename-form {
  margin-left: 40px;
  border: 1px solid $theme.borderColor;
  vertical-align: top !important;
}

* html .category-add-form, * html .category-rename-form {
  width: 17em;
}
li .category-add-form, li .category-rename-form{
  margin-left: 16px;
}
.category-add-form div, .category-rename-form div {
  background: $theme.backgroundSecondaryColor;
  overflow: hidden;
  padding: 4px 8px;
}

.category-add-form label, .category-rename-form label {
  font-size: 80%;
  margin: 2px 0;
  color: $theme.textSecondaryColor;
}

input.category-name-input {
  border: 1px solid $theme.borderColor;
  height: 80%;
  margin-right: 3px;
  width: 16em;
}</code>
    </property>
    <property>
      <contentType>CSS</contentType>
    </property>
    <property>
      <name>Category management style</name>
    </property>
    <property>
      <parse>1</parse>
    </property>
    <property>
      <use>onDemand</use>
    </property>
  </object>
</xwikidoc>
