<?xml version="1.0" encoding="UTF-8"?>

<!--
 * See the NOTICE file distributed with this work for additional
 * information regarding copyright ownership.
 *
 * This is free software; you can redistribute it and/or modify it
 * under the terms of the GNU Lesser General Public License as
 * published by the Free Software Foundation; either version 2.1 of
 * the License, or (at your option) any later version.
 *
 * This software is distributed in the hope that it will be useful,
 * but WITHOUT ANY WARRANTY; without even the implied warranty of
 * MERCHANTABILITY or FITNESS FOR A PARTICULAR PURPOSE. See the GNU
 * Lesser General Public License for more details.
 *
 * You should have received a copy of the GNU Lesser General Public
 * License along with this software; if not, write to the Free
 * Software Foundation, Inc., 51 Franklin St, Fifth Floor, Boston, MA
 * 02110-1301 USA, or see the FSF site: http://www.fsf.org.
-->

<xwikidoc version="1.1">
  <web>Blog</web>
  <name>Publisher</name>
  <language/>
  <defaultLanguage/>
  <translation>0</translation>
  <creator>xwiki:XWiki.Admin</creator>
  <creationDate>1226240773000</creationDate>
  <parent>Blog.WebHome</parent>
  <author>xwiki:XWiki.Admin</author>
  <contentAuthor>xwiki:XWiki.Admin</contentAuthor>
  <date>1227675504000</date>
  <contentUpdateDate>1227675504000</contentUpdateDate>
  <version>1.1</version>
  <title>Publish blog posts</title>
  <comment/>
  <minorEdit>false</minorEdit>
  <syntaxId>xwiki/2.0</syntaxId>
  <hidden>true</hidden>
  <content>{{include reference="Blog.BlogCode"/}}

{{velocity output="false"}}
#set($xredirect = "$!{request.xredirect}")
#if($xredirect == '')
  #set($xredirect = $xwiki.getURL('Blog.WebHome'))
#end
#set($entryName = "$!{request.entryName}")
#if($entryName != '')
  #if($xwiki.hasAccessLevel('edit', $xcontext.user, $entryName) &amp;&amp; $!{services.csrf.isTokenValid("$!{request.getParameter('form_token')}")})
    #set($entryDoc = $xwiki.getDocument($entryName))
    #if ($entryDoc)
      #getEntryObject($entryDoc $entryObj)
      #if("$!{entryObj.getProperty('published').value}" == '0')
        #set($discard = $entryObj.set('hidden', 0))
        #set($discard = $entryObj.set('published', 1))
        ## Uncomment if you want to always set the publication date to the date when the post was actually published.
        ## #set($discard = $entryObj.set('publishDate', $datetool.date))
        $entryDoc.save($services.localization.render('xe.blog.publisher.published'))
      #end
    #end
  #end
#end
$response.sendRedirect($xredirect)
{{/velocity}}</content>
</xwikidoc>
