<?xml version="1.0" encoding="UTF-8"?>

<!--
 * See the NOTICE file distributed with this work for additional
 * information regarding copyright ownership.
 *
 * This is free software; you can redistribute it and/or modify it
 * under the terms of the GNU Lesser General Public License as
 * published by the Free Software Foundation; either version 2.1 of
 * the License, or (at your option) any later version.
 *
 * This software is distributed in the hope that it will be useful,
 * but WITHOUT ANY WARRANTY; without even the implied warranty of
 * MERCHANTABILITY or FITNESS FOR A PARTICULAR PURPOSE. See the GNU
 * Lesser General Public License for more details.
 *
 * You should have received a copy of the GNU Lesser General Public
 * License along with this software; if not, write to the Free
 * Software Foundation, Inc., 51 Franklin St, Fifth Floor, Boston, MA
 * 02110-1301 USA, or see the FSF site: http://www.fsf.org.
-->

<xwikidoc version="1.1">
  <web>Blog</web>
  <name>RecentPostsPanel</name>
  <language/>
  <defaultLanguage/>
  <translation>0</translation>
  <creator>xwiki:XWiki.Admin</creator>
  <creationDate>1373016401000</creationDate>
  <parent>Panels.WebHome</parent>
  <author>xwiki:XWiki.Admin</author>
  <contentAuthor>xwiki:XWiki.Admin</contentAuthor>
  <date>1373018473000</date>
  <contentUpdateDate>1373016401000</contentUpdateDate>
  <version>1.1</version>
  <title>Recent Blog Posts Panel</title>
  <comment/>
  <minorEdit>false</minorEdit>
  <syntaxId>xwiki/2.1</syntaxId>
  <hidden>true</hidden>
  <content/>
  <object>
    <name>Blog.RecentPostsPanel</name>
    <number>0</number>
    <className>Panels.PanelClass</className>
    <guid>2ecdb9b4-0266-4aca-9ce8-a6e7032aeec8</guid>
    <class>
      <name>Panels.PanelClass</name>
      <customClass/>
      <customMapping/>
      <defaultViewSheet/>
      <defaultEditSheet/>
      <defaultWeb/>
      <nameField/>
      <validationScript/>
      <category>
        <cache>0</cache>
        <disabled>0</disabled>
        <displayType>select</displayType>
        <multiSelect>0</multiSelect>
        <name>category</name>
        <number>5</number>
        <prettyName>Category</prettyName>
        <relationalStorage>0</relationalStorage>
        <separator> </separator>
        <separators> ,|</separators>
        <size>1</size>
        <unmodifiable>0</unmodifiable>
        <values>Information|Navigation|Tools|Administration|Other</values>
        <classType>com.xpn.xwiki.objects.classes.StaticListClass</classType>
      </category>
      <content>
        <disabled>0</disabled>
        <editor>Text</editor>
        <name>content</name>
        <number>4</number>
        <prettyName>Content</prettyName>
        <rows>25</rows>
        <size>120</size>
        <unmodifiable>0</unmodifiable>
        <classType>com.xpn.xwiki.objects.classes.TextAreaClass</classType>
      </content>
      <description>
        <disabled>0</disabled>
        <editor>Text</editor>
        <name>description</name>
        <number>3</number>
        <prettyName>Description</prettyName>
        <rows>5</rows>
        <size>40</size>
        <unmodifiable>0</unmodifiable>
        <classType>com.xpn.xwiki.objects.classes.TextAreaClass</classType>
      </description>
      <name>
        <disabled>0</disabled>
        <name>name</name>
        <number>1</number>
        <prettyName>Name</prettyName>
        <size>40</size>
        <unmodifiable>0</unmodifiable>
        <classType>com.xpn.xwiki.objects.classes.StringClass</classType>
      </name>
      <type>
        <cache>0</cache>
        <disabled>0</disabled>
        <displayType>select</displayType>
        <multiSelect>0</multiSelect>
        <name>type</name>
        <number>2</number>
        <prettyName>Panel type</prettyName>
        <relationalStorage>0</relationalStorage>
        <separator> </separator>
        <separators> ,|</separators>
        <size>1</size>
        <unmodifiable>0</unmodifiable>
        <values>view|edit</values>
        <classType>com.xpn.xwiki.objects.classes.StaticListClass</classType>
      </type>
    </class>
    <property>
      <category>Navigation</category>
    </property>
    <property>
      <content>{{include reference="Blog.BlogCode"/}}

{{velocity}}
#getBlogEntriesBaseQuery($query)
#set($query = "$!{query} and isPublished.value = 1 and hidden.value &lt;&gt; 1")
#set($recentEntries = $services.query.hql("${query} order by publishDate.value desc").setLimit(10).setOffset(0).execute())
#if($recentEntries.size() &gt; 0 || $showEmptyPanels)
  #panelheader($services.localization.render('xe.blog.recentposts.paneltitle'))
  #foreach($entryDoc in $xwiki.wrapDocs($recentEntries))
    #getEntryObject($entryDoc $entryObj)
    * [[$!{entryDoc.display('title', 'view', $entryObj).replaceAll('(\[|\]|\||&gt;)', '~~$1')}&gt;&gt;$!{services.model.serialize($entryDoc.documentReference).replaceAll('(\[|\]|\||&gt;)', '~$1')}]]
  #end
  #panelfooter()
#end
{{/velocity}}</content>
    </property>
    <property>
      <description>Shows the most recent (published) blog posts.</description>
    </property>
    <property>
      <name>Recent Blog Posts</name>
    </property>
    <property>
      <type>view</type>
    </property>
  </object>
</xwikidoc>
