<?xml version="1.0" encoding="UTF-8"?>

<!--
 * See the NOTICE file distributed with this work for additional
 * information regarding copyright ownership.
 *
 * This is free software; you can redistribute it and/or modify it
 * under the terms of the GNU Lesser General Public License as
 * published by the Free Software Foundation; either version 2.1 of
 * the License, or (at your option) any later version.
 *
 * This software is distributed in the hope that it will be useful,
 * but WITHOUT ANY WARRANTY; without even the implied warranty of
 * MERCHANTABILITY or FITNESS FOR A PARTICULAR PURPOSE. See the GNU
 * Lesser General Public License for more details.
 *
 * You should have received a copy of the GNU Lesser General Public
 * License along with this software; if not, write to the Free
 * Software Foundation, Inc., 51 Franklin St, Fifth Floor, Boston, MA
 * 02110-1301 USA, or see the FSF site: http://www.fsf.org.
-->

<xwikidoc version="1.1">
  <web>Blog</web>
  <name>BlogClass</name>
  <language/>
  <defaultLanguage/>
  <translation>0</translation>
  <creator>xwiki:XWiki.Admin</creator>
  <creationDate>1227675584000</creationDate>
  <parent>Blog.BlogCode</parent>
  <author>xwiki:XWiki.Admin</author>
  <contentAuthor>xwiki:XWiki.Admin</contentAuthor>
  <date>1227676200000</date>
  <contentUpdateDate>1227676174000</contentUpdateDate>
  <version>1.1</version>
  <title>Blog XClass</title>
  <comment/>
  <minorEdit>false</minorEdit>
  <syntaxId>xwiki/2.0</syntaxId>
  <hidden>true</hidden>
  <content/>
  <class>
    <name>Blog.BlogClass</name>
    <customClass/>
    <customMapping/>
    <defaultViewSheet/>
    <defaultEditSheet/>
    <defaultWeb/>
    <nameField/>
    <validationScript/>
    <blogType>
      <cache>0</cache>
      <customDisplay/>
      <disabled>0</disabled>
      <displayType>select</displayType>
      <multiSelect>0</multiSelect>
      <name>blogType</name>
      <number>5</number>
      <picker>0</picker>
      <prettyName>Blog type</prettyName>
      <relationalStorage>0</relationalStorage>
      <separator> </separator>
      <separators> ,|</separators>
      <size>1</size>
      <sort>none</sort>
      <tooltip/>
      <unmodifiable>0</unmodifiable>
      <validationMessage/>
      <validationRegExp/>
      <values>local=Space blog (aggregates posts from its space only)|global=Global blog (aggregates posts from the entire wiki)</values>
      <classType>com.xpn.xwiki.objects.classes.StaticListClass</classType>
    </blogType>
    <description>
      <contenttype>FullyRenderedText</contenttype>
      <customDisplay/>
      <disabled>0</disabled>
      <editor>---</editor>
      <name>description</name>
      <number>2</number>
      <picker>0</picker>
      <prettyName>Description</prettyName>
      <rows>5</rows>
      <size>60</size>
      <tooltip/>
      <unmodifiable>0</unmodifiable>
      <validationMessage/>
      <validationRegExp/>
      <classType>com.xpn.xwiki.objects.classes.TextAreaClass</classType>
    </description>
    <displayType>
      <cache>0</cache>
      <customDisplay/>
      <disabled>0</disabled>
      <displayType>select</displayType>
      <multiSelect>0</multiSelect>
      <name>displayType</name>
      <number>3</number>
      <picker>0</picker>
      <prettyName>Index display</prettyName>
      <relationalStorage>0</relationalStorage>
      <separator> </separator>
      <separators> ,|</separators>
      <size>1</size>
      <sort>none</sort>
      <tooltip/>
      <unmodifiable>0</unmodifiable>
      <validationMessage/>
      <validationRegExp/>
      <values>paginated=Paginated|weekly=Group posts weekly|monthly=Group posts monthly|all=Show all posts</values>
      <classType>com.xpn.xwiki.objects.classes.StaticListClass</classType>
    </displayType>
    <itemsPerPage>
      <customDisplay/>
      <disabled>0</disabled>
      <name>itemsPerPage</name>
      <number>4</number>
      <numberType>integer</numberType>
      <prettyName>Items per page (only in the Paginated display mode)</prettyName>
      <size>2</size>
      <tooltip/>
      <unmodifiable>0</unmodifiable>
      <validationMessage/>
      <validationRegExp/>
      <classType>com.xpn.xwiki.objects.classes.NumberClass</classType>
    </itemsPerPage>
    <title>
      <customDisplay/>
      <disabled>0</disabled>
      <name>title</name>
      <number>1</number>
      <picker>0</picker>
      <prettyName>Blog title</prettyName>
      <size>30</size>
      <tooltip/>
      <unmodifiable>0</unmodifiable>
      <validationMessage/>
      <validationRegExp/>
      <classType>com.xpn.xwiki.objects.classes.StringClass</classType>
    </title>
  </class>
  <object>
    <name>Blog.BlogClass</name>
    <number>0</number>
    <className>XWiki.ClassSheetBinding</className>
    <guid>2609cac8-0c5f-4ba3-be0a-d4b8d41daca4</guid>
    <class>
      <name>XWiki.ClassSheetBinding</name>
      <customClass/>
      <customMapping/>
      <defaultViewSheet/>
      <defaultEditSheet/>
      <defaultWeb/>
      <nameField/>
      <validationScript/>
      <sheet>
        <customDisplay/>
        <disabled>0</disabled>
        <name>sheet</name>
        <number>1</number>
        <picker>0</picker>
        <prettyName>Sheet</prettyName>
        <size>30</size>
        <unmodifiable>0</unmodifiable>
        <validationMessage/>
        <validationRegExp/>
        <classType>com.xpn.xwiki.objects.classes.StringClass</classType>
      </sheet>
    </class>
    <property>
      <sheet>BlogSheet</sheet>
    </property>
  </object>
  <object>
    <name>Blog.BlogClass</name>
    <number>0</number>
    <className>XWiki.DocumentSheetBinding</className>
    <guid>5d650c2c-8348-4c1a-b3f0-6757389e6155</guid>
    <class>
      <name>XWiki.DocumentSheetBinding</name>
      <customClass/>
      <customMapping/>
      <defaultViewSheet/>
      <defaultEditSheet/>
      <defaultWeb/>
      <nameField/>
      <validationScript/>
      <sheet>
        <customDisplay/>
        <disabled>0</disabled>
        <name>sheet</name>
        <number>1</number>
        <picker>0</picker>
        <prettyName>Sheet</prettyName>
        <size>30</size>
        <unmodifiable>0</unmodifiable>
        <validationMessage/>
        <validationRegExp/>
        <classType>com.xpn.xwiki.objects.classes.StringClass</classType>
      </sheet>
    </class>
    <property>
      <sheet>XWiki.ClassSheet</sheet>
    </property>
  </object>
</xwikidoc>
