<?xml version="1.0" encoding="UTF-8"?>

<!--
 * See the NOTICE file distributed with this work for additional
 * information regarding copyright ownership.
 *
 * This is free software; you can redistribute it and/or modify it
 * under the terms of the GNU Lesser General Public License as
 * published by the Free Software Foundation; either version 2.1 of
 * the License, or (at your option) any later version.
 *
 * This software is distributed in the hope that it will be useful,
 * but WITHOUT ANY WARRANTY; without even the implied warranty of
 * MERCHANTABILITY or FITNESS FOR A PARTICULAR PURPOSE. See the GNU
 * Lesser General Public License for more details.
 *
 * You should have received a copy of the GNU Lesser General Public
 * License along with this software; if not, write to the Free
 * Software Foundation, Inc., 51 Franklin St, Fifth Floor, Boston, MA
 * 02110-1301 USA, or see the FSF site: http://www.fsf.org.
-->

<xwikidoc version="1.2" reference="XWiki.AdminTemplatesSheet" locale="">
  <web>XWiki</web>
  <name>AdminTemplatesSheet</name>
  <language/>
  <defaultLanguage/>
  <translation>0</translation>
  <creator>xwiki:XWiki.Admin</creator>
  <creationDate>1364502208000</creationDate>
  <parent>XWiki.XWikiPreferences</parent>
  <author>xwiki:XWiki.Admin</author>
  <contentAuthor>xwiki:XWiki.Admin</contentAuthor>
  <date>1364566487000</date>
  <contentUpdateDate>1364566487000</contentUpdateDate>
  <version>1.1</version>
  <title>Admin Templates Sheet</title>
  <comment/>
  <minorEdit>false</minorEdit>
  <syntaxId>xwiki/2.0</syntaxId>
  <hidden>true</hidden>
  <content>{{velocity}}
## Create form, left column.
(% class="col-xs-12 col-md-6" %)(((
== {{translation key="admin.templates.createprovider"/}} ==

{{html}}
  &lt;form class="xform" action="$doc.getURL('create')" method="post"&gt;

    #template('locationPicker_macros.vm')
    #locationPicker({
      'id': 'target',
      'title': {
        'label': 'core.create.title',
        'hint': 'core.create.title.hint',
        'name': 'title',
        'placeholder': 'admin.templates.createprovider.defaultdocname'
      },
      'preview': {
        'label': 'core.create.locationPreview.label',
        'hint': 'core.create.locationPreview.hint'
      },
      'parent': {
        'label': 'core.create.spaceReference.label',
        'hint': 'core.create.spaceReference.hint',
        'name': 'spaceReference',
        'reference': $doc.documentReference.lastSpaceReference,
        'placeholder': 'core.create.spaceReference.placeholder'
      },
      'name': {
        'label': 'core.create.name.label',
        'hint': 'core.create.name.hint',
        'name': 'name',
        'value': '',
        'placeholder': 'admin.templates.createprovider.defaultdocname'
      }
    })
    #if ($isAdvancedUser || $isSuperAdmin)
      &lt;dl&gt;
        &lt;dt&gt;
          &lt;label for="terminal"&gt;
            &lt;input type="checkbox" id="terminal" name="tocreate" value="terminal" checked="checked" /&gt;
            $services.localization.render('core.create.terminal.label')
          &lt;/label&gt;
        &lt;/dt&gt;
        &lt;dd&gt;
          &lt;span class="xHint"&gt;$services.localization.render('core.create.terminal.hint')&lt;/span&gt;
        &lt;/dd&gt;
      &lt;/dl&gt;
    #else
      &lt;input type="hidden" id="terminal" name="tocreate" value="terminal" /&gt;
    #end
    &lt;div class="buttons"&gt;
      &lt;input type="hidden" name="form_token" value="$!{services.csrf.getToken()}" /&gt;
      &lt;input type="hidden" name="parent" value="XWiki.TemplateProviderClass"/&gt;
      &lt;input type="hidden" name="template" value="XWiki.TemplateProviderTemplate"/&gt;
      &lt;span class="buttonwrapper"&gt;&lt;input id="createTemplateProvider" type="submit" value="$services.localization.render('admin.templates.createprovider.create')" class="button"/&gt;&lt;/span&gt;
    &lt;/div&gt;
  &lt;/form&gt;
{{/html}}
)))

## Available providers list, right column.
#set($availableProviders = $services.query.hql("
  , BaseObject obj
  WHERE
    doc.fullName=obj.name and obj.className='XWiki.TemplateProviderClass' and doc.fullName!='XWiki.TemplateProviderTemplate'
  ORDER BY
    doc.fullName").execute())
#if($availableProviders.size() &gt; 0)
  (% class="col-xs-12 col-md-6" %)(((
  == {{translation key="admin.templates.providerslist"/}} ==

    #foreach($providerFullname in $availableProviders)
      * [[$xwiki.getDocument($providerFullname).getTitle()&gt;&gt;$providerFullname]]
    #end
  )))
#end

{{/velocity}}</content>
  <object>
    <name>XWiki.AdminTemplatesSheet</name>
    <number>0</number>
    <className>XWiki.ConfigurableClass</className>
    <guid>b03bf517-5cff-4873-a899-7f87e8829aaa</guid>
    <class>
      <name>XWiki.ConfigurableClass</name>
      <customClass/>
      <customMapping/>
      <defaultViewSheet/>
      <defaultEditSheet/>
      <defaultWeb/>
      <nameField/>
      <validationScript/>
      <categoryIcon>
        <customDisplay/>
        <disabled>0</disabled>
        <name>categoryIcon</name>
        <number>11</number>
        <picker>0</picker>
        <prettyName>categoryIcon</prettyName>
        <size>30</size>
        <unmodifiable>0</unmodifiable>
        <validationMessage/>
        <validationRegExp/>
        <classType>com.xpn.xwiki.objects.classes.StringClass</classType>
      </categoryIcon>
      <codeToExecute>
        <customDisplay/>
        <disabled>0</disabled>
        <editor>Text</editor>
        <name>codeToExecute</name>
        <number>7</number>
        <picker>0</picker>
        <prettyName>codeToExecute</prettyName>
        <rows>5</rows>
        <size>40</size>
        <unmodifiable>0</unmodifiable>
        <validationMessage/>
        <validationRegExp/>
        <classType>com.xpn.xwiki.objects.classes.TextAreaClass</classType>
      </codeToExecute>
      <configurationClass>
        <customDisplay/>
        <disabled>0</disabled>
        <name>configurationClass</name>
        <number>3</number>
        <picker>0</picker>
        <prettyName>configurationClass</prettyName>
        <size>30</size>
        <unmodifiable>0</unmodifiable>
        <validationMessage/>
        <validationRegExp/>
        <classType>com.xpn.xwiki.objects.classes.StringClass</classType>
      </configurationClass>
      <configureGlobally>
        <customDisplay/>
        <defaultValue/>
        <disabled>0</disabled>
        <displayFormType>checkbox</displayFormType>
        <displayType/>
        <name>configureGlobally</name>
        <number>4</number>
        <prettyName>configureGlobally</prettyName>
        <unmodifiable>0</unmodifiable>
        <validationMessage/>
        <validationRegExp/>
        <classType>com.xpn.xwiki.objects.classes.BooleanClass</classType>
      </configureGlobally>
      <displayBeforeCategory>
        <customDisplay/>
        <disabled>0</disabled>
        <name>displayBeforeCategory</name>
        <number>10</number>
        <picker>0</picker>
        <prettyName>displayBeforeCategory</prettyName>
        <size>30</size>
        <unmodifiable>0</unmodifiable>
        <validationMessage/>
        <validationRegExp/>
        <classType>com.xpn.xwiki.objects.classes.StringClass</classType>
      </displayBeforeCategory>
      <displayInCategory>
        <customDisplay/>
        <disabled>0</disabled>
        <name>displayInCategory</name>
        <number>9</number>
        <picker>0</picker>
        <prettyName>displayInCategory</prettyName>
        <size>30</size>
        <unmodifiable>0</unmodifiable>
        <validationMessage/>
        <validationRegExp/>
        <classType>com.xpn.xwiki.objects.classes.StringClass</classType>
      </displayInCategory>
      <displayInSection>
        <customDisplay/>
        <disabled>0</disabled>
        <name>displayInSection</name>
        <number>1</number>
        <picker>0</picker>
        <prettyName>displayInSection</prettyName>
        <size>30</size>
        <unmodifiable>0</unmodifiable>
        <validationMessage/>
        <validationRegExp/>
        <classType>com.xpn.xwiki.objects.classes.StringClass</classType>
      </displayInSection>
      <heading>
        <customDisplay/>
        <disabled>0</disabled>
        <name>heading</name>
        <number>2</number>
        <picker>0</picker>
        <prettyName>heading</prettyName>
        <size>30</size>
        <unmodifiable>0</unmodifiable>
        <validationMessage/>
        <validationRegExp/>
        <classType>com.xpn.xwiki.objects.classes.StringClass</classType>
      </heading>
      <iconAttachment>
        <customDisplay/>
        <disabled>0</disabled>
        <name>iconAttachment</name>
        <number>8</number>
        <picker>0</picker>
        <prettyName>iconAttachment</prettyName>
        <size>30</size>
        <unmodifiable>0</unmodifiable>
        <validationMessage/>
        <validationRegExp/>
        <classType>com.xpn.xwiki.objects.classes.StringClass</classType>
      </iconAttachment>
      <linkPrefix>
        <customDisplay/>
        <disabled>0</disabled>
        <name>linkPrefix</name>
        <number>5</number>
        <picker>0</picker>
        <prettyName>linkPrefix</prettyName>
        <size>30</size>
        <unmodifiable>0</unmodifiable>
        <validationMessage/>
        <validationRegExp/>
        <classType>com.xpn.xwiki.objects.classes.StringClass</classType>
      </linkPrefix>
      <propertiesToShow>
        <cache>0</cache>
        <customDisplay/>
        <disabled>0</disabled>
        <displayType>input</displayType>
        <multiSelect>1</multiSelect>
        <name>propertiesToShow</name>
        <number>6</number>
        <picker>0</picker>
        <prettyName>propertiesToShow</prettyName>
        <relationalStorage>1</relationalStorage>
        <separator> </separator>
        <separators> ,|</separators>
        <size>20</size>
        <sort>none</sort>
        <unmodifiable>0</unmodifiable>
        <validationMessage/>
        <validationRegExp/>
        <values/>
        <classType>com.xpn.xwiki.objects.classes.StaticListClass</classType>
      </propertiesToShow>
      <sectionOrder>
        <customDisplay/>
        <disabled>0</disabled>
        <name>sectionOrder</name>
        <number>12</number>
        <numberType>integer</numberType>
        <prettyName>sectionOrder</prettyName>
        <size>30</size>
        <unmodifiable>0</unmodifiable>
        <validationMessage/>
        <validationRegExp/>
        <classType>com.xpn.xwiki.objects.classes.NumberClass</classType>
      </sectionOrder>
    </class>
    <property>
      <categoryIcon>page_white_text</categoryIcon>
    </property>
    <property>
      <codeToExecute/>
    </property>
    <property>
      <configurationClass/>
    </property>
    <property>
      <configureGlobally>1</configureGlobally>
    </property>
    <property>
      <displayBeforeCategory>edit</displayBeforeCategory>
    </property>
    <property>
      <displayInCategory>content</displayInCategory>
    </property>
    <property>
      <displayInSection>Templates</displayInSection>
    </property>
    <property>
      <heading/>
    </property>
    <property>
      <iconAttachment/>
    </property>
    <property>
      <linkPrefix/>
    </property>
    <property>
      <propertiesToShow/>
    </property>
    <property>
      <sectionOrder>100</sectionOrder>
    </property>
  </object>
</xwikidoc>
