<?xml version="1.0" encoding="UTF-8"?>

<!--
 * See the NOTICE file distributed with this work for additional
 * information regarding copyright ownership.
 *
 * This is free software; you can redistribute it and/or modify it
 * under the terms of the GNU Lesser General Public License as
 * published by the Free Software Foundation; either version 2.1 of
 * the License, or (at your option) any later version.
 *
 * This software is distributed in the hope that it will be useful,
 * but WITHOUT ANY WARRANTY; without even the implied warranty of
 * MERCHANTABILITY or FITNESS FOR A PARTICULAR PURPOSE. See the GNU
 * Lesser General Public License for more details.
 *
 * You should have received a copy of the GNU Lesser General Public
 * License along with this software; if not, write to the Free
 * Software Foundation, Inc., 51 Franklin St, Fifth Floor, Boston, MA
 * 02110-1301 USA, or see the FSF site: http://www.fsf.org.
-->

<xwikidoc version="1.1">
  <web>XWiki</web>
  <name>AdminExportSheet</name>
  <language/>
  <defaultLanguage/>
  <translation>0</translation>
  <creator>xwiki:XWiki.Admin</creator>
  <creationDate>1211800201000</creationDate>
  <parent>XWiki.AdminSheet</parent>
  <author>xwiki:XWiki.Admin</author>
  <contentAuthor>xwiki:XWiki.Admin</contentAuthor>
  <date>1212569607000</date>
  <contentUpdateDate>1213892723000</contentUpdateDate>
  <version>1.1</version>
  <title>AdminExportSheet</title>
  <comment/>
  <minorEdit>false</minorEdit>
  <syntaxId>xwiki/2.0</syntaxId>
  <hidden>true</hidden>
  <content>{{velocity}}
{{html}}
#template('exportinline.vm')
{{/html}}
{{/velocity}}</content>
  <object>
    <name>XWiki.AdminExportSheet</name>
    <number>0</number>
    <className>XWiki.ConfigurableClass</className>
    <guid>1ebbbfae-bf3d-4675-8aa0-8c83305692ae</guid>
    <class>
      <name>XWiki.ConfigurableClass</name>
      <customClass/>
      <customMapping/>
      <defaultViewSheet/>
      <defaultEditSheet/>
      <defaultWeb/>
      <nameField/>
      <validationScript/>
      <categoryIcon>
        <customDisplay/>
        <disabled>0</disabled>
        <name>categoryIcon</name>
        <number>11</number>
        <picker>0</picker>
        <prettyName>categoryIcon</prettyName>
        <size>30</size>
        <unmodifiable>0</unmodifiable>
        <validationMessage/>
        <validationRegExp/>
        <classType>com.xpn.xwiki.objects.classes.StringClass</classType>
      </categoryIcon>
      <codeToExecute>
        <customDisplay/>
        <disabled>0</disabled>
        <editor>Text</editor>
        <name>codeToExecute</name>
        <number>7</number>
        <picker>0</picker>
        <prettyName>codeToExecute</prettyName>
        <rows>5</rows>
        <size>40</size>
        <unmodifiable>0</unmodifiable>
        <validationMessage/>
        <validationRegExp/>
        <classType>com.xpn.xwiki.objects.classes.TextAreaClass</classType>
      </codeToExecute>
      <configurationClass>
        <customDisplay/>
        <disabled>0</disabled>
        <name>configurationClass</name>
        <number>3</number>
        <picker>0</picker>
        <prettyName>configurationClass</prettyName>
        <size>30</size>
        <unmodifiable>0</unmodifiable>
        <validationMessage/>
        <validationRegExp/>
        <classType>com.xpn.xwiki.objects.classes.StringClass</classType>
      </configurationClass>
      <configureGlobally>
        <customDisplay/>
        <defaultValue/>
        <disabled>0</disabled>
        <displayFormType>checkbox</displayFormType>
        <displayType/>
        <name>configureGlobally</name>
        <number>4</number>
        <prettyName>configureGlobally</prettyName>
        <unmodifiable>0</unmodifiable>
        <validationMessage/>
        <validationRegExp/>
        <classType>com.xpn.xwiki.objects.classes.BooleanClass</classType>
      </configureGlobally>
      <displayBeforeCategory>
        <customDisplay/>
        <disabled>0</disabled>
        <name>displayBeforeCategory</name>
        <number>10</number>
        <picker>0</picker>
        <prettyName>displayBeforeCategory</prettyName>
        <size>30</size>
        <unmodifiable>0</unmodifiable>
        <validationMessage/>
        <validationRegExp/>
        <classType>com.xpn.xwiki.objects.classes.StringClass</classType>
      </displayBeforeCategory>
      <displayInCategory>
        <customDisplay/>
        <disabled>0</disabled>
        <name>displayInCategory</name>
        <number>9</number>
        <picker>0</picker>
        <prettyName>displayInCategory</prettyName>
        <size>30</size>
        <unmodifiable>0</unmodifiable>
        <validationMessage/>
        <validationRegExp/>
        <classType>com.xpn.xwiki.objects.classes.StringClass</classType>
      </displayInCategory>
      <displayInSection>
        <customDisplay/>
        <disabled>0</disabled>
        <name>displayInSection</name>
        <number>1</number>
        <picker>0</picker>
        <prettyName>displayInSection</prettyName>
        <size>30</size>
        <unmodifiable>0</unmodifiable>
        <validationMessage/>
        <validationRegExp/>
        <classType>com.xpn.xwiki.objects.classes.StringClass</classType>
      </displayInSection>
      <heading>
        <customDisplay/>
        <disabled>0</disabled>
        <name>heading</name>
        <number>2</number>
        <picker>0</picker>
        <prettyName>heading</prettyName>
        <size>30</size>
        <unmodifiable>0</unmodifiable>
        <validationMessage/>
        <validationRegExp/>
        <classType>com.xpn.xwiki.objects.classes.StringClass</classType>
      </heading>
      <iconAttachment>
        <customDisplay/>
        <disabled>0</disabled>
        <name>iconAttachment</name>
        <number>8</number>
        <picker>0</picker>
        <prettyName>iconAttachment</prettyName>
        <size>30</size>
        <unmodifiable>0</unmodifiable>
        <validationMessage/>
        <validationRegExp/>
        <classType>com.xpn.xwiki.objects.classes.StringClass</classType>
      </iconAttachment>
      <linkPrefix>
        <customDisplay/>
        <disabled>0</disabled>
        <name>linkPrefix</name>
        <number>5</number>
        <picker>0</picker>
        <prettyName>linkPrefix</prettyName>
        <size>30</size>
        <unmodifiable>0</unmodifiable>
        <validationMessage/>
        <validationRegExp/>
        <classType>com.xpn.xwiki.objects.classes.StringClass</classType>
      </linkPrefix>
      <propertiesToShow>
        <cache>0</cache>
        <customDisplay/>
        <disabled>0</disabled>
        <displayType>input</displayType>
        <multiSelect>1</multiSelect>
        <name>propertiesToShow</name>
        <number>6</number>
        <picker>0</picker>
        <prettyName>propertiesToShow</prettyName>
        <relationalStorage>1</relationalStorage>
        <separator> </separator>
        <separators> ,|</separators>
        <size>20</size>
        <sort>none</sort>
        <unmodifiable>0</unmodifiable>
        <validationMessage/>
        <validationRegExp/>
        <values/>
        <classType>com.xpn.xwiki.objects.classes.StaticListClass</classType>
      </propertiesToShow>
      <sectionOrder>
        <customDisplay/>
        <disabled>0</disabled>
        <name>sectionOrder</name>
        <number>12</number>
        <numberType>integer</numberType>
        <prettyName>sectionOrder</prettyName>
        <size>30</size>
        <unmodifiable>0</unmodifiable>
        <validationMessage/>
        <validationRegExp/>
        <classType>com.xpn.xwiki.objects.classes.NumberClass</classType>
      </sectionOrder>
    </class>
    <property>
      <categoryIcon/>
    </property>
    <property>
      <codeToExecute/>
    </property>
    <property>
      <configurationClass/>
    </property>
    <property>
      <configureGlobally>1</configureGlobally>
    </property>
    <property>
      <displayBeforeCategory/>
    </property>
    <property>
      <displayInCategory>content</displayInCategory>
    </property>
    <property>
      <displayInSection>Export</displayInSection>
    </property>
    <property>
      <heading/>
    </property>
    <property>
      <iconAttachment/>
    </property>
    <property>
      <linkPrefix/>
    </property>
    <property>
      <propertiesToShow/>
    </property>
    <property>
      <sectionOrder>400</sectionOrder>
    </property>
  </object>
</xwikidoc>
