<?xml version="1.0" encoding="UTF-8"?>

<!--
 * See the NOTICE file distributed with this work for additional
 * information regarding copyright ownership.
 *
 * This is free software; you can redistribute it and/or modify it
 * under the terms of the GNU Lesser General Public License as
 * published by the Free Software Foundation; either version 2.1 of
 * the License, or (at your option) any later version.
 *
 * This software is distributed in the hope that it will be useful,
 * but WITHOUT ANY WARRANTY; without even the implied warranty of
 * MERCHANTABILITY or FITNESS FOR A PARTICULAR PURPOSE. See the GNU
 * Lesser General Public License for more details.
 *
 * You should have received a copy of the GNU Lesser General Public
 * License along with this software; if not, write to the Free
 * Software Foundation, Inc., 51 Franklin St, Fifth Floor, Boston, MA
 * 02110-1301 USA, or see the FSF site: http://www.fsf.org.
-->

<xwikidoc version="1.1">
  <web>XWiki</web>
  <name>RegistrationConfig</name>
  <language/>
  <defaultLanguage/>
  <translation>0</translation>
  <creator>xwiki:XWiki.Admin</creator>
  <creationDate>1364502207000</creationDate>
  <parent>XWiki.WebHome</parent>
  <author>xwiki:XWiki.Admin</author>
  <contentAuthor>xwiki:XWiki.Admin</contentAuthor>
  <date>1364564095000</date>
  <contentUpdateDate>1267217869000</contentUpdateDate>
  <version>1.1</version>
  <title>Registration Configuration</title>
  <comment/>
  <minorEdit>false</minorEdit>
  <syntaxId>xwiki/2.0</syntaxId>
  <hidden>true</hidden>
  <content>{{info}}This page contains a configuration object for [[XWiki.Registration&gt;&gt;XWiki.Registration]], You can configure [[XWiki.Registration&gt;&gt;XWiki.Registration]] from the [[registration section of the administration application&gt;&gt;XWiki.XWikiPreferences?section=Registration&amp;editor=globaladmin]].{{/info}}</content>
  <object>
    <name>XWiki.RegistrationConfig</name>
    <number>0</number>
    <className>XWiki.ConfigurableClass</className>
    <guid>d045822c-8279-4176-a382-1f153512898d</guid>
    <class>
      <name>XWiki.ConfigurableClass</name>
      <customClass/>
      <customMapping/>
      <defaultViewSheet/>
      <defaultEditSheet/>
      <defaultWeb/>
      <nameField/>
      <validationScript/>
      <categoryIcon>
        <customDisplay/>
        <disabled>0</disabled>
        <name>categoryIcon</name>
        <number>11</number>
        <picker>0</picker>
        <prettyName>categoryIcon</prettyName>
        <size>30</size>
        <unmodifiable>0</unmodifiable>
        <validationMessage/>
        <validationRegExp/>
        <classType>com.xpn.xwiki.objects.classes.StringClass</classType>
      </categoryIcon>
      <codeToExecute>
        <customDisplay/>
        <disabled>0</disabled>
        <editor>---</editor>
        <name>codeToExecute</name>
        <number>7</number>
        <picker>0</picker>
        <prettyName>codeToExecute</prettyName>
        <rows>5</rows>
        <size>40</size>
        <unmodifiable>0</unmodifiable>
        <validationMessage/>
        <validationRegExp/>
        <classType>com.xpn.xwiki.objects.classes.TextAreaClass</classType>
      </codeToExecute>
      <configurationClass>
        <customDisplay/>
        <disabled>0</disabled>
        <name>configurationClass</name>
        <number>3</number>
        <picker>0</picker>
        <prettyName>configurationClass</prettyName>
        <size>30</size>
        <unmodifiable>0</unmodifiable>
        <validationMessage/>
        <validationRegExp/>
        <classType>com.xpn.xwiki.objects.classes.StringClass</classType>
      </configurationClass>
      <configureGlobally>
        <customDisplay/>
        <defaultValue/>
        <disabled>0</disabled>
        <displayFormType>checkbox</displayFormType>
        <displayType/>
        <name>configureGlobally</name>
        <number>4</number>
        <prettyName>configureGlobally</prettyName>
        <unmodifiable>0</unmodifiable>
        <validationMessage/>
        <validationRegExp/>
        <classType>com.xpn.xwiki.objects.classes.BooleanClass</classType>
      </configureGlobally>
      <displayBeforeCategory>
        <customDisplay/>
        <disabled>0</disabled>
        <name>displayBeforeCategory</name>
        <number>10</number>
        <picker>0</picker>
        <prettyName>displayBeforeCategory</prettyName>
        <size>30</size>
        <unmodifiable>0</unmodifiable>
        <validationMessage/>
        <validationRegExp/>
        <classType>com.xpn.xwiki.objects.classes.StringClass</classType>
      </displayBeforeCategory>
      <displayInCategory>
        <customDisplay/>
        <disabled>0</disabled>
        <name>displayInCategory</name>
        <number>9</number>
        <picker>0</picker>
        <prettyName>displayInCategory</prettyName>
        <size>30</size>
        <unmodifiable>0</unmodifiable>
        <validationMessage/>
        <validationRegExp/>
        <classType>com.xpn.xwiki.objects.classes.StringClass</classType>
      </displayInCategory>
      <displayInSection>
        <customDisplay/>
        <disabled>0</disabled>
        <name>displayInSection</name>
        <number>1</number>
        <picker>0</picker>
        <prettyName>displayInSection</prettyName>
        <size>30</size>
        <unmodifiable>0</unmodifiable>
        <validationMessage/>
        <validationRegExp/>
        <classType>com.xpn.xwiki.objects.classes.StringClass</classType>
      </displayInSection>
      <heading>
        <customDisplay/>
        <disabled>0</disabled>
        <name>heading</name>
        <number>2</number>
        <picker>0</picker>
        <prettyName>heading</prettyName>
        <size>30</size>
        <unmodifiable>0</unmodifiable>
        <validationMessage/>
        <validationRegExp/>
        <classType>com.xpn.xwiki.objects.classes.StringClass</classType>
      </heading>
      <iconAttachment>
        <customDisplay/>
        <disabled>0</disabled>
        <name>iconAttachment</name>
        <number>8</number>
        <picker>0</picker>
        <prettyName>iconAttachment</prettyName>
        <size>30</size>
        <unmodifiable>0</unmodifiable>
        <validationMessage/>
        <validationRegExp/>
        <classType>com.xpn.xwiki.objects.classes.StringClass</classType>
      </iconAttachment>
      <linkPrefix>
        <customDisplay/>
        <disabled>0</disabled>
        <name>linkPrefix</name>
        <number>5</number>
        <picker>0</picker>
        <prettyName>linkPrefix</prettyName>
        <size>30</size>
        <unmodifiable>0</unmodifiable>
        <validationMessage/>
        <validationRegExp/>
        <classType>com.xpn.xwiki.objects.classes.StringClass</classType>
      </linkPrefix>
      <propertiesToShow>
        <cache>0</cache>
        <customDisplay/>
        <disabled>0</disabled>
        <displayType>input</displayType>
        <multiSelect>1</multiSelect>
        <name>propertiesToShow</name>
        <number>6</number>
        <picker>0</picker>
        <prettyName>propertiesToShow</prettyName>
        <relationalStorage>1</relationalStorage>
        <separator> </separator>
        <separators> ,|</separators>
        <size>20</size>
        <sort>none</sort>
        <unmodifiable>0</unmodifiable>
        <validationMessage/>
        <validationRegExp/>
        <values/>
        <classType>com.xpn.xwiki.objects.classes.StaticListClass</classType>
      </propertiesToShow>
      <sectionOrder>
        <customDisplay/>
        <disabled>0</disabled>
        <name>sectionOrder</name>
        <number>12</number>
        <numberType>integer</numberType>
        <prettyName>sectionOrder</prettyName>
        <size>30</size>
        <unmodifiable>0</unmodifiable>
        <validationMessage/>
        <validationRegExp/>
        <classType>com.xpn.xwiki.objects.classes.NumberClass</classType>
      </sectionOrder>
    </class>
    <property>
      <codeToExecute/>
    </property>
    <property>
      <configurationClass>XWiki.Registration</configurationClass>
    </property>
    <property>
      <configureGlobally>1</configureGlobally>
    </property>
    <property>
      <displayInSection>Registration</displayInSection>
    </property>
    <property>
      <heading/>
    </property>
    <property>
      <iconAttachment/>
    </property>
    <property>
      <linkPrefix>$xwiki.getURL('XWiki.RegistrationHelp')#</linkPrefix>
    </property>
    <property>
      <propertiesToShow/>
    </property>
  </object>
  <object>
    <name>XWiki.RegistrationConfig</name>
    <number>0</number>
    <className>XWiki.Registration</className>
    <guid>1a0c3cf7-de63-4f07-8a74-5c30bf880641</guid>
    <class>
      <name>XWiki.Registration</name>
      <customClass/>
      <customMapping/>
      <defaultViewSheet/>
      <defaultEditSheet/>
      <defaultWeb/>
      <nameField/>
      <validationScript/>
      <defaultRedirect>
        <disabled>0</disabled>
        <name>defaultRedirect</name>
        <number>7</number>
        <picker>0</picker>
        <prettyName>Redirect here after registration</prettyName>
        <size>30</size>
        <unmodifiable>0</unmodifiable>
        <validationMessage/>
        <validationRegExp/>
        <classType>com.xpn.xwiki.objects.classes.StringClass</classType>
      </defaultRedirect>
      <heading>
        <disabled>0</disabled>
        <name>heading</name>
        <number>1</number>
        <picker>0</picker>
        <prettyName>Registration page heading</prettyName>
        <size>30</size>
        <unmodifiable>0</unmodifiable>
        <validationMessage/>
        <validationRegExp/>
        <classType>com.xpn.xwiki.objects.classes.StringClass</classType>
      </heading>
      <liveValidation_defaultFieldOkMessage>
        <disabled>0</disabled>
        <name>liveValidation_defaultFieldOkMessage</name>
        <number>4</number>
        <picker>0</picker>
        <prettyName>Default field okay message</prettyName>
        <size>30</size>
        <unmodifiable>0</unmodifiable>
        <validationMessage/>
        <validationRegExp/>
        <classType>com.xpn.xwiki.objects.classes.StringClass</classType>
      </liveValidation_defaultFieldOkMessage>
      <liveValidation_enabled>
        <defaultValue/>
        <disabled>0</disabled>
        <displayFormType>checkbox</displayFormType>
        <displayType/>
        <name>liveValidation_enabled</name>
        <number>3</number>
        <prettyName>Enable Javascript field validation</prettyName>
        <unmodifiable>0</unmodifiable>
        <validationMessage/>
        <validationRegExp/>
        <classType>com.xpn.xwiki.objects.classes.BooleanClass</classType>
      </liveValidation_enabled>
      <loginButton_autoLogin_enabled>
        <defaultValue/>
        <disabled>0</disabled>
        <displayFormType>checkbox</displayFormType>
        <displayType/>
        <name>loginButton_autoLogin_enabled</name>
        <number>6</number>
        <prettyName>Enable automatic login</prettyName>
        <unmodifiable>0</unmodifiable>
        <validationMessage/>
        <validationRegExp/>
        <classType>com.xpn.xwiki.objects.classes.BooleanClass</classType>
      </loginButton_autoLogin_enabled>
      <loginButton_enabled>
        <defaultValue/>
        <disabled>0</disabled>
        <displayFormType>checkbox</displayFormType>
        <displayType/>
        <name>loginButton_enabled</name>
        <number>5</number>
        <prettyName>Enable login button</prettyName>
        <unmodifiable>0</unmodifiable>
        <validationMessage/>
        <validationRegExp/>
        <classType>com.xpn.xwiki.objects.classes.BooleanClass</classType>
      </loginButton_enabled>
      <registrationSuccessMessage>
        <disabled>0</disabled>
        <editor>PureText</editor>
        <name>registrationSuccessMessage</name>
        <number>9</number>
        <picker>0</picker>
        <prettyName>Registration Successful Message</prettyName>
        <rows>12</rows>
        <size>40</size>
        <unmodifiable>0</unmodifiable>
        <validationMessage/>
        <validationRegExp/>
        <classType>com.xpn.xwiki.objects.classes.TextAreaClass</classType>
      </registrationSuccessMessage>
      <requireCaptcha>
        <defaultValue/>
        <disabled>0</disabled>
        <displayFormType>checkbox</displayFormType>
        <displayType/>
        <name>requireCaptcha</name>
        <number>8</number>
        <prettyName>Require captcha to register</prettyName>
        <unmodifiable>0</unmodifiable>
        <validationMessage/>
        <validationRegExp/>
        <classType>com.xpn.xwiki.objects.classes.BooleanClass</classType>
      </requireCaptcha>
      <welcomeMessage>
        <disabled>0</disabled>
        <editor>PureText</editor>
        <name>welcomeMessage</name>
        <number>2</number>
        <picker>0</picker>
        <prettyName>Welcome message</prettyName>
        <rows>12</rows>
        <size>40</size>
        <unmodifiable>0</unmodifiable>
        <validationMessage/>
        <validationRegExp/>
        <classType>com.xpn.xwiki.objects.classes.TextAreaClass</classType>
      </welcomeMessage>
    </class>
    <property>
      <defaultRedirect>$xwiki.getURL($services.model.resolveDocument('', 'default', $doc.documentReference.extractReference('WIKI')))</defaultRedirect>
    </property>
    <property>
      <heading>$services.localization.render('core.register.title')</heading>
    </property>
    <property>
      <liveValidation_defaultFieldOkMessage>$services.localization.render('core.validation.valid.message')</liveValidation_defaultFieldOkMessage>
    </property>
    <property>
      <liveValidation_enabled>1</liveValidation_enabled>
    </property>
    <property>
      <loginButton_autoLogin_enabled>0</loginButton_autoLogin_enabled>
    </property>
    <property>
      <loginButton_enabled>1</loginButton_enabled>
    </property>
    <property>
      <registrationSuccessMessage>#set($fullName = "$request.get('register_first_name') $request.get('register_last_name')")
{{info}}$services.localization.render('core.register.successful', ["[[$fullName&gt;&gt;$userSpace$userName]]", $userName]){{/info}}</registrationSuccessMessage>
    </property>
    <property>
      <requireCaptcha>0</requireCaptcha>
    </property>
    <property>
      <welcomeMessage>{{translation key="core.register.welcome"/}}</welcomeMessage>
    </property>
  </object>
</xwikidoc>
