<?xml version="1.0" encoding="UTF-8"?>

<!--
 * See the NOTICE file distributed with this work for additional
 * information regarding copyright ownership.
 *
 * This is free software; you can redistribute it and/or modify it
 * under the terms of the GNU Lesser General Public License as
 * published by the Free Software Foundation; either version 2.1 of
 * the License, or (at your option) any later version.
 *
 * This software is distributed in the hope that it will be useful,
 * but WITHOUT ANY WARRANTY; without even the implied warranty of
 * MERCHANTABILITY or FITNESS FOR A PARTICULAR PURPOSE. See the GNU
 * Lesser General Public License for more details.
 *
 * You should have received a copy of the GNU Lesser General Public
 * License along with this software; if not, write to the Free
 * Software Foundation, Inc., 51 Franklin St, Fifth Floor, Boston, MA
 * 02110-1301 USA, or see the FSF site: http://www.fsf.org.
-->

<xwikidoc version="1.1">
  <web>XWiki</web>
  <name>TemplateProviderSheet</name>
  <language/>
  <defaultLanguage/>
  <translation>0</translation>
  <creator>xwiki:XWiki.Admin</creator>
  <creationDate>1377515110000</creationDate>
  <parent>XWiki.TemplateProviderClass</parent>
  <author>xwiki:XWiki.Admin</author>
  <contentAuthor>xwiki:XWiki.Admin</contentAuthor>
  <date>1378402239000</date>
  <contentUpdateDate>1378401463000</contentUpdateDate>
  <version>1.1</version>
  <title/>
  <comment/>
  <minorEdit>false</minorEdit>
  <syntaxId>xwiki/2.0</syntaxId>
  <hidden>true</hidden>
  <content>{{velocity}}
#set ($discard = $xwiki.jsx.use('XWiki.TemplateProviderSheet'))
#set ($providerObj = $doc.getObject('XWiki.TemplateProviderClass'))
#if ($editor == 'inline')
  ; {{translation key="xe.templateprovider.name"/}}
  : {{html}}&lt;input type="text" value="$!{doc.getTitle()}" name="title" /&gt;{{/html}}
#end
; {{translation key="xe.templateprovider.templatename"/}}
#if ($editor == 'inline')

  {{translation key="xe.templateprovider.templatename.info"/}}
  : $doc.display('name')
#else
  #set($providerName = $providerObj.getProperty('name').value)
  : $services.localization.render($providerName)
#end
; {{translation key="xe.templateprovider.template"/}}
#if ($editor == 'inline')
  : $doc.display('template')
#else
  #set($templateDocName = $providerObj.getProperty('template').value)
  : [[$templateDocName&gt;&gt;$templateDocName]]
#end
; {{translation key="xe.templateprovider.templatetype"/}}
#if ($editor == 'inline')

  {{translation key="xe.templateprovider.templatetype.info"/}}
#end
: $doc.display('type')
(% id="enabled-spaces" %)(((
; {{translation key="xe.templateprovider.spaces"/}}
#if ($editor == 'inline')

  {{translation key="xe.templateprovider.spaces.info"/}}
#end
: $doc.display('spaces')
)))
; {{translation key="xe.templateprovider.action"/}}

#if ($editor == 'inline')
  {{translation key="xe.templateprovider.action.info"/}}
#end
: $doc.display('action')


#if ($xcontext.action == 'view')

  {{html wiki="true"}}
    &lt;span class="buttonwrapper"&gt;
      [[{{translation key="xe.templateprovider.backtoadmin"/}}&gt;&gt;$xwiki.getDocument('XWiki', 'XWikiPreferences').getExternalURL('admin', 'section=Templates')]]
    &lt;/span&gt;
  {{/html}}
#end
{{/velocity}}</content>
  <object>
    <name>XWiki.TemplateProviderSheet</name>
    <number>0</number>
    <className>XWiki.EditModeClass</className>
    <guid>365d54ff-373c-48ca-bafb-9c82109f31ed</guid>
    <class>
      <name>XWiki.EditModeClass</name>
      <customClass/>
      <customMapping/>
      <defaultViewSheet/>
      <defaultEditSheet/>
      <defaultWeb/>
      <nameField/>
      <validationScript/>
      <defaultEditMode>
        <disabled>0</disabled>
        <name>defaultEditMode</name>
        <number>1</number>
        <prettyName>Default Edit Mode</prettyName>
        <size>15</size>
        <unmodifiable>0</unmodifiable>
        <classType>com.xpn.xwiki.objects.classes.StringClass</classType>
      </defaultEditMode>
    </class>
    <property>
      <defaultEditMode>inline</defaultEditMode>
    </property>
  </object>
  <object>
    <name>XWiki.TemplateProviderSheet</name>
    <number>0</number>
    <className>XWiki.JavaScriptExtension</className>
    <guid>d5d86859-b40a-4566-8765-653581793652</guid>
    <class>
      <name>XWiki.JavaScriptExtension</name>
      <customClass/>
      <customMapping/>
      <defaultViewSheet/>
      <defaultEditSheet/>
      <defaultWeb/>
      <nameField/>
      <validationScript/>
      <cache>
        <cache>0</cache>
        <disabled>0</disabled>
        <displayType>select</displayType>
        <multiSelect>0</multiSelect>
        <name>cache</name>
        <number>5</number>
        <prettyName>Caching policy</prettyName>
        <relationalStorage>0</relationalStorage>
        <separator> </separator>
        <separators>|, </separators>
        <size>1</size>
        <unmodifiable>0</unmodifiable>
        <values>long|short|default|forbid</values>
        <classType>com.xpn.xwiki.objects.classes.StaticListClass</classType>
      </cache>
      <code>
        <disabled>0</disabled>
        <name>code</name>
        <number>2</number>
        <prettyName>Code</prettyName>
        <rows>20</rows>
        <size>50</size>
        <unmodifiable>0</unmodifiable>
        <classType>com.xpn.xwiki.objects.classes.TextAreaClass</classType>
      </code>
      <name>
        <disabled>0</disabled>
        <name>name</name>
        <number>1</number>
        <prettyName>Name</prettyName>
        <size>30</size>
        <unmodifiable>0</unmodifiable>
        <classType>com.xpn.xwiki.objects.classes.StringClass</classType>
      </name>
      <parse>
        <disabled>0</disabled>
        <displayFormType>select</displayFormType>
        <displayType>yesno</displayType>
        <name>parse</name>
        <number>4</number>
        <prettyName>Parse content</prettyName>
        <unmodifiable>0</unmodifiable>
        <classType>com.xpn.xwiki.objects.classes.BooleanClass</classType>
      </parse>
      <use>
        <cache>0</cache>
        <disabled>0</disabled>
        <displayType>select</displayType>
        <multiSelect>0</multiSelect>
        <name>use</name>
        <number>3</number>
        <prettyName>Use this extension</prettyName>
        <relationalStorage>0</relationalStorage>
        <separator> </separator>
        <separators>|, </separators>
        <size>1</size>
        <unmodifiable>0</unmodifiable>
        <values>currentPage|onDemand|always</values>
        <classType>com.xpn.xwiki.objects.classes.StaticListClass</classType>
      </use>
    </class>
    <property>
      <cache>long</cache>
    </property>
    <property>
      <code>document.observe('xwiki:dom:loaded', function() {
  // ----------------------------------------------------------------------------------------------------
  // Suggest document names in the name field of the template provider
  // ----------------------------------------------------------------------------------------------------
  var templateElement = document.documentElement.down('input[name$=_template]');
  if (templateElement) {
    if (typeof(XWiki.widgets.Suggest) != 'undefined') {
      new XWiki.widgets.Suggest(templateElement, {
        script           : XWiki.Document.getRestSearchURL("scope=name&amp;number=10&amp;media=json&amp;"),
        varname          : "q",
        icon             : "$xwiki.getSkinFile('icons/silk/page_white_text.png')",
        noresults        : "Document not found",
        json             : true,
        resultsParameter : "searchResults",
        resultId         : "id",
        resultValue      : "pageFullName",
        resultInfo       : "pageFullName"
      });
    }

    if (typeof(XWiki.Document) != 'undefined') {
      var enableTemplateEditLink = function() {
        if (templateElement.value == '') {
          if (templateElement.__x_editLink) {
            templateElement.__x_editLink.hide();
          }
        } else {
          var resource = XWiki.resource.get(templateElement.value);
          var url = new XWiki.Document(resource.name, resource.space, resource.wiki).getURL('edit');
          if (templateElement.__x_editLink) {
            templateElement.__x_editLink.down('a').setAttribute('href', url);
            templateElement.__x_editLink.show();
          } else {
            templateElement.__x_editLink = new Element('a', {
              'href'   : url,
              'title'  : "$services.localization.render('xe.templateprovider.template.edit')" ,
              'target' : "__blank" ,
              'class'  : 'button'
            }).update("$services.localization.render('xe.templateprovider.template.edit')").wrap('span', {'class' : 'buttonwrapper'});
            templateElement.insert({'after' : templateElement.__x_editLink});
            templateElement.insert({'after' : ' '});
          }
        }
      };
      enableTemplateEditLink();
      templateElement.observe('blur', enableTemplateEditLink);
    }
  }
  // ----------------------------------------------------------------------------------------------------
  // Add live validations
  // ----------------------------------------------------------------------------------------------------
  if (typeof LiveValidation != 'undefined') {
    var templateNameValidator = new LiveValidation($('XWiki.TemplateProviderClass_0_name'), {
      validMessage: "$escapetool.javascript($services.localization.render('core.validation.valid.message'))"
    });
    templateNameValidator.add(Validate.Presence, {
      failureMessage: "$escapetool.javascript($services.localization.render('core.validation.required.message'))"
    });
  }
  // ----------------------------------------------------------------------------------------------------
  // TODO: Remove this code when XWiki starts supporting nested spaces:
  //   If the template type is set to 'Space', hide from the user the
  //   list of spaces where the template should be active
  // ----------------------------------------------------------------------------------------------------
  var typeElement = document.documentElement.down('select[name$=_type]');
  var enabledSpacesFields = $('enabled-spaces');
  var toggleSpaces = function() {
    var templateType = typeElement.options[typeElement.selectedIndex].value;
    if (templateType == 'space') {
       enabledSpacesFields.addClassName('hidden');
    } else {
       enabledSpacesFields.removeClassName('hidden');
    }
  }
  if (typeElement &amp;&amp; enabledSpacesFields) {
    toggleSpaces();
    typeElement.observe('change', toggleSpaces);
  }
});</code>
    </property>
    <property>
      <name/>
    </property>
    <property>
      <parse>1</parse>
    </property>
    <property>
      <use>onDemand</use>
    </property>
  </object>
</xwikidoc>
