<?xml version="1.0" encoding="UTF-8"?>

<!--
 * See the NOTICE file distributed with this work for additional
 * information regarding copyright ownership.
 *
 * This is free software; you can redistribute it and/or modify it
 * under the terms of the GNU Lesser General Public License as
 * published by the Free Software Foundation; either version 2.1 of
 * the License, or (at your option) any later version.
 *
 * This software is distributed in the hope that it will be useful,
 * but WITHOUT ANY WARRANTY; without even the implied warranty of
 * MERCHANTABILITY or FITNESS FOR A PARTICULAR PURPOSE. See the GNU
 * Lesser General Public License for more details.
 *
 * You should have received a copy of the GNU Lesser General Public
 * License along with this software; if not, write to the Free
 * Software Foundation, Inc., 51 Franklin St, Fifth Floor, Boston, MA
 * 02110-1301 USA, or see the FSF site: http://www.fsf.org.
-->

<xwikidoc version="1.1">
  <web>XWiki</web>
  <name>AdminUsersSheet</name>
  <language/>
  <defaultLanguage/>
  <translation>0</translation>
  <creator>xwiki:XWiki.Admin</creator>
  <creationDate>1364502208000</creationDate>
  <parent>XWiki.AdminSheet</parent>
  <author>xwiki:XWiki.Admin</author>
  <contentAuthor>xwiki:XWiki.Admin</contentAuthor>
  <date>1364565878000</date>
  <contentUpdateDate>1364565878000</contentUpdateDate>
  <version>1.1</version>
  <title>AdminUsersSheet</title>
  <comment/>
  <minorEdit>false</minorEdit>
  <syntaxId>xwiki/2.0</syntaxId>
  <hidden>true</hidden>
  <content>{{velocity}}
## We include new settings from the Wiki Manager (only if it is not the main wiki)
#set($wikiManagerUserRef = $services.model.createDocumentReference('', 'WikiManager', 'WikiUsers'))
#if(!$xcontext.isMainWiki() &amp;&amp; $xwiki.exists($wikiManagerUserRef))
  {{include reference="WikiManager.WikiUsers" /}}
#end

##
## The Users management is enabled:
## - on the main wiki
## - on a subwiki where local users are enabled
## - on a subwiki if there is no service "$services.wiki.user"
#if($xcontext.isMainWiki() || "$!services.wiki.user" == '' || "$!services.wiki.user.userScope" != 'GLOBAL_ONLY')
  ### Globally administrate the users in a wiki.
  #set($formname = "update")
  #set($saveaction = "save")
  ##
  ## inject needed JS and CSS files
  ##
  #set($ok = $xwiki.jsfx.use("js/xwiki/lightbox/lightbox.js", true))
  #set($ok = $xwiki.ssfx.use("js/xwiki/lightbox/lightbox.css", true))
  #set($ok = $xwiki.jsfx.use("js/xwiki/usersandgroups/usersandgroups.js", true))
  #set($ok = $xwiki.ssfx.use("js/xwiki/usersandgroups/usersandgroups.css", true))
  #set($ok = $xwiki.jsfx.use("js/xwiki/table/livetable.js", true))
  #set($ok = $xwiki.ssfx.use("js/xwiki/table/livetable.css", true))
  #set($ok = $xwiki.ssx.use("XWiki.XWikiUserSheet"))
  #set($ok = $xwiki.jsx.use("XWiki.XWikiUserSheet"))
  ##
  ## url to get the users for displaying them in the ajax-based table
  ##
  #set($url = $doc.getURL('get', 'xpage=getusers'))
  #if($xcontext.database != "xwiki")
    #set($mainwk = false)
  #else
    #set($mainwk = true)
  #end
  {{html}}
  &lt;div id="xwikieditcontent"&gt;
    &lt;table id="userstable" class="xwiki-livetable"&gt;
      &lt;tr&gt;
        &lt;td class="xwiki-livetable-pagination"&gt;
          &lt;span id="userstable-limits" class="xwiki-livetable-limits"&gt;&lt;/span&gt;
          &lt;span id="userstable-ajax-loader" class="xwiki-livetable-loader"&gt;&lt;img src="$xwiki.getSkinFile('icons/xwiki/ajax-loader-large.gif')" alt="$services.localization.render('platform.livetable.loading')" title="" /&gt;$services.localization.render('platform.livetable.loading')&lt;/span&gt;
          &lt;span class="pagination"&gt;
            &lt;span id="userstable-pagination-text" class="xwiki-livetable-pagination-text"&gt;$services.localization.render('platform.livetable.paginationPage')&lt;/span&gt;
            &lt;span id="userstable-pagination" class="xwiki-livetable-pagination-content" &gt;&lt;/span&gt;
          &lt;/span&gt;
        &lt;/td&gt;
      &lt;/tr&gt;
      &lt;tr&gt;
        &lt;td class="xwiki-livetable-display-container"&gt;
          &lt;table class="xwiki-livetable-display"&gt;
            &lt;thead class="xwiki-livetable-display-header"&gt;
              &lt;tr&gt;
                &lt;th class="xwiki-livetable-display-header-text" scope="col"&gt;$services.localization.render('xe.admin.users.username')&lt;/th&gt;
                &lt;th class="xwiki-livetable-display-header-text" scope="col"&gt;$services.localization.render('xe.admin.users.firstname')&lt;/th&gt;
                &lt;th class="xwiki-livetable-display-header-text" scope="col"&gt;$services.localization.render('xe.admin.users.lastname')&lt;/th&gt;
                &lt;th class="xwiki-livetable-display-header-text" scope="col"&gt;$services.localization.render('xe.admin.users.manage')&lt;/th&gt;
              &lt;/tr&gt;
              &lt;tr id="userstable-filters" class="xwiki-livetable-display-filters"&gt;
                &lt;td class="xwiki-livetable-display-header-filter"&gt;&lt;label for="name" class="hidden"&gt;$services.localization.render('xe.admin.users.filter.username')&lt;/label&gt;&lt;input id="name" name="name" type="text" class="filter"/&gt;&lt;/td&gt;
                &lt;td class="xwiki-livetable-display-header-filter"&gt;&lt;label for="first_name" class="hidden"&gt;$services.localization.render('xe.admin.users.filter.username')&lt;/label&gt;&lt;input id="first_name" name="first_name" type="text" class="filter"/&gt;&lt;/td&gt;
                &lt;td class="xwiki-livetable-display-header-filter"&gt;&lt;label for="last_name" class="hidden"&gt;$services.localization.render('xe.admin.users.filter.username')&lt;/label&gt;&lt;input id="last_name" name="last_name" type="text" class="filter"/&gt;&lt;/td&gt;
                &lt;td class="xwiki-livetable-display-header-filter"&gt;
                  #if(!$mainwk)
                    &lt;select name="wiki" class="filter"&gt;
                      &lt;option value="local" selected="selected"&gt;$services.localization.render('rightsmanager.local')&lt;/option&gt;
                      &lt;option value="global"&gt;$services.localization.render('rightsmanager.global')&lt;/option&gt;
                      &lt;option value="both"&gt;$services.localization.render('rightsmanager.both')&lt;/option&gt;
                    &lt;/select&gt;
                  #else
                    &lt;input name="wiki" type="hidden" value="local" /&gt;
                  #end
                &lt;/td&gt;
              &lt;/tr&gt;
            &lt;/thead&gt;
            &lt;tbody id="userstable-display" class="xwiki-livetable-display-body"&gt;
              &lt;tr&gt;
                &lt;td colspan="4"&gt;&amp;nbsp;&lt;/td&gt;
              &lt;/tr&gt;
            &lt;/tbody&gt;
          &lt;/table&gt;
        &lt;/td&gt;
      &lt;/tr&gt;
      &lt;tr&gt;&lt;td id="tdAddNewUserOrGroup"&gt;
        &lt;span class="buttonwrapper"&gt;&lt;a href="#" id="addNewUser" class="addNewUserOrGroup"&gt;$services.localization.render('rightsmanager.addnewuser')&lt;/a&gt;&lt;/span&gt;
      &lt;/td&gt;&lt;/tr&gt;
    &lt;/table&gt;
    &lt;script type="text/javascript"&gt;
      // &lt;![CDATA[
      (function() {
        var startup = function() {
          var callback = function(row, i, table) { return displayUsers(row, i, table, "$!{services.csrf.getToken()}"); };
          var ta = new XWiki.widgets.LiveTable("$url", "userstable", callback);
          #set($registerurl = $doc.getURL('view', 'xpage=registerinline'))
          #set($saveurl = $doc.getURL('register', 'xpage=registerinline'))
          #set($redirectuserurl = $xwiki.getDocument('XWiki.XWikiPreferences').getURL('admin', "editor=${editor}&amp;section=Users"))
          Event.observe($('addNewUser'), "click", makeAddHandler("$registerurl", "$saveurl", "$redirectuserurl"));
        }
        if ((typeof(XWiki) != 'undefined') &amp;&amp; (typeof(XWiki.widgets) != 'undefined') &amp;&amp; (typeof(XWiki.widgets.LiveTable) != 'undefined')) {
          startup();
        } else {
          document.observe('xwiki:livetable:loading', startup);
        }
      })();
      // ]]&gt;
    &lt;/script&gt;
  &lt;/div&gt; ## end of xwikieditcontent
  {{/html}}
#end
{{/velocity}}</content>
</xwikidoc>
