<?xml version="1.0" encoding="UTF-8"?>

<!--
 * See the NOTICE file distributed with this work for additional
 * information regarding copyright ownership.
 *
 * This is free software; you can redistribute it and/or modify it
 * under the terms of the GNU Lesser General Public License as
 * published by the Free Software Foundation; either version 2.1 of
 * the License, or (at your option) any later version.
 *
 * This software is distributed in the hope that it will be useful,
 * but WITHOUT ANY WARRANTY; without even the implied warranty of
 * MERCHANTABILITY or FITNESS FOR A PARTICULAR PURPOSE. See the GNU
 * Lesser General Public License for more details.
 *
 * You should have received a copy of the GNU Lesser General Public
 * License along with this software; if not, write to the Free
 * Software Foundation, Inc., 51 Franklin St, Fifth Floor, Boston, MA
 * 02110-1301 USA, or see the FSF site: http://www.fsf.org.
-->

<xwikidoc>
  <web>XAppCode</web>
  <name>ExportAppCode</name>
  <language/>
  <defaultLanguage/>
  <translation>0</translation>
  <parent>XAppCode.WebHome</parent>
  <creator>xwiki:XWiki.Admin</creator>
  <author>xwiki:XWiki.Admin</author>
  <customClass/>
  <contentAuthor>xwiki:XWiki.Admin</contentAuthor>
  <creationDate>1192218584000</creationDate>
  <date>1278410830000</date>
  <contentUpdateDate>1278410830000</contentUpdateDate>
  <version>1.1</version>
  <title/>
  <template/>
  <defaultTemplate/>
  <validationScript/>
  <comment/>
  <minorEdit>false</minorEdit>
  <syntaxId>xwiki/1.0</syntaxId>
  <hidden>true</hidden>
  <content>#if($action &amp;&amp; $action == "export")
  #if($confirm &amp;&amp; $confirm == 1)
    #if($recurse &amp;&amp; $recurse == 1)
      #set($recurse = true)
    #else
      #set($recurse = false)
    #end
    #if($withversion &amp;&amp; $withversion == 1)
      #set($withversion = true)
    #else
      #set($withversion = false)
    #end
    #set($result = $AppManager.exportApplicationXAR($appname, $recurse, $withversion))
    #if ($result == $Exception.ERROR_NOERROR)
      #info($services.localization.render('xapp.successexportapp', [$appname]))
    #elseif ($result == $Exception.ERROR_XWIKI_ACCESS_DENIED)
      #error($services.localization.render('notallowed'))
    #else
      #error($services.localization.render('xapp.errorexportapp', [$appname, $result]))
    #end
  #else
    &lt;form id="exportForm" action="$doc.getURL()" method="get"&gt;
      #xwikimessageboxstart($services.localization.render('xapp.answer.exportapp.title', [$appname]) '')
        &lt;input type="hidden" name="form_token" value="$!{services.csrf.getToken()}" /&gt;
        &lt;input type="hidden" id="confirm" name="confirm" value="1" /&gt;
        &lt;input type="hidden" id="action" name="action" value="$action" /&gt;
        &lt;input type="hidden" id="appname" name="appname" value="$appname" /&gt;

        &lt;input type="checkbox" id="recurse" name="recurse" value="1" checked="checked"/&gt;&lt;label for="recurse"&gt;$services.localization.render('xapp.answer.exportapp.recursive')&lt;/label&gt;&lt;br/&gt;
        &lt;input type="checkbox" id="withdetails" name="withdetails" value="1"/&gt;&lt;label for="withdetails"&gt;$services.localization.render('xapp.answer.exportapp.withdetails')&lt;/label&gt;

        #submitButton('exportok', $null, $services.localization.render('ok'))
      #xwikimessageboxend()
    &lt;/form&gt;
  #end
#end</content>
</xwikidoc>
