<?xml version="1.0" encoding="UTF-8"?>

<!--
 * See the NOTICE file distributed with this work for additional
 * information regarding copyright ownership.
 *
 * This is free software; you can redistribute it and/or modify it
 * under the terms of the GNU Lesser General Public License as
 * published by the Free Software Foundation; either version 2.1 of
 * the License, or (at your option) any later version.
 *
 * This software is distributed in the hope that it will be useful,
 * but WITHOUT ANY WARRANTY; without even the implied warranty of
 * MERCHANTABILITY or FITNESS FOR A PARTICULAR PURPOSE. See the GNU
 * Lesser General Public License for more details.
 *
 * You should have received a copy of the GNU Lesser General Public
 * License along with this software; if not, write to the Free
 * Software Foundation, Inc., 51 Franklin St, Fifth Floor, Boston, MA
 * 02110-1301 USA, or see the FSF site: http://www.fsf.org.
-->

<xwikidoc version="1.1">
  <web>AppWithinMinutes</web>
  <name>DeleteApplication</name>
  <language/>
  <defaultLanguage/>
  <translation>0</translation>
  <creator>xwiki:XWiki.Admin</creator>
  <creationDate>1407150147000</creationDate>
  <parent>AppWithinMinutes.WebHome</parent>
  <author>xwiki:XWiki.Admin</author>
  <contentAuthor>xwiki:XWiki.Admin</contentAuthor>
  <date>1407168058000</date>
  <contentUpdateDate>1407168058000</contentUpdateDate>
  <version>1.1</version>
  <title>Delete Application</title>
  <comment/>
  <minorEdit>false</minorEdit>
  <syntaxId>xwiki/2.1</syntaxId>
  <hidden>true</hidden>
  <content>{{velocity}}
#if ("$!request.appName" != '')
  #if ($request.resolve == 'true')
    #set ($appReference = $services.model.resolveSpace($request.appName))
  #else
    #set ($appReference = $services.model.createSpaceReference($request.appName,
      $doc.documentReference.wikiReference))
  #end
  #set ($appLocalStringRef = $services.model.serialize($appReference, 'local'))
  #set ($appName = $appReference.name)
  #set ($scope = $request.scope)
  #set ($dataHomeRef = $services.model.resolveDocument('', 'default', $appReference))
  #set ($dataHomeDoc = $xwiki.getDocument($dataHomeRef))
  #set ($liveTableObj = $dataHomeDoc.getObject('AppWithinMinutes.LiveTableClass'))
  #set ($classFullName = $liveTableObj.getProperty('class').value)
  ## Make sure a valid application name has been passed, otherwise stop here.
  #if ("$!classFullName" != '')
    #if ($request.confirm == '1')
      ## CSRF protection.
      #if(!$services.csrf.isTokenValid($request.form_token))
        $response.sendRedirect($services.csrf.getResubmissionURL())
        #stop
      #end
      ##
      #set ($classRef = $services.model.resolveDocument($classFullName, 'explicit', $dataHomeRef))
      ##
      ## Common values for both cases.
      #set ($deleteQueryString = "WHERE doc.space in (:spaces)")
      #set ($deleteQuerySpaces = [$appLocalStringRef])
      #set ($templateDocFullName = $NULL)
      ##
      #if ("$!scope" == 'entries')
        ## Delete only the application's entries (just data) from the data space.
        ##
        ## Note: XWQL does not support parametrised object class, so we just have to push it directly in the query string.    
        #set ($deleteQueryString = "FROM doc.object('"+$classFullName+"') AS obj $deleteQueryString AND doc.fullName &lt;&gt; :template")
        #set ($classShortName = $classRef.lastSpaceReference.name)
        #set ($templateDocRef = $services.model.createEntityReference("${classShortName}Template",
          'DOCUMENT', $classRef.lastSpaceReference))
        #set ($templateDocFullName = $services.model.serialize($templateDocRef, 'local'))
      #else
        ## Delete the entire application (code + data spaces).
        ##
        #set ($codeLocalSpaceRef = $services.model.serialize($classRef.lastSpaceReference, 'local'))
        #set ($discard = $deleteQuerySpaces.add($codeLocalSpaceRef))
      #end
      ##
      ## Run the query and delete the documents.
      #set ($deleteQuery = $services.query.xwql($deleteQueryString))
      #set ($discard = $deleteQuery.bindValue('spaces', $deleteQuerySpaces))
      #if ($templateDocFullName)
        #set ($discard = $deleteQuery.bindValue('template', $templateDocFullName))
      #end
      #set ($docNamesToDelete = $deleteQuery.execute())
      #foreach ($docNameToDelete in $docNamesToDelete)
        #set ($docToDelete = $xwiki.getDocument($docNameToDelete))
        #set ($discard = $docToDelete.delete())
      #end
      ##
      ## If requested, redirect the UI after the work is complete.
      #if ($request.xredirect)
        $response.sendRedirect($request.xredirect)
      #end
    #else
      ## Confirmation dialog
      #if ("$!scope" == 'entries')
        #set ($confirmationMessage = $services.localization.render('platform.appwithinminutes.deleteAppEntriesConfirmation', $escapetool.xml($appName)))
      #else
        #set ($confirmationMessage = $services.localization.render('platform.appwithinminutes.deleteAppConfirmation', $escapetool.xml($appName)))
      #end
      #set ($cancelURL = $doc.getURL())
      #set ($confirmParams = {
        'appName': $appLocalStringRef,
        'resolve': true,
        'scope': $scope,
        'confirm': 1,
        'form_token': $services.csrf.token
      })
      #if ("$!request.xredirect" != '')
        #set ($cancelURL = $request.xredirect)
        #set ($confirmParams.xredirect = $request.xredirect)
      #end
      #set ($confirmURL = $doc.getURL($xcontext.action, $escapetool.url($confirmParams)))
      {{html}}
      #xwikimessagebox($services.localization.render('core.delete') $confirmationMessage $confirmURL
        $escapetool.xml($cancelURL) $services.localization.render('yes') $services.localization.render('no'))
      {{/html}}
    #end
  #else
    ## Unusable application name.
    #if (!$xwiki.exists($dataHomeRef))
      {{error}}$services.localization.render('platform.appwithinminutes.deleteAppDoesNotExistError'){{/error}}
    #else
      {{error}}$services.localization.render('platform.appwithinminutes.deleteAppInvalidAppError'){{/error}}
    #end
  #end
#else
  {{error}}$services.localization.render('platform.appwithinminutes.deleteAppNotSpecifiedError'){{/error}}
#end
{{/velocity}}
</content>
</xwikidoc>
