<?xml version="1.0" encoding="UTF-8"?><metadata>
  <groupId>org.mockito</groupId>
  <artifactId>mockito-all</artifactId>
  <version>1.1</version>
  <versioning>
    <versions>
      <version>1.1</version>
      <version>1.2</version>
      <version>1.3</version>
      <version>1.4</version>
      <version>1.5</version>
      <version>1.6</version>
      <version>1.7</version>
      <version>1.8.0-rc1</version>
      <version>1.8.0-rc2</version>
    </versions>
    <lastUpdated>20090618182844</lastUpdated>
  </versioning>
</metadata>