<?xml version="1.0" encoding="UTF-8"?>

<!--
 * See the NOTICE file distributed with this work for additional
 * information regarding copyright ownership.
 *
 * This is free software; you can redistribute it and/or modify it
 * under the terms of the GNU Lesser General Public License as
 * published by the Free Software Foundation; either version 2.1 of
 * the License, or (at your option) any later version.
 *
 * This software is distributed in the hope that it will be useful,
 * but WITHOUT ANY WARRANTY; without even the implied warranty of
 * MERCHANTABILITY or FITNESS FOR A PARTICULAR PURPOSE. See the GNU
 * Lesser General Public License for more details.
 *
 * You should have received a copy of the GNU Lesser General Public
 * License along with this software; if not, write to the Free
 * Software Foundation, Inc., 51 Franklin St, Fifth Floor, Boston, MA
 * 02110-1301 USA, or see the FSF site: http://www.fsf.org.
-->

<xwikidoc reference="AppWithinMinutes.Translations" locale="sk">
  <web>AppWithinMinutes</web>
  <name>Translations</name>
  <language>sk</language>
  <defaultLanguage>en</defaultLanguage>
  <translation>1</translation>
  <parent>AppWithinMinutes.WebHome</parent>
  <creator>xwiki:XWiki.Admin</creator>
  <author>xwiki:XWiki.Admin</author>
  <customClass/>
  <contentAuthor>xwiki:XWiki.Admin</contentAuthor>
  <creationDate>1323097478000</creationDate>
  <date>1445422650000</date>
  <contentUpdateDate>1445422591000</contentUpdateDate>
  <version>1.1</version>
  <title/>
  <defaultTemplate/>
  <validationScript/>
  <comment/>
  <minorEdit>false</minorEdit>
  <syntaxId>plain/1.0</syntaxId>
  <hidden>true</hidden>
  <content>## XWiki Translation for language sk generated from http://www.l10n.xwiki.org
platform.appwithinminutes.appHomePageActionsHeading=Akcie
platform.appwithinminutes.appHomePageAddEntryHint=Pridať nový vstup
platform.appwithinminutes.appHomePageAddEntryLabel=Pridať
platform.appwithinminutes.appHomePageDeleteAppLabel=Odstrániť aplikáciu
platform.appwithinminutes.appHomePageDeleteEntriesLabel=Odstrániť všetky položky
platform.appwithinminutes.appHomePageEditAppLabel=Editovať aplikáciu
platform.appwithinminutes.appHomePageEntryNameLabel=Názov položky\:
platform.appwithinminutes.appHomePageTranslateAppLabel=Prekladať aplikáciu
platform.appwithinminutes.appLiveTableDeleteEntryActionName=Odstrániť
platform.appwithinminutes.appLiveTableEditEntryActionName=Editovať
platform.appwithinminutes.appLiveTableHeading=Položky
platform.appwithinminutes.appNameEmptyError=Prosím, zadajte názov aplikácie.
platform.appwithinminutes.appNameLabel=Názov aplikácie
platform.appwithinminutes.appNamePageTitle=Vytvoriť aplikáciu
platform.appwithinminutes.appsLiveTable._actions=Akcie
platform.appwithinminutes.appsLiveTable.doc.author=Posledný autor
platform.appwithinminutes.appsLiveTable.doc.date=Dátum aktualizácie
platform.appwithinminutes.appsLiveTable.doc.space=Názov aplikácie
platform.appwithinminutes.appsLiveTableHeading=Aplikácie
platform.appwithinminutes.classEditorAdvancedCategoryName=Pokročilý
platform.appwithinminutes.classEditorBooleanFieldName=Boolean
platform.appwithinminutes.classEditorConfigureFieldLabel=Konfigurovať
platform.appwithinminutes.classEditorContentFieldName=Obsah
platform.appwithinminutes.classEditorDateFieldName=Dátum
platform.appwithinminutes.classEditorDatePickerAcceptSelectedDate=OK
platform.appwithinminutes.classEditorDatePickerClearSelectedDate=Vyčistiť
platform.appwithinminutes.classEditorDatePickerSelectCurrentDate=Dnes
platform.appwithinminutes.classEditorDatePickerSelectCurrentTime=Teraz
platform.appwithinminutes.classEditorDeleteFieldLabel=Odstrániť
platform.appwithinminutes.classEditorDocumentCategoryName=Dokument
platform.appwithinminutes.classEditorFieldDefaultValueToolTip=Preddefinovaná hodnota
platform.appwithinminutes.classEditorGroupsFieldName=Skupina
platform.appwithinminutes.classEditorMoveFieldLabel=Posúvať
platform.appwithinminutes.classEditorNumberFieldName=Číslo
platform.appwithinminutes.classEditorPreviewFieldLabel=Náhľad
platform.appwithinminutes.classEditorStandardCategoryName=Štandardné
platform.appwithinminutes.classEditorStaticListEditorAddItemLabel=Pridať
platform.appwithinminutes.classEditorStaticListEditorDeleteItemLabel=Odstrániť
platform.appwithinminutes.classEditorStaticListEditorItemIDLabel=ID
platform.appwithinminutes.classEditorStaticListEditorItemValueLabel=Hodnota
platform.appwithinminutes.classEditorStringFieldName=Krátky text
platform.appwithinminutes.classEditorTemplateSaveComment=Aktualizovať predvolené hodnoty
platform.appwithinminutes.classEditorTextAreaFieldName=Dlhý text
platform.appwithinminutes.classEditorTitleFieldName=Názov
platform.appwithinminutes.classEditorTranslationsSaveComment=Aktualizovať preklady
platform.appwithinminutes.classEditorUpdateTemplateLabel=Aktualizovať šablónu tried
platform.appwithinminutes.classEditorUsersFieldName=Používateľ
platform.appwithinminutes.createAppButtonLabel=Vytvoriť aplikáciu
platform.appwithinminutes.liveTableEditorActionsColumnName=Akcie
platform.appwithinminutes.liveTableEditorAddColumnHint=Pridať
platform.appwithinminutes.liveTableEditorAttachmentsColumnName=Prílohy
platform.appwithinminutes.liveTableEditorAvatarColumnName=Avatar
platform.appwithinminutes.liveTableEditorDeleteColumnHint=Odstrániť
platform.appwithinminutes.liveTableEditorDocAuthorColumnName=Posledný autor
platform.appwithinminutes.liveTableEditorDocCreationDateColumnName=Dátum vytvorenia
platform.appwithinminutes.liveTableEditorDocCreatorColumnName=Vytvoril
platform.appwithinminutes.liveTableEditorDocDateColumnName=Dátum aktualizácie
platform.appwithinminutes.liveTableEditorDocNameColumnName=Názov stránky
platform.appwithinminutes.liveTableEditorDocSpaceColumnName=Priestor
platform.appwithinminutes.liveTableEditorDocTitleColumnName=Názov stránky
platform.appwithinminutes.liveTableEditorGenericColumnGroupLabel=Generické stĺpce
platform.appwithinminutes.liveTableEditorIcon=Ikona
platform.appwithinminutes.liveTableEditorImagesColumnName=Obrázky
platform.appwithinminutes.liveTableEditorMoveColumnHint=Ťahaním môžete meniť poradie
platform.appwithinminutes.wizardStep1Description=Pomenujte svoju aplikáciu
platform.appwithinminutes.wizardStep1Name=Meno
platform.appwithinminutes.wizardStep1Title=Pomenujte svoju aplikáciu
platform.appwithinminutes.wizardStep2Name=Štruktúra
platform.appwithinminutes.wizardStep2Title=Definujte štruktúru aplikácie
platform.appwithinminutes.wizardStep3Description=Prispôsobiť úvodnú stránku aplikácie.
platform.appwithinminutes.wizardStep3Name=Prezentácia
platform.appwithinminutes.wizardStep3Title=Prispôsobiť úvodnú stránku aplikácie.
platform.appwithinminutes.wizardStepFinishButtonLabel=Skončiť
platform.appwithinminutes.wizardStepFinishButtonTip=Prejsť na domovskú stránku aplikácie.
platform.appwithinminutes.wizardStepHeading=Krok {0} — {1}
platform.appwithinminutes.wizardStepHelpTitle=Kroky
platform.appwithinminutes.wizardStepNextButtonLabel=Ďalší krok
platform.appwithinminutes.wizardStepNextButtonTip=Ďalší krok
platform.appwithinminutes.wizardStepPreviousButtonLabel=Predchádzajúci krok
platform.appwithinminutes.wizardStepPreviousButtonTip=Predchádzajúci krok
</content>
</xwikidoc>
