<?xml version="1.0" encoding="UTF-8"?>

<!--
 * See the NOTICE file distributed with this work for additional
 * information regarding copyright ownership.
 *
 * This is free software; you can redistribute it and/or modify it
 * under the terms of the GNU Lesser General Public License as
 * published by the Free Software Foundation; either version 2.1 of
 * the License, or (at your option) any later version.
 *
 * This software is distributed in the hope that it will be useful,
 * but WITHOUT ANY WARRANTY; without even the implied warranty of
 * MERCHANTABILITY or FITNESS FOR A PARTICULAR PURPOSE. See the GNU
 * Lesser General Public License for more details.
 *
 * You should have received a copy of the GNU Lesser General Public
 * License along with this software; if not, write to the Free
 * Software Foundation, Inc., 51 Franklin St, Fifth Floor, Boston, MA
 * 02110-1301 USA, or see the FSF site: http://www.fsf.org.
-->

<xwikidoc version="1.1">
  <web>XWiki</web>
  <name>AdminGroupsSheet</name>
  <language/>
  <defaultLanguage/>
  <translation>0</translation>
  <creator>xwiki:XWiki.Admin</creator>
  <creationDate>1364502205000</creationDate>
  <parent>XWiki.AdminSheet</parent>
  <author>xwiki:XWiki.Admin</author>
  <contentAuthor>xwiki:XWiki.Admin</contentAuthor>
  <date>1364563593000</date>
  <contentUpdateDate>1364563593000</contentUpdateDate>
  <version>1.1</version>
  <title>AdminGroupsSheet</title>
  <comment/>
  <minorEdit>false</minorEdit>
  <syntaxId>xwiki/2.0</syntaxId>
  <hidden>true</hidden>
  <content>{{velocity}}
{{html}}
### Globally administrate the groups in a wiki.
#set($formname = "update")
#set($saveaction = "save")
##
## Inject needed JS and CSS files
##
#set($ok = $xwiki.jsfx.use("js/xwiki/lightbox/lightbox.js", true))
#set($ok = $xwiki.ssfx.use("js/xwiki/lightbox/lightbox.css", true))
#set($ok = $xwiki.jsfx.use("js/xwiki/usersandgroups/usersandgroups.js", true))
#set($ok = $xwiki.ssfx.use("js/xwiki/usersandgroups/usersandgroups.css", true))
#set($ok = $xwiki.jsfx.use("js/xwiki/table/livetable.js", true))
#set($ok = $xwiki.ssfx.use("js/xwiki/table/livetable.css", true))
## The following are needed when editing a group (e.g. for adding new members).
#userPicker_import()
#set ($discard = $xwiki.jsx.use('XWiki.XWikiGroupSheet'))
##
## url to get the groups for displaying them in the ajax-based table
##
#set($url = $doc.getURL('get', 'xpage=getgroups'))
#if($xcontext.database != "xwiki")
  #set($mainwk = false)
#else
  #set($mainwk = true)
#end
&lt;div id="xwikieditcontent"&gt;
  &lt;table id="groupstable" class="xwiki-livetable"&gt;
    &lt;tr&gt;
      &lt;td class="xwiki-livetable-pagination" colspan="2"&gt;
        &lt;span id="groupstable-limits" class="xwiki-livetable-limits"&gt;&lt;/span&gt;
        &lt;span id="groupstable-ajax-loader" class="xwiki-livetable-loader"&gt;&lt;img src="$xwiki.getSkinFile('icons/xwiki/ajax-loader-large.gif')" alt="$services.localization.render('platform.livetable.loading')" title="" /&gt;$services.localization.render('platform.livetable.loading')&lt;/span&gt;
        &lt;span class="pagination"&gt;
          &lt;span id="groupstable-pagination-text" class="xwiki-livetable-pagination-text"&gt;$services.localization.render('platform.livetable.paginationPage')&lt;/span&gt;
          &lt;span id="groupstable-pagination" class="xwiki-livetable-pagination-content" &gt;&lt;/span&gt;
        &lt;/span&gt;
      &lt;/td&gt;
    &lt;/tr&gt;
    &lt;tr&gt;
      &lt;td class="xwiki-livetable-display-container"&gt;
        &lt;table class="xwiki-livetable-display"&gt;
          &lt;thead class="xwiki-livetable-display-header"&gt;
            &lt;tr&gt;
              &lt;th class="xwiki-livetable-display-header-text" scope="col"&gt;$services.localization.render('xe.admin.groups.groupname')&lt;/th&gt;
              &lt;th class="xwiki-livetable-display-header-text" scope="col"&gt;$services.localization.render('xe.admin.groups.members')&lt;/th&gt;
              &lt;th class="xwiki-livetable-display-header-text" scope="col"&gt;$services.localization.render('xe.admin.groups.manage')&lt;/th&gt;
            &lt;/tr&gt;
            &lt;tr id="groupstable-filters" class="xwiki-livetable-display-filters"&gt;
              &lt;td class="xwiki-livetable-display-header-filter"&gt;&lt;label for="name" class="hidden"&gt;$services.localization.render('xe.admin.groups.filter.groupName')&lt;/label&gt;&lt;input id="name" name="name" type="text" class="filter"/&gt;&lt;/td&gt;
              &lt;td class="xwiki-livetable-display-header-filter"&gt;&lt;/td&gt;
              &lt;td class="xwiki-livetable-display-header-filter"&gt;
              #if (!$mainwk)
                &lt;label for="wiki" class="hidden"&gt;$services.localization.render('xe.admin.groups.filter.scope')&lt;/label&gt;
                &lt;select name="wiki" class="filter"&gt;
                  &lt;option value="local" selected="selected"&gt;$services.localization.render('xe.admin.groups.local')&lt;/option&gt;
                  &lt;option value="global"&gt;$services.localization.render('xe.admin.groups.global')&lt;/option&gt;
                  &lt;option value="both"&gt;$services.localization.render('xe.admin.groups.both')&lt;/option&gt;
                &lt;/select&gt;
              #else
                &lt;input type="hidden" value="local" name="wiki" /&gt; 
              #end
              &lt;/td&gt;
            &lt;/tr&gt;
          &lt;/thead&gt;
          &lt;tbody id="groupstable-display" class="xwiki-livetable-display-body"&gt;&lt;tr&gt;&lt;td&gt;&amp;nbsp;&lt;/td&gt;&lt;/tr&gt;&lt;/tbody&gt;
        &lt;/table&gt;
      &lt;/td&gt;
    &lt;/tr&gt;
    &lt;tr&gt;
      &lt;td id="tdAddNewUserOrGroup"&gt;
        &lt;span class="buttonwrapper"&gt;&lt;a href="#" id="addNewGroup"&gt;$services.localization.render('rightsmanager.addnewgroup')&lt;/a&gt;&lt;/span&gt;
      &lt;/td&gt;
    &lt;/tr&gt;
  &lt;/table&gt;
  #set($addnewurl = $xwiki.getURL("XWiki.XWikiGroups", "view", "xpage=addnewgroup"))
  #set($saveurl = $xwiki.getURL("XWiki.XWikiGroups", "view"))
  #set($redirecturl = $xwiki.getDocument("XWiki.XWikiPreferences").getURL("admin", "editor=${editor}&amp;section=Groups")) 
  &lt;script type="text/javascript"&gt;
    //&lt;![CDATA[
    (function() {
      var startup = function() {
        var callback = function(row, i, table) { return displayGroups(row, i, table, "$!{services.csrf.getToken()}"); };
        var ta = new XWiki.widgets.LiveTable("$url", "groupstable", callback);
        Event.observe($('addNewGroup'), "click", makeAddHandler("$addnewurl", "$saveurl", "$redirecturl"));
      }
      if ((typeof(XWiki) != 'undefined') &amp;&amp; (typeof(XWiki.widgets) != 'undefined') &amp;&amp; (typeof(XWiki.widgets.LiveTable) != 'undefined')) {
        startup();
      } else {
        document.observe('xwiki:livetable:loading', startup);
      }
    })();
    //]]&gt;
  &lt;/script&gt;
&lt;/div&gt; ## xwikieditcontent
{{/html}}
{{/velocity}}</content>
</xwikidoc>
