<?xml version="1.0" encoding="UTF-8"?>

<!--
 * See the NOTICE file distributed with this work for additional
 * information regarding copyright ownership.
 *
 * This is free software; you can redistribute it and/or modify it
 * under the terms of the GNU Lesser General Public License as
 * published by the Free Software Foundation; either version 2.1 of
 * the License, or (at your option) any later version.
 *
 * This software is distributed in the hope that it will be useful,
 * but WITHOUT ANY WARRANTY; without even the implied warranty of
 * MERCHANTABILITY or FITNESS FOR A PARTICULAR PURPOSE. See the GNU
 * Lesser General Public License for more details.
 *
 * You should have received a copy of the GNU Lesser General Public
 * License along with this software; if not, write to the Free
 * Software Foundation, Inc., 51 Franklin St, Fifth Floor, Boston, MA
 * 02110-1301 USA, or see the FSF site: http://www.fsf.org.
-->

<xwikidoc version="1.1">
  <web>Blog</web>
  <name>BlogStyle</name>
  <language/>
  <defaultLanguage/>
  <translation>0</translation>
  <creator>xwiki:XWiki.Admin</creator>
  <creationDate>1218578405000</creationDate>
  <parent>Blog.WebHome</parent>
  <author>xwiki:XWiki.Admin</author>
  <contentAuthor>xwiki:XWiki.Admin</contentAuthor>
  <date>1229901261000</date>
  <contentUpdateDate>1229901261000</contentUpdateDate>
  <version>1.1</version>
  <title>Style enhancements for the blog application</title>
  <comment/>
  <minorEdit>false</minorEdit>
  <syntaxId>xwiki/2.0</syntaxId>
  <hidden>true</hidden>
  <content/>
  <object>
    <name>Blog.BlogStyle</name>
    <number>0</number>
    <className>XWiki.StyleSheetExtension</className>
    <guid>c8b0ef1d-4f35-4800-b2ca-5241ab3ee850</guid>
    <class>
      <name>XWiki.StyleSheetExtension</name>
      <customClass/>
      <customMapping/>
      <defaultViewSheet/>
      <defaultEditSheet/>
      <defaultWeb/>
      <nameField/>
      <validationScript/>
      <cache>
        <cache>0</cache>
        <disabled>0</disabled>
        <displayType>select</displayType>
        <multiSelect>0</multiSelect>
        <name>cache</name>
        <number>5</number>
        <prettyName>Caching policy</prettyName>
        <relationalStorage>0</relationalStorage>
        <separator> </separator>
        <separators>|, </separators>
        <size>1</size>
        <unmodifiable>0</unmodifiable>
        <values>long|short|default|forbid</values>
        <classType>com.xpn.xwiki.objects.classes.StaticListClass</classType>
      </cache>
      <code>
        <disabled>0</disabled>
        <name>code</name>
        <number>2</number>
        <prettyName>Code</prettyName>
        <rows>20</rows>
        <size>50</size>
        <unmodifiable>0</unmodifiable>
        <classType>com.xpn.xwiki.objects.classes.TextAreaClass</classType>
      </code>
      <contentType>
        <cache>0</cache>
        <disabled>0</disabled>
        <displayType>select</displayType>
        <multiSelect>0</multiSelect>
        <name>contentType</name>
        <number>6</number>
        <prettyName>Content Type</prettyName>
        <relationalStorage>0</relationalStorage>
        <separator> </separator>
        <separators>|, </separators>
        <size>1</size>
        <unmodifiable>0</unmodifiable>
        <values>CSS|LESS</values>
        <classType>com.xpn.xwiki.objects.classes.StaticListClass</classType>
      </contentType>
      <name>
        <disabled>0</disabled>
        <name>name</name>
        <number>1</number>
        <prettyName>Name</prettyName>
        <size>30</size>
        <unmodifiable>0</unmodifiable>
        <classType>com.xpn.xwiki.objects.classes.StringClass</classType>
      </name>
      <parse>
        <disabled>0</disabled>
        <displayFormType>select</displayFormType>
        <displayType>yesno</displayType>
        <name>parse</name>
        <number>4</number>
        <prettyName>Parse content</prettyName>
        <unmodifiable>0</unmodifiable>
        <classType>com.xpn.xwiki.objects.classes.BooleanClass</classType>
      </parse>
      <use>
        <cache>0</cache>
        <disabled>0</disabled>
        <displayType>select</displayType>
        <multiSelect>0</multiSelect>
        <name>use</name>
        <number>3</number>
        <prettyName>Use this extension</prettyName>
        <relationalStorage>0</relationalStorage>
        <separator> </separator>
        <separators>|, </separators>
        <size>1</size>
        <unmodifiable>0</unmodifiable>
        <values>currentPage|onDemand|always</values>
        <classType>com.xpn.xwiki.objects.classes.StaticListClass</classType>
      </use>
    </class>
    <property>
      <cache>long</cache>
    </property>
    <property>
      <code>## First establish the colors. Try to use the theme, if it is defined.
#template('colorThemeInit.vm')
##
## text
#set($textColor = "$!theme.textColor")
##
## background
#set($bgColor = "$!theme.pageContentBackgroundColor")
#if($bgColor == 'transparent')
  #set($bgColor = "$!theme.pageBackgroundColor")
#end
##
## border
#set($borderColor = "$!theme.borderColor")
##
## For the highlighted part of the calendar page, reverse background and text color
##
## highlighted text
#set($htextColor = $bgColor)
##
## highlighted background
#set($hbgColor = $textColor)
##
## hidden color
#set($hiddenColor = "$!theme.textSecondaryColor")
## Done setting colors

/* A blog day is a container for entries published in the same day. Space out days vertically. */
.blogDay {
  clear: both;
  padding: 10px 0;
  /* Make way for the calendarsheet-like day display */
  margin-left: 56px;
}
/* Calendar sheet display of a blogging day */
.blogdate {
  font-size: 70%;
  width: 48px;
  text-align: center;
  background: $hbgColor;
  border: 1px solid $borderColor;
  padding: 0;
  /* Positioning: float it on the left side, in the extra-large margin left by the blogDay container */
  float: left;
  /* Large negative bottom margin fixes a float push bug in IE */
  margin: 0px 8px -10000in -56px;
}


/* Reorganize the date as 3 centered rows */
.blogdate .month, .blogdate .year, .blogdate .day {
  display: block;
  margin: 0;
  border: 0;
  background: transparent;
}
/* The day is the most important part, make it extra large */
.blogdate .day {
  font-size: 250%;
  font-weight: 900;
  line-height: 110%;
  color: $textColor;
  float: left;
  background: $bgColor;
  width: 100%;
}
#body .blogdate .month, #body .blogdate .year {
  display: inline;
  color: $htextColor;
}
/* Restyle the paging links */
.pagingLinks {
  margin: 5px 0;
  padding: 2px 0;
  border: none;
  border-top: 1px solid $borderColor;
  font-size: 75%;
  font-variant: normal;
}
.pagingLinks .separator {
  display: none;
}
.pagingLinks a:hover {
  text-decoration: none;
}
/* The toolbox, floated on the right of the title */
.blog-entry-toolbox {
  float: right;
  position: relative;
  z-index: 2;
}
/* Add a space between icons of toolbox */
.blog-entry-toolbox .wikiinternallink {
  margin-left: 0.4em;
}
/* Add a space + line between consecutive blog entries */
.hentry + .hentry {
  border-top: 1px solid $borderColor;
  padding-top: 2em;
}
/* Grey-out the hidden and unpublished entries */
.index .hidden-article *, .index .unpublished-article *, .category .hidden-article *, .category .unpublished-article * {
  color: $hiddenColor !important;
}
/* The current skins are not well designed. Ideally, the title should just have the skin style. Remove this once the skins are clean enough. */
.hentry .entry-title {
  margin: 0px 0px 0.5em;
  padding: 0;
  clear: none;
}
.hentry .entry-summary {
  padding: 0 0 0.5em;
  margin: 0px;
}
/* The entry footer, a bit smaller than the rest */
.hentry .entry-footer {
  border-top: 1px solid $borderColor;
  margin: 0px 0px 2em;
  font-size: 75%;
  font-weight: normal;
}
.entry-author-label {
  display: inline;
}
.publish-message, .hide-message {
  padding: 8px 28px;
}
.publish-message label, .publish-message input, .hide-message input {
  margin-top: 0;
  margin-bottom: 0;
}
div.edit-categories {
  font-size: 75%;
}
/* Trick for making the entry title appear larger in the form editor */
#Blog\.BlogPostClass_0_title {
  font-size: 140%;
  width: 100%;
  font-weight: bold;
}
.createPost {
  font-size: 80%; 
  font-weight: bold;
  padding-left: 9px;
}
.hentry .blog-entry-toolbox .wikiinternallink a :not(.hidden-article), .blog-category-tools a .fa, .blog-categories-list a .fa{
  /* disabled blue hyperlink */
  color: black;
}
.blog-category-tools .tool {
    padding-left: 0.25em;
}
</code>
    </property>
    <property>
      <contentType>CSS</contentType>
    </property>
    <property>
      <name>Default blog style</name>
    </property>
    <property>
      <parse>1</parse>
    </property>
    <property>
      <use>onDemand</use>
    </property>
  </object>
</xwikidoc>
