<?xml version="1.0" encoding="UTF-8"?>

<!--
 * See the NOTICE file distributed with this work for additional
 * information regarding copyright ownership.
 *
 * This is free software; you can redistribute it and/or modify it
 * under the terms of the GNU Lesser General Public License as
 * published by the Free Software Foundation; either version 2.1 of
 * the License, or (at your option) any later version.
 *
 * This software is distributed in the hope that it will be useful,
 * but WITHOUT ANY WARRANTY; without even the implied warranty of
 * MERCHANTABILITY or FITNESS FOR A PARTICULAR PURPOSE. See the GNU
 * Lesser General Public License for more details.
 *
 * You should have received a copy of the GNU Lesser General Public
 * License along with this software; if not, write to the Free
 * Software Foundation, Inc., 51 Franklin St, Fifth Floor, Boston, MA
 * 02110-1301 USA, or see the FSF site: http://www.fsf.org.
-->

<xwikidoc version="1.1">
  <web>Blog</web>
  <name>CategorySheet</name>
  <language/>
  <defaultLanguage/>
  <translation>0</translation>
  <creator>xwiki:XWiki.Admin</creator>
  <creationDate>1364935598000</creationDate>
  <parent>Blog.CategoryClass</parent>
  <author>xwiki:XWiki.Admin</author>
  <contentAuthor>xwiki:XWiki.Admin</contentAuthor>
  <date>1364974947000</date>
  <contentUpdateDate>1364974938000</contentUpdateDate>
  <version>1.1</version>
  <title>#if ($doc.fullName == $blogCategorySheet)$services.localization.render('xe.blog.categories.sheet')#else$doc.name#end</title>
  <comment/>
  <minorEdit>false</minorEdit>
  <syntaxId>xwiki/2.1</syntaxId>
  <hidden>true</hidden>
  <content>{{include reference="Blog.CategoriesCode"/}}

{{velocity}}
#set ($discard = $xwiki.ssx.use("Blog.ManageCategories"))
#set ($discard = $xwiki.jsx.use("Blog.ManageCategories"))
#set ($obj = $doc.getObject($blogCategoryClassname))
#if ($obj)
  #getEntriesForCategory($doc.fullName $discard $totalEntries)
  = Category: $services.rendering.escape($obj.getValue('name'), $doc.syntax) ($totalEntries posts) [[#toolImage('feed')&gt;&gt;Blog.CategoryRss||queryString="xpage=plain&amp;category=$escapetool.url($doc.fullName)" title="RSS"]] =
  {{html wiki=true}}
  ## Keep testing the inline action for backward compatibility with older categories.
  #if ($xcontext.action != 'edit' &amp;&amp; $xcontext.action != 'inline')
    {{include reference="Blog.CreatePost"/}}

    #getCategoriesHierarchy($doc.space $tree)
    #if ("$!tree.get($doc.fullName)" != '')
      (% class="blog-categories-list subcategories" %)
      (((
        (((
          **Subcategories**
        )))
        (((
          #displayCategoriesHierarchyRecursive($tree $doc.fullName 1 'simple')
        )))
      )))
    #end
    (% class="clearfloats" %)((()))

    #getEntriesForCategory($doc.fullName $entries $totalEntries)
    #if ($totalEntries == 0)
      {{info}}{{translation key="xe.blog.categories.noentries"/}}{{/info}}
    #else
      #displayBlog($entries 'category' true true)
      ## displayNavigationLinks requires a blog document, to determine how should the entries be split into pages. Return this
      ## document, as the macro fallbacks to 'paginated' in case the right setting cannot be determined.
      #displayNavigationLinks($doc)
    #end
  #end
  {{/html}}
#elseif ($doc.fullName == $blogCategorySheet)
  {{translation key="xe.blog.categories.sheetmessage"/}}
#else
  {{warning}}{{translation key="xe.blog.categories.notcategory"/}}{{/warning}}
#end
{{/velocity}}</content>
  <object>
    <name>Blog.CategorySheet</name>
    <number>0</number>
    <className>XWiki.SheetDescriptorClass</className>
    <guid>e04cbd1d-a504-4e3e-9ddd-4d2bdcdac1b0</guid>
    <class>
      <name>XWiki.SheetDescriptorClass</name>
      <customClass/>
      <customMapping/>
      <defaultViewSheet/>
      <defaultEditSheet/>
      <defaultWeb/>
      <nameField/>
      <validationScript/>
      <action>
        <customDisplay/>
        <disabled>0</disabled>
        <name>action</name>
        <number>1</number>
        <picker>0</picker>
        <prettyName>Action</prettyName>
        <size>30</size>
        <unmodifiable>0</unmodifiable>
        <validationMessage/>
        <validationRegExp/>
        <classType>com.xpn.xwiki.objects.classes.StringClass</classType>
      </action>
    </class>
    <property>
      <action>view</action>
    </property>
  </object>
</xwikidoc>
