<?xml version="1.0" encoding="UTF-8"?>

<!--
 * See the NOTICE file distributed with this work for additional
 * information regarding copyright ownership.
 *
 * This is free software; you can redistribute it and/or modify it
 * under the terms of the GNU Lesser General Public License as
 * published by the Free Software Foundation; either version 2.1 of
 * the License, or (at your option) any later version.
 *
 * This software is distributed in the hope that it will be useful,
 * but WITHOUT ANY WARRANTY; without even the implied warranty of
 * MERCHANTABILITY or FITNESS FOR A PARTICULAR PURPOSE. See the GNU
 * Lesser General Public License for more details.
 *
 * You should have received a copy of the GNU Lesser General Public
 * License along with this software; if not, write to the Free
 * Software Foundation, Inc., 51 Franklin St, Fifth Floor, Boston, MA
 * 02110-1301 USA, or see the FSF site: http://www.fsf.org.
-->

<xwikidoc version="1.2" reference="Blog.CategoriesPanel" locale="">
  <web>Blog</web>
  <name>CategoriesPanel</name>
  <language/>
  <defaultLanguage/>
  <translation>0</translation>
  <creator>xwiki:XWiki.Admin</creator>
  <creationDate>1174915141000</creationDate>
  <parent>Panels.WebHome</parent>
  <author>xwiki:XWiki.Admin</author>
  <contentAuthor>xwiki:XWiki.Admin</contentAuthor>
  <date>1467882976000</date>
  <contentUpdateDate>1467273445000</contentUpdateDate>
  <version>1.1</version>
  <title>Blog Categories Panel</title>
  <comment/>
  <minorEdit>false</minorEdit>
  <syntaxId>xwiki/2.1</syntaxId>
  <hidden>true</hidden>
  <content/>
  <object>
    <name>Blog.CategoriesPanel</name>
    <number>0</number>
    <className>Panels.PanelClass</className>
    <guid>e385d6f7-ae21-4cf8-9e0d-e2f31563eaa0</guid>
    <class>
      <name>Panels.PanelClass</name>
      <customClass/>
      <customMapping/>
      <defaultViewSheet/>
      <defaultEditSheet/>
      <defaultWeb/>
      <nameField/>
      <validationScript/>
      <category>
        <cache>0</cache>
        <disabled>0</disabled>
        <displayType>select</displayType>
        <multiSelect>0</multiSelect>
        <name>category</name>
        <number>5</number>
        <prettyName>Category</prettyName>
        <relationalStorage>0</relationalStorage>
        <separator> </separator>
        <separators> ,|</separators>
        <size>1</size>
        <unmodifiable>0</unmodifiable>
        <values>Information|Navigation|Tools|Administration|Other</values>
        <classType>com.xpn.xwiki.objects.classes.StaticListClass</classType>
      </category>
      <content>
        <disabled>0</disabled>
        <editor>Text</editor>
        <name>content</name>
        <number>4</number>
        <prettyName>Content</prettyName>
        <rows>25</rows>
        <size>120</size>
        <unmodifiable>0</unmodifiable>
        <classType>com.xpn.xwiki.objects.classes.TextAreaClass</classType>
      </content>
      <description>
        <disabled>0</disabled>
        <editor>Text</editor>
        <name>description</name>
        <number>3</number>
        <prettyName>Description</prettyName>
        <rows>5</rows>
        <size>40</size>
        <unmodifiable>0</unmodifiable>
        <classType>com.xpn.xwiki.objects.classes.TextAreaClass</classType>
      </description>
      <name>
        <disabled>0</disabled>
        <name>name</name>
        <number>1</number>
        <prettyName>Name</prettyName>
        <size>40</size>
        <unmodifiable>0</unmodifiable>
        <classType>com.xpn.xwiki.objects.classes.StringClass</classType>
      </name>
      <type>
        <cache>0</cache>
        <disabled>0</disabled>
        <displayType>select</displayType>
        <multiSelect>0</multiSelect>
        <name>type</name>
        <number>2</number>
        <prettyName>Panel type</prettyName>
        <relationalStorage>0</relationalStorage>
        <separator> </separator>
        <separators> ,|</separators>
        <size>1</size>
        <unmodifiable>0</unmodifiable>
        <values>view|edit</values>
        <classType>com.xpn.xwiki.objects.classes.StaticListClass</classType>
      </type>
    </class>
    <property>
      <category>Information</category>
    </property>
    <property>
      <content>{{include reference="Blog.CategoriesCode"/}}

{{velocity}}
#panelheader($services.localization.render('xe.blog.categories.paneltitle'))
{{html wiki="true"}}
#getCallingDocument($callingDocument)
* (% class="blog-category-level" %)((( [[#toolImage('rss')&gt;&gt;Blog.BlogRss||queryString="xpage=plain" title="RSS"]] &lt;span class="wikilink"&gt;&lt;a href="$xwiki.getURL('Blog.WebHome')"&gt;$services.localization.render('blog.categories.all')&lt;/a&gt;&lt;/span&gt;)))
{{/html}}

#getCategoriesHierarchy('Blog' $tree)
{{html wiki="true"}}
#displayCategoriesHierarchy($tree 'simple')
{{/html}}
#if($xwiki.hasAdminRights())
  (% class="edit-categories" %)(((~([[$services.localization.render('xe.blog.categories.edit')&gt;&gt;Blog.ManageCategories]]~))))
#end
#panelfooter()
{{/velocity}}</content>
    </property>
    <property>
      <description>List all Blog Categories. A Category is a name used to organize Blog articles that you post. XWiki is preconfigured with three categories: News, Personal and Others.</description>
    </property>
    <property>
      <name>Blog Categories</name>
    </property>
    <property>
      <type>view</type>
    </property>
  </object>
</xwikidoc>
