<?xml version="1.0" encoding="UTF-8"?>

<!--
 * See the NOTICE file distributed with this work for additional
 * information regarding copyright ownership.
 *
 * This is free software; you can redistribute it and/or modify it
 * under the terms of the GNU Lesser General Public License as
 * published by the Free Software Foundation; either version 2.1 of
 * the License, or (at your option) any later version.
 *
 * This software is distributed in the hope that it will be useful,
 * but WITHOUT ANY WARRANTY; without even the implied warranty of
 * MERCHANTABILITY or FITNESS FOR A PARTICULAR PURPOSE. See the GNU
 * Lesser General Public License for more details.
 *
 * You should have received a copy of the GNU Lesser General Public
 * License along with this software; if not, write to the Free
 * Software Foundation, Inc., 51 Franklin St, Fifth Floor, Boston, MA
 * 02110-1301 USA, or see the FSF site: http://www.fsf.org.
-->

<xwikidoc version="1.1">
  <web>Blog</web>
  <name>Migration</name>
  <language/>
  <defaultLanguage/>
  <translation>0</translation>
  <creator>xwiki:XWiki.Admin</creator>
  <creationDate>1229212898000</creationDate>
  <parent>Blog.Management</parent>
  <author>xwiki:XWiki.Admin</author>
  <contentAuthor>xwiki:XWiki.Admin</contentAuthor>
  <date>1229214636000</date>
  <contentUpdateDate>1229214636000</contentUpdateDate>
  <version>1.1</version>
  <title>Blog migration</title>
  <comment/>
  <minorEdit>false</minorEdit>
  <syntaxId>xwiki/2.0</syntaxId>
  <hidden>true</hidden>
  <content>{{velocity filter="none"}}
#if($request.migrate &amp;&amp; $!{services.csrf.isTokenValid("$!{request.getParameter('form_token')}")})
  #set($newContent = '#includeForm("Blog.BlogPostSheet")')
  #set($query = ", BaseObject obj where obj.name = doc.fullName and obj.className = 'XWiki.ArticleClass'")
  #foreach($article in $services.query.hql($query).execute())
    #if($xwiki.hasAccessLevel('edit', $xcontext.user, $article))
      #set($articleDoc = $xwiki.getDocument($article))
    #set($articleObj = $articleDoc.getObject('XWiki.ArticleClass'))
      #set($entryObj = $articleDoc.newObject('Blog.BlogPostClass'))
      #foreach($property in ['title', 'content', 'extract', 'category'])
        $!entryObj.set($property, $articleObj.getProperty($property).value)
      #end
      $!entryObj.set('published', 1)
      $!entryObj.set('publishDate', $articleDoc.creationDate)
      $!entryObj.set('hidden', 0)
      #set($discard = $articleDoc.removeObjects('XWiki.ArticleClass'))
      $articleDoc.setContent($newContent)
      $!articleDoc.save($services.localization.render('xe.blog.migration.migrated'), true)
      * $services.localization.render('xe.blog.migration.updated') [[$entryObj.title&gt;&gt;${article}]] ($services.localization.render('xe.blog.migration.inspace') [[$articleDoc.space&gt;&gt;${articleDoc.space}.WebHome]])
    #else
      * $services.localization.render('xe.blog.migration.skipping') [[$article]]
    #end
  #end
  $services.localization.render('xe.blog.migration.done') [[$services.localization.render('xe.blog.migration.backtoblog')&gt;&gt;Blog.WebHome]]
#else
$services.localization.render('xe.blog.migration.pleaseconfirm')

{{html clean="false" wiki="true"}}
  &lt;form action="$doc.getURL()" method="post"&gt;
    &lt;div&gt;
    &lt;input type="hidden" name="form_token" value="$!{services.csrf.getToken()}" /&gt;
    &lt;input type="submit" name="migrate" value="$services.localization.render('xe.blog.migration.confirm')"/&gt;
    &lt;/div&gt;
  &lt;/form&gt;
{{/html}}

[[$services.localization.render('xe.blog.migration.backtoblog')&gt;&gt;Blog.WebHome]]
#end
{{/velocity}}</content>
</xwikidoc>
