<?xml version="1.0" encoding="UTF-8"?>

<!--
 * See the NOTICE file distributed with this work for additional
 * information regarding copyright ownership.
 *
 * This is free software; you can redistribute it and/or modify it
 * under the terms of the GNU Lesser General Public License as
 * published by the Free Software Foundation; either version 2.1 of
 * the License, or (at your option) any later version.
 *
 * This software is distributed in the hope that it will be useful,
 * but WITHOUT ANY WARRANTY; without even the implied warranty of
 * MERCHANTABILITY or FITNESS FOR A PARTICULAR PURPOSE. See the GNU
 * Lesser General Public License for more details.
 *
 * You should have received a copy of the GNU Lesser General Public
 * License along with this software; if not, write to the Free
 * Software Foundation, Inc., 51 Franklin St, Fifth Floor, Boston, MA
 * 02110-1301 USA, or see the FSF site: http://www.fsf.org.
-->

<xwikidoc>
  <web>XApp</web>
  <name>XWikiApplicationXapp</name>
  <language/>
  <defaultLanguage/>
  <translation>0</translation>
  <parent>XApp.WebHome</parent>
  <creator>xwiki:XWiki.Admin</creator>
  <author>xwiki:XWiki.Admin</author>
  <customClass/>
  <contentAuthor>xwiki:XWiki.Admin</contentAuthor>
  <creationDate>1192218584000</creationDate>
  <date>1357298902000</date>
  <contentUpdateDate>1357298902000</contentUpdateDate>
  <version>1.1</version>
  <title/>
  <template/>
  <defaultTemplate/>
  <validationScript/>
  <comment/>
  <minorEdit>false</minorEdit>
  <syntaxId>xwiki/1.0</syntaxId>
  <hidden>true</hidden>
  <object>
    <class>
      <name>XAppClasses.XWikiApplicationClass</name>
      <customClass/>
      <customMapping/>
      <defaultViewSheet/>
      <defaultEditSheet/>
      <defaultWeb/>
      <nameField/>
      <validationScript/>
      <appauthors>
        <disabled>0</disabled>
        <name>appauthors</name>
        <number>10</number>
        <prettyName>Authors</prettyName>
        <size>30</size>
        <unmodifiable>0</unmodifiable>
        <classType>com.xpn.xwiki.objects.classes.StringClass</classType>
      </appauthors>
      <applications>
        <cache>0</cache>
        <customDisplay/>
        <disabled>0</disabled>
        <displayType>input</displayType>
        <multiSelect>1</multiSelect>
        <name>applications</name>
        <number>5</number>
        <picker/>
        <prettyName>Applications</prettyName>
        <relationalStorage>0</relationalStorage>
        <separator>|</separator>
        <separators>|</separators>
        <size>80</size>
        <sort>none</sort>
        <tooltip/>
        <unmodifiable>0</unmodifiable>
        <validationMessage/>
        <validationRegExp/>
        <values/>
        <classType>com.xpn.xwiki.objects.classes.StaticListClass</classType>
      </applications>
      <appname>
        <customDisplay/>
        <disabled>0</disabled>
        <name>appname</name>
        <number>1</number>
        <prettyName>Application Name</prettyName>
        <size>30</size>
        <tooltip/>
        <unmodifiable>0</unmodifiable>
        <validationMessage/>
        <validationRegExp/>
        <classType>com.xpn.xwiki.objects.classes.StringClass</classType>
      </appname>
      <appprettyname>
        <disabled>0</disabled>
        <name>appprettyname</name>
        <number>12</number>
        <prettyName>Application Pretty Name</prettyName>
        <size>30</size>
        <unmodifiable>0</unmodifiable>
        <classType>com.xpn.xwiki.objects.classes.StringClass</classType>
      </appprettyname>
      <appversion>
        <customDisplay/>
        <disabled>0</disabled>
        <name>appversion</name>
        <number>3</number>
        <prettyName>Application Version</prettyName>
        <size>30</size>
        <tooltip/>
        <unmodifiable>0</unmodifiable>
        <validationMessage/>
        <validationRegExp/>
        <classType>com.xpn.xwiki.objects.classes.StringClass</classType>
      </appversion>
      <dependencies>
        <cache>0</cache>
        <customDisplay/>
        <disabled>0</disabled>
        <displayType>input</displayType>
        <multiSelect>1</multiSelect>
        <name>dependencies</name>
        <number>4</number>
        <picker/>
        <prettyName>Dependencies</prettyName>
        <relationalStorage>0</relationalStorage>
        <separator>|</separator>
        <separators>|</separators>
        <size>80</size>
        <sort>none</sort>
        <tooltip/>
        <unmodifiable>0</unmodifiable>
        <validationMessage/>
        <validationRegExp/>
        <values/>
        <classType>com.xpn.xwiki.objects.classes.StaticListClass</classType>
      </dependencies>
      <description>
        <contenttype>FullyRenderedText</contenttype>
        <customDisplay/>
        <disabled>0</disabled>
        <editor>---</editor>
        <name>description</name>
        <number>2</number>
        <prettyName>Description</prettyName>
        <rows>5</rows>
        <size>40</size>
        <tooltip/>
        <unmodifiable>0</unmodifiable>
        <validationMessage/>
        <validationRegExp/>
        <classType>com.xpn.xwiki.objects.classes.TextAreaClass</classType>
      </description>
      <docstoinclude>
        <cache>0</cache>
        <customDisplay/>
        <disabled>0</disabled>
        <displayType>input</displayType>
        <multiSelect>1</multiSelect>
        <name>docstoinclude</name>
        <number>7</number>
        <picker/>
        <prettyName>Documents to include</prettyName>
        <relationalStorage>0</relationalStorage>
        <separator>|</separator>
        <separators>|</separators>
        <size>80</size>
        <sort>none</sort>
        <tooltip/>
        <unmodifiable>0</unmodifiable>
        <validationMessage/>
        <validationRegExp/>
        <values/>
        <classType>com.xpn.xwiki.objects.classes.StaticListClass</classType>
      </docstoinclude>
      <docstolink>
        <cache>0</cache>
        <customDisplay/>
        <disabled>0</disabled>
        <displayType>input</displayType>
        <multiSelect>1</multiSelect>
        <name>docstolink</name>
        <number>8</number>
        <picker/>
        <prettyName>Documents to link</prettyName>
        <relationalStorage>0</relationalStorage>
        <separator>|</separator>
        <separators>|</separators>
        <size>80</size>
        <sort>none</sort>
        <tooltip/>
        <unmodifiable>0</unmodifiable>
        <validationMessage/>
        <validationRegExp/>
        <values/>
        <classType>com.xpn.xwiki.objects.classes.StaticListClass</classType>
      </docstolink>
      <documents>
        <cache>0</cache>
        <customDisplay/>
        <disabled>0</disabled>
        <displayType>input</displayType>
        <multiSelect>1</multiSelect>
        <name>documents</name>
        <number>6</number>
        <picker/>
        <prettyName>Documents</prettyName>
        <relationalStorage>0</relationalStorage>
        <separator>|</separator>
        <separators>|</separators>
        <size>80</size>
        <sort>none</sort>
        <tooltip/>
        <unmodifiable>0</unmodifiable>
        <validationMessage/>
        <validationRegExp/>
        <values/>
        <classType>com.xpn.xwiki.objects.classes.StaticListClass</classType>
      </documents>
      <license>
        <disabled>0</disabled>
        <name>license</name>
        <number>11</number>
        <prettyName>License</prettyName>
        <size>30</size>
        <unmodifiable>0</unmodifiable>
        <classType>com.xpn.xwiki.objects.classes.StringClass</classType>
      </license>
      <translationdocs>
        <cache>0</cache>
        <customDisplay/>
        <disabled>0</disabled>
        <displayType>input</displayType>
        <multiSelect>1</multiSelect>
        <name>translationdocs</name>
        <number>9</number>
        <picker/>
        <prettyName>Translations documents</prettyName>
        <relationalStorage>0</relationalStorage>
        <separator>|</separator>
        <separators>|</separators>
        <size>80</size>
        <sort>none</sort>
        <tooltip/>
        <unmodifiable>0</unmodifiable>
        <validationMessage/>
        <validationRegExp/>
        <values/>
        <classType>com.xpn.xwiki.objects.classes.StaticListClass</classType>
      </translationdocs>
    </class>
    <name>XApp.XWikiApplicationXapp</name>
    <number>0</number>
    <className>XAppClasses.XWikiApplicationClass</className>
    <guid>7972b2f6-8281-4091-ad67-1cfbcad93aa7</guid>
    <property>
      <appauthors>XWiki development team</appauthors>
    </property>
    <property>
      <applications>
        <value>XWikiApplicationClass</value>
      </applications>
    </property>
    <property>
      <appname>xapp</appname>
    </property>
    <property>
      <appprettyname>Application Manager</appprettyname>
    </property>
    <property>
      <appversion>3.4</appversion>
    </property>
    <property>
      <dependencies>
        <value>applicationmanager</value>
      </dependencies>
    </property>
    <property>
      <description>Application to manage applications.</description>
    </property>
    <property>
      <docstoinclude>
        <value>[XAppManager.%]</value>
        <value>[XAppResources.Web%]</value>
        <value>[XAppCode.%]</value>
        <value>[XApp.WebPreferences]</value>
        <value>[XApp.WebHome]</value>
      </docstoinclude>
    </property>
    <property>
      <docstolink/>
    </property>
    <property>
      <documents>
        <value>[XAppManager.%]</value>
        <value>[XAppResources.%]</value>
        <value>[XAppCode.%]</value>
        <value>[XApp.WebPreferences]</value>
        <value>[XApp.WebHome]</value>
      </documents>
    </property>
    <property>
      <license>LGPL</license>
    </property>
    <property>
      <translationdocs/>
    </property>
  </object>
  <content>#includeForm("XAppSheets.XWikiApplicationClassSheet")</content>
</xwikidoc>
