<?xml version="1.0" encoding="UTF-8"?>

<!--
 * See the NOTICE file distributed with this work for additional
 * information regarding copyright ownership.
 *
 * This is free software; you can redistribute it and/or modify it
 * under the terms of the GNU Lesser General Public License as
 * published by the Free Software Foundation; either version 2.1 of
 * the License, or (at your option) any later version.
 *
 * This software is distributed in the hope that it will be useful,
 * but WITHOUT ANY WARRANTY; without even the implied warranty of
 * MERCHANTABILITY or FITNESS FOR A PARTICULAR PURPOSE. See the GNU
 * Lesser General Public License for more details.
 *
 * You should have received a copy of the GNU Lesser General Public
 * License along with this software; if not, write to the Free
 * Software Foundation, Inc., 51 Franklin St, Fifth Floor, Boston, MA
 * 02110-1301 USA, or see the FSF site: http://www.fsf.org.
-->

<xwikidoc>
  <web>XAppResources</web>
  <name>Translations</name>
  <language>cs</language>
  <defaultLanguage>en</defaultLanguage>
  <translation>1</translation>
  <parent>XAppResources.WebHome</parent>
  <creator>xwiki:XWiki.Admin</creator>
  <author>xwiki:XWiki.Admin</author>
  <customClass/>
  <contentAuthor>xwiki:XWiki.Admin</contentAuthor>
  <creationDate>1192218584000</creationDate>
  <date>1357298547000</date>
  <contentUpdateDate>1357298544000</contentUpdateDate>
  <version>1.1</version>
  <title/>
  <template/>
  <defaultTemplate/>
  <validationScript/>
  <comment/>
  <minorEdit>false</minorEdit>
  <syntaxId>xwiki/2.0</syntaxId>
  <hidden>true</hidden>
  <content>## XWiki Translation for language cs generated from http://www.l10n.xwiki.org
xapp.action.exportrecurse=Export
xapp.action.reloadapp=Aktualizace
xapp.answer.deleteapp.msg=Opravdu chcete smazat aplikaci "{0}" ?
xapp.answer.deleteapp.title=Smazání aplikace "{0}"
xapp.answer.exportapp.title=Export aplikace "{0}"
xapp.answer.exportapp.withdetails=Včetně historie
xapp.appmanager=Správce aplikací
xapp.appname=Název aplikace
xapp.availablefilestoimport=Dostupné soubory pro import
xapp.createapplication=Vytvořit novou aplikaci
xapp.description=Popis
xapp.docname=Název dokumentu
xapp.errorcreateapp=Došlo k chybě při vytváření aplikace "{0}" (kód "{1}").
xapp.errorcreateapp.ERROR_AM_APPDOCALREADYEXISTS=Aplikace "{0}" již existuje. Zvolte jiný název.
xapp.errordeleteapp=Došlo k chybě při mazání aplikace "{0}" (kód "{1}").
xapp.errorexportapp=Došlo k chybě při exportu aplikace "{0}" (kód "{1}").
xapp.errorimportapp=Došlo k chybě při importu aplikace "{0}" (kód "{1}").
xapp.errorreloadapp=Došlo k chybě při reloadu aplikace "{0}" (kód "{1}").
xapp.legend.application=Aplikace
xapp.legend.validate=Potvrdit
xapp.pluginnotenabled=Zásuvný modul správce aplikace není povolen. Tato stránka nebude pracovat správně. Ujistěte se, že "com.xpn.xwiki.plugin.applicationmanager.ApplicationManagerPlugin" je uveden mezi xwiki.plugins v xwiki.cfg souboru.
xapp.successcreateapp=Aplikace "{0}" byla vytvořena. Přístup k ní je na [{1}].
xapp.successdeleteapp=Úspěšné smazání aplikace "{0}".
xapp.successexportapp=Úspěšný export aplikace "{0}".
xapp.successimportapp=Úspěšný import aplikace "{0}".
xapp.successreloadapp=Úspěšný reload aplikace "{0}".
xapp.totalnumberofapp=Celkový počet aplikací
</content>
</xwikidoc>
