<?xml version="1.0" encoding="UTF-8"?>

<!--
 * See the NOTICE file distributed with this work for additional
 * information regarding copyright ownership.
 *
 * This is free software; you can redistribute it and/or modify it
 * under the terms of the GNU Lesser General Public License as
 * published by the Free Software Foundation; either version 2.1 of
 * the License, or (at your option) any later version.
 *
 * This software is distributed in the hope that it will be useful,
 * but WITHOUT ANY WARRANTY; without even the implied warranty of
 * MERCHANTABILITY or FITNESS FOR A PARTICULAR PURPOSE. See the GNU
 * Lesser General Public License for more details.
 *
 * You should have received a copy of the GNU Lesser General Public
 * License along with this software; if not, write to the Free
 * Software Foundation, Inc., 51 Franklin St, Fifth Floor, Boston, MA
 * 02110-1301 USA, or see the FSF site: http://www.fsf.org.
-->

<xwikidoc version="1.1">
  <web>Blog</web>
  <name>BlogSheet</name>
  <language/>
  <defaultLanguage/>
  <translation>0</translation>
  <creator>xwiki:XWiki.Admin</creator>
  <creationDate>1227130326000</creationDate>
  <parent>Blog.WebHome</parent>
  <author>xwiki:XWiki.Admin</author>
  <contentAuthor>xwiki:XWiki.Admin</contentAuthor>
  <date>1227680870000</date>
  <contentUpdateDate>1227680870000</contentUpdateDate>
  <version>1.1</version>
  <title>#evaluate($!{doc.getValue('title')})</title>
  <comment/>
  <minorEdit>false</minorEdit>
  <syntaxId>xwiki/2.1</syntaxId>
  <hidden>true</hidden>
  <content>{{include reference="Blog.BlogCode"/}}

{{velocity}}
{{html clean="false" wiki="true"}}
##
##
##
#showBlogInfo($doc)
## Keep testing the inline action for backward compatibility with older blog posts.
#if($xcontext.action != 'edit' &amp;&amp; $xcontext.action != 'inline')
  #printBlog($doc)
#end
{{/html}}
{{/velocity}}</content>
</xwikidoc>
