<?xml version="1.0" encoding="UTF-8"?>

<!--
 * See the NOTICE file distributed with this work for additional
 * information regarding copyright ownership.
 *
 * This is free software; you can redistribute it and/or modify it
 * under the terms of the GNU Lesser General Public License as
 * published by the Free Software Foundation; either version 2.1 of
 * the License, or (at your option) any later version.
 *
 * This software is distributed in the hope that it will be useful,
 * but WITHOUT ANY WARRANTY; without even the implied warranty of
 * MERCHANTABILITY or FITNESS FOR A PARTICULAR PURPOSE. See the GNU
 * Lesser General Public License for more details.
 *
 * You should have received a copy of the GNU Lesser General Public
 * License along with this software; if not, write to the Free
 * Software Foundation, Inc., 51 Franklin St, Fifth Floor, Boston, MA
 * 02110-1301 USA, or see the FSF site: http://www.fsf.org.
-->

<xwikidoc>
  <web>XAppManager</web>
  <name>WebHome</name>
  <language/>
  <defaultLanguage/>
  <translation>0</translation>
  <parent>Main.WebHome</parent>
  <creator>xwiki:XWiki.Admin</creator>
  <author>xwiki:XWiki.Admin</author>
  <customClass/>
  <contentAuthor>xwiki:XWiki.Admin</contentAuthor>
  <creationDate>1192218584000</creationDate>
  <date>1319471115000</date>
  <contentUpdateDate>1319471115000</contentUpdateDate>
  <version>1.1</version>
  <title/>
  <template/>
  <defaultTemplate/>
  <validationScript/>
  <comment/>
  <minorEdit>false</minorEdit>
  <syntaxId>xwiki/1.0</syntaxId>
  <hidden>true</hidden>
  <content>#set($AppManager = $services.applicationmanager)
#if(!$AppManager)
  #error($services.localization.render('xapp.pluginnotenabled'))
#end
##
#set($Exception = $AppManager.DefaultException)
##
#set($action = $request.getParameter("action"))
#set($confirm = $request.getParameter("confirm"))
##
#set($appname = $request.getParameter("appname"))
#set($packagename = $request.getParameter("packagename"))
#set($recurse = $request.getParameter("recurse"))
#set($withversion = $request.getParameter("withversion"))
##
$xwiki.jsfx.use('js/xwiki/table/tablefilterNsort.js', true)##
$xwiki.ssfx.use('js/xwiki/table/table.css', true)##
##
#############################################################################
##
#if($action)
  #if($action == "delete")
    #includeInContext("XAppCode.DeleteAppCode")
  #elseif($action == "export")
    #includeInContext("XAppCode.ExportAppCode")
  #elseif($action == "import")
    #includeInContext("XAppCode.ImportAppCode")
  #elseif($action == "reload")
    #includeInContext("XAppCode.ReloadAppCode")
  #end
#end
##
#############################################################################
##
1 $services.localization.render('xapp.appmanager')
##
#set($listApp = $AppManager.getApplicationDocumentList())
##
$services.localization.render('xapp.totalnumberofapp'): $listApp.size()
\\
[$services.localization.render('xapp.createapplication')&gt;XAppManager.CreateApplication]
##
#if($listApp.size() &gt; 0)
  &lt;table id="wikiTable" class="grid sortable filterable doOddEven"&gt;
    &lt;tr class="sortHeader"&gt;
      &lt;th scope="col"&gt;$services.localization.render('xapp.appname')&lt;/th&gt;
      &lt;th scope="col"&gt;$services.localization.render('version')&lt;/th&gt;
      &lt;th scope="col"&gt;$services.localization.render('xapp.description')&lt;/th&gt;
      &lt;th scope="col" class="unsortable noFilter"&gt;$services.localization.render('more')&lt;/th&gt;
    &lt;/tr&gt;
    #foreach($app in $listApp)
      &lt;tr&gt;
        &lt;td&gt;[#if($app.appprettyname &amp;&amp; $app.appprettyname.trim() != "")$app.appprettyname ($app.appname)#else$app.appname#end&gt;$app.getFullName()]&lt;/td&gt;
        &lt;td&gt;$app.appversion&lt;/td&gt;
        &lt;td&gt;$app.description&lt;/td&gt;
        &lt;td&gt;&lt;a href="$doc.getURL("view", "action=delete&amp;amp;appname=$app.appname")"&gt;$services.localization.render('delete')&lt;/a&gt; &lt;a href="$doc.getURL("view", "action=export&amp;amp;appname=$app.appname")"&gt;$services.localization.render('xapp.action.exportrecurse')&lt;/a&gt; &lt;a href="$doc.getURL("view", "action=reload&amp;amp;appname=$app.appname")"&gt;$services.localization.render('xapp.action.reloadapp')&lt;/a&gt; &lt;a href="$app.getURL("inline")"&gt;$services.localization.render('edit')&lt;/a&gt;&lt;/td&gt;
      &lt;/tr&gt;
    #end
  &lt;/table&gt;
#end
##
#############################################################################
##
#if($xcontext.hasAdminRights())
  1.1 $services.localization.render('xapp.availablefilestoimport')
  ##
  #set($listpackage=$doc.getAttachmentList())
  #foreach ($package in $listpackage)
  - [$package.getFilename()&gt;?action=import&amp;amp;packagename=$package.getFilename()]
  #end
#end</content>
</xwikidoc>
