<?xml version="1.0" encoding="UTF-8"?>

<!--
 * See the NOTICE file distributed with this work for additional
 * information regarding copyright ownership.
 *
 * This is free software; you can redistribute it and/or modify it
 * under the terms of the GNU Lesser General Public License as
 * published by the Free Software Foundation; either version 2.1 of
 * the License, or (at your option) any later version.
 *
 * This software is distributed in the hope that it will be useful,
 * but WITHOUT ANY WARRANTY; without even the implied warranty of
 * MERCHANTABILITY or FITNESS FOR A PARTICULAR PURPOSE. See the GNU
 * Lesser General Public License for more details.
 *
 * You should have received a copy of the GNU Lesser General Public
 * License along with this software; if not, write to the Free
 * Software Foundation, Inc., 51 Franklin St, Fifth Floor, Boston, MA
 * 02110-1301 USA, or see the FSF site: http://www.fsf.org.
-->

<xwikidoc>
  <web>AnnotationCode</web>
  <name>Translations</name>
  <language>lv</language>
  <defaultLanguage>en</defaultLanguage>
  <translation>1</translation>
  <parent>AnnotationCode.WebHome</parent>
  <creator>xwiki:XWiki.Admin</creator>
  <author>xwiki:XWiki.Admin</author>
  <customClass/>
  <contentAuthor>xwiki:XWiki.Admin</contentAuthor>
  <creationDate>1264862667000</creationDate>
  <date>1271949711000</date>
  <contentUpdateDate>1271949711000</contentUpdateDate>
  <version>1.1</version>
  <title/>
  <template/>
  <defaultTemplate/>
  <validationScript/>
  <comment/>
  <minorEdit>false</minorEdit>
  <syntaxId>plain/1.0</syntaxId>
  <hidden>true</hidden>
  <content>## XWiki Translation for language lv generated from http://www.l10n.xwiki.org
AnnotationCode.AnnotationConfig_activated=Anotācijas ir ieslēgtas
AnnotationCode.AnnotationConfig_annotationClass=XWiki klase, kas nosaka anotācijas struktūru
AnnotationCode.AnnotationConfig_displayHighlight=Izgaismot anotāciju pēc noklusēšanas
AnnotationCode.AnnotationConfig_displayed=Parādīt anotācijas pēc noklusēšanas
AnnotationCode.AnnotationConfig_exceptionSpaces=Izņemot sekojošās vietās
admin.annotations=Anotācijas
annotations.action.create.cancel.text=Atcelt
annotations.action.create.error.notarget=Nav norādīts mērķa dokuments, kuram pievienot anotāciju.
annotations.action.create.error.unauthorized=Jums nav tiesību pievienot šim dokumentam anotāciju.
annotations.action.create.error.unauthorizedguest=Jums nav tiesību pievienot šim dokumentam anotāciju. Mēģiniet vispirms pieteikties.
annotations.action.create.error.wrongsyntax=Dokumentā ar XWiki/1.0 sintaksi anotācijas nevar izmantot.
annotations.action.create.form.loaderror=Neizdevās\:
annotations.action.create.helpmessage=Lai anotētu kādu tekstu, iezīmējiet to un spiediet {0}.
annotations.action.create.loaderror=Neizdevās\:
annotations.action.create.selection.invalid=Lūdzu iezīmējiet netukšu tekstu dokumenta saturā.
annotations.action.create.submit.text=Pievienot anotāciju
annotations.action.create.success=Anotācija ir veiksmīgi pievienota
annotations.action.delete.confirm=Vai tiešām vēlaties dzēst šo anotāciju?
annotations.action.delete.done=Anotācija ir izdzēsta
annotations.action.delete.failed=Neizdevās izdzēst anotāciju\:
annotations.action.delete.inProgress=Dzēšu anotāciju...
annotations.action.delete.text=[Dzēst]
annotations.action.delete.tooltip=Dzēst šo anotāciju
annotations.action.edit.cancel.text=Atcelt
annotations.action.edit.error.notfound=Šī anotācija vairs nepastāv. Mēģiniet pārlādēt lapu, lai redzētu tās aktuālo saturu.
annotations.action.edit.loaderror=Neizdevās\:
annotations.action.edit.submit.text=Atjaunot
annotations.action.edit.success=Anotācija ir veiksmīgi atjaunota
annotations.action.edit.text=[Mainīt]
annotations.action.edit.tooltip=Mainīt šo anotāciju
annotations.action.validate.loaderror=Neizdevās\:
annotations.action.validate.success=Anotācija ir veismīgi validēta.
annotations.action.validate.text=[Validēt]
annotations.action.validate.tooltip=Validēt izvēlētā teksta anotācijas automātisko atjaunošanu.
annotations.action.view.error.notfound=Šī anotācija vairs nepastāv. Lūdzu atjaunojiet lapas saturu.
annotations.action.view.form.loaderror=Neizdevās\:
annotations.action.view.hide.text=slēpt
annotations.action.view.thread=Skatīt pavedienu
annotations.altered.text=Šo anotāciju nevar parādīt, jo teksts, kuram tā bija pievienota dokumentā vairs nav atrasts.
annotations.annotated.error.noannotatedelement=Anotācijas nevarēja ielādēt, jo vairs nav pieejams saturs.
annotations.annotated.error.wrongsyntax=Anotācijas nevar izmantot dokumentā ar XWiki/1.0 sintaksi.
annotations.annotated.loaderror=Neizdevās\:
annotations.annotated.loaderror.wrongresponse=Nepareizi noformēta servera atbilde
annotations.annotated.loading=Ielādē anotēto dokumentu
annotations.config.activate.explanation=Sekojošie divi iestatījumi ļauj noteikt, kur anotācijas ir aktīvas. Pirmajā iestatījumā norāda vispārīgo likumu, bet otrajā norāda izņēmumus, kur pirmo likumu nevajag pielietot. Piemēram, izmantot "jā" un izņēmumu vieta  "XWiki" un "Main" norāda, ka anotācijas varēs izmantot visur, izņemot "XWiki" un "Main" vietas. Ja izmantot ir norādīts kā "nē", un izņēmumi ir "Documents" vieta, tas nozīmē, ka anotācijas varēs izmantot tikai dokumentiem "Documents" vietā.
annotations.config.activate.title=Anotāciju izmantošanas iestatījumi
annotations.config.display.title=Anotāciju attēlošanas iestatījumi
annotations.config.title=Anotāciju pārvaldības panelis
annotations.config.type.explanation=Pievienojiet šai klasei papildu īpašības, ja vēlaties papildināt anotāciju īpašības.
annotations.config.type.title=Anotāciju veida iestatījumi
annotations.filters.anyvalue=jebkura vērtība
annotations.filters.clearvalue=attīrīt
annotations.filters.nooption=Nav vērtību pēc kurām filtrēt "{0}"
annotations.filters.show=Detalizēt attēlošanas nosacījumus
annotations.menu.loaderror=Neizdevās\:
annotations.menu.loading=Ielādē anotāciju iestatījums
annotations.settings.display=Rādīt anotācijas
annotations.settings.error.notarget=Nav norādīts dokuments, kuram rādīt anotācijas.
annotations.settings.error.wrongsyntax=Dokumentam ar XWiki/1.0 sintaksi anotācijas nevar izmantot.
annotations.tab.info.noannotations=Šim dokumentam nav anotāciju
annotations.title=Anotācijas
annotations.updated.text=Šī anotācija tika automātiski pārvietota pēc dokumenta izmaiņām. Sākotnēji bija\:
</content>
</xwikidoc>
