<?xml version="1.0" encoding="UTF-8"?>

<!--
 * See the NOTICE file distributed with this work for additional
 * information regarding copyright ownership.
 *
 * This is free software; you can redistribute it and/or modify it
 * under the terms of the GNU Lesser General Public License as
 * published by the Free Software Foundation; either version 2.1 of
 * the License, or (at your option) any later version.
 *
 * This software is distributed in the hope that it will be useful,
 * but WITHOUT ANY WARRANTY; without even the implied warranty of
 * MERCHANTABILITY or FITNESS FOR A PARTICULAR PURPOSE. See the GNU
 * Lesser General Public License for more details.
 *
 * You should have received a copy of the GNU Lesser General Public
 * License along with this software; if not, write to the Free
 * Software Foundation, Inc., 51 Franklin St, Fifth Floor, Boston, MA
 * 02110-1301 USA, or see the FSF site: http://www.fsf.org.
-->

<xwikidoc>
  <web>AnnotationCode</web>
  <name>Translations</name>
  <language>da</language>
  <defaultLanguage>en</defaultLanguage>
  <translation>1</translation>
  <parent>AnnotationCode.WebHome</parent>
  <creator>xwiki:XWiki.Admin</creator>
  <author>xwiki:XWiki.Admin</author>
  <customClass/>
  <contentAuthor>xwiki:XWiki.Admin</contentAuthor>
  <creationDate>1264862667000</creationDate>
  <date>1271949711000</date>
  <contentUpdateDate>1271949711000</contentUpdateDate>
  <version>1.1</version>
  <title/>
  <template/>
  <defaultTemplate/>
  <validationScript/>
  <comment/>
  <minorEdit>false</minorEdit>
  <syntaxId>plain/1.0</syntaxId>
  <hidden>true</hidden>
  <content>## XWiki Translation for language da generated from http://www.l10n.xwiki.org
AnnotationCode.AnnotationConfig_activated=Annotering er aktiv
AnnotationCode.AnnotationConfig_annotationClass=XWiki-klasse, der definerer annoteringsstruktur
AnnotationCode.AnnotationConfig_displayHighlight=Vis annoterings-markeringer som standard
AnnotationCode.AnnotationConfig_displayed=Vis annoteringer som standard
AnnotationCode.AnnotationConfig_exceptionSpaces=Undtagen de følgende områder
admin.annotations=Annotationer
annotations.action.create.cancel.text=Afbryd
annotations.action.create.error.notarget=Uspecificeret side (dokument) der oprettes annoteringer for.
annotations.action.create.error.unauthorized=Du har ikke rettigheder til at tilføje annotationer til dette dokument.
annotations.action.create.error.unauthorizedguest=Du har ikke rettigheder til at tilføje annotationer til dette dokument. Prøv at logge ind først.
annotations.action.create.error.wrongsyntax=Annotationer er ikke mulige for dokumenter skrevet i XWiki/1.0 syntaks.
annotations.action.create.form.loaderror=Fejl\:
annotations.action.create.helpmessage=For at annotere en tekst, fremhæv det og tryk {0}.
annotations.action.create.loaderror=Fejlede\:
annotations.action.create.selection.invalid=Vælg en tekst inde i dokumentet.
annotations.action.create.submit.text=TIlføj annotation
annotations.action.create.success=Annotationen er tilføjet
annotations.action.delete.confirm=Er du sikker på du vil fjerne annotationen?
annotations.action.delete.done=Annotation fjernet
annotations.action.delete.failed=Kunne ikke fjerne annotation
annotations.action.delete.inProgress=Fjerner annotation...
annotations.action.delete.text=[Fjern]
annotations.action.delete.tooltip=Fjern denne annotation
annotations.action.edit.cancel.text=Afbryd
annotations.action.edit.error.notfound=Denne annotation findes ikke længere. Indlæs siden igen for at få opdateret visning.
annotations.action.edit.loaderror=Fejlede\:
annotations.action.edit.submit.text=Opdatér
annotations.action.edit.success=Annotationen er opdateret.
annotations.action.edit.text=[Ret]
annotations.action.edit.tooltip=Ret denne annotation
annotations.action.validate.loaderror=Fejlede\:
annotations.action.validate.success=Annotation er blevet kontrolleret.
annotations.action.validate.text=[Kontrollér]
annotations.action.validate.tooltip=Kontrollerer den automatiske opdatering af den tekst, der er annoteret.
annotations.action.view.error.notfound=Denne annotation findes ikke længere. Genindlæs side for opdateret visning.
annotations.action.view.form.loaderror=Fejlede\:
annotations.action.view.hide.text=gem
annotations.action.view.thread=Se tråd
annotations.altered.text=Denne annotation kan ikke vises, fordi den annoterede tekst ikke findes i dokumentet\:
annotations.annotated.error.noannotatedelement=Annotationer kunne ikke indlæses fordi indholdet ikke er tilgængeligt.
annotations.annotated.error.wrongsyntax=Annotationer kan ikke anvendes i dokumenter i XWiki/1.0 syntaks.
annotations.annotated.loaderror=Fejlede\:
annotations.annotated.loaderror.wrongresponse=Forkert formet på svar fra server
annotations.annotated.loading=Indlæsere dokument med annotationer
annotations.config.activate.explanation=De følgende to indstillinger kan du bruge til at angive i hvilke områder annotationer er aktive. Den første indstilling angiver den generelle regel, mens den anden angiver de områder, hvor reglen ikke skal anvendes. F.eks. aktiveret "ja" og undtagelserne "XWiki" og "Main" betyder at annotationer er aktive for alle områder, undtagen "XWiki" og "Main" - mens aktiv "nej" og undtagelsen "Documents" betyder at annotationer kun er aktive for "Documents"-området.
annotations.config.activate.title=Annotations aktiv-indstillinger
annotations.config.display.title=Annotations visnings-indstillinger
annotations.config.title=Konfigurationspanel for Annotationer
annotations.config.type.explanation=Tilføj egenskaber til denne klasse, hvis du ønsker ekstra egenskaber til dine annotationer.
annotations.config.type.title=Annotationstype-indstillinger
annotations.filters.anyvalue=alle værdier
annotations.filters.clearvalue=slet
annotations.filters.nooption=Der er ingen værdier for filter "{0}"
annotations.filters.show=Stram visnings-kriterier
annotations.menu.loaderror=Fejlede\:
annotations.menu.loading=Indlæser annotations-indstillinger
annotations.settings.display=Vis annotationer
annotations.settings.error.notarget=Ingen dokumenter er angivet for annotations-visning.
annotations.settings.error.wrongsyntax=Annotationer er ikke mulige i dokumenter i XWiki/1.0 syntaks.
annotations.tab.info.noannotations=Ingen annotationer til dette dokument
annotations.title=Annotationer
annotations.updated.text=Denne annotation var flyttet automatisk efter at dokumentet blev opdateret. Oprindelig\: 
</content>
</xwikidoc>
